timestamp,min_lum,mean_lum,max_lum,diff_lum,amp_rms,amp_peak,ebu_r128_M
0.0,15,34.6115,43,0.0,-inf,-inf,-120.691
0.033367,15,34.6138,43,0.355324,-inf,-inf,-120.691
0.066733,15,34.6215,43,0.350896,-64.64443706159472,-75.74286103093799,-120.691
0.1001,15,34.5703,43,0.367678,-59.88680416190119,-70.44110388858161,-120.691
0.133467,15,34.5757,43,0.418704,-57.09179349060141,-67.97969098926546,-120.691
0.166833,15,34.6001,44,0.418128,-47.6605978705353,-59.18559704302991,-120.691
0.2002,15,34.5881,43,0.41823,-44.80632826592603,-54.819923754886794,-120.57373000000001
0.233567,15,34.576,43,0.393964,-51.88921130242805,-60.535610818224434,-101.00898955000001
0.266933,15,34.5871,43,0.384725,-56.001336555149294,-64.5114467397928,-81.44483545000001
0.3003,15,34.5989,43,0.31347,-53.782668287113864,-62.11816091337365,-62.04391
0.333667,15,34.5894,43,0.307201,-55.4757296835888,-62.74155103501617,-60.6992199
0.367033,15,34.6115,43,0.30078,-49.44861425256645,-60.857458552289884,-59.354570100000004
0.4004,15,34.5867,43,0.259048,-43.49561483152862,-54.106407525805096,-58.02226400000001
0.433767,15,34.5959,43,0.278794,-43.873128948436694,-54.393230428725445,-57.71061622
0.467133,14,34.5626,44,0.293561,-48.19445027581681,-56.30917982946608,-57.39897778
0.5005,11,123.955,195,89.4005,-48.3328422001125,-55.694761374677725,-57.063215
0.533867,11,123.955,195,0.000112847,-47.119916984812974,-55.7428507856942,-55.14227681
0.567233,11,124.101,195,0.163701,-47.519637171283925,-54.92456333403647,-53.22139619
0.6006,10,126.557,210,2.69141,-46.93977811460578,-55.55541188173806,-51.32393
0.633967,9,129.324,214,3.41266,-35.67959761032204,-46.459895020953454,-50.70830885
0.667333,9,130.577,227,1.65544,-35.907857323146146,-46.34739717615074,-50.092706150000005
0.7007,9,130.615,227,0.299009,-39.05546592251441,-47.09509362790044,-49.470204
0.734067,10,130.662,255,0.551679,-41.25626732708353,-47.83813517680697,-48.52658524
0.767433,10,130.743,255,0.402456,-41.447506334692726,-46.98984602601603,-47.58299476
0.8008,10,130.768,255,0.943834,-39.507042023624265,-46.02999498392238,-46.6492
0.834167,10,130.803,255,0.828081,-35.1703408356068,-45.15863996456194,-46.115328
0.867533,10,130.843,255,0.178605,-32.76949857129464,-42.89396298509421,-45.581472
0.9009,10,130.837,255,0.691732,-33.87385051216426,-43.435214939202176,-45.012518
0.934267,9,130.616,255,1.31476,-35.3866508832849,-43.76476836814475,-43.178000340000004
0.967633,8,130.791,255,1.86839,-34.751285307082924,-42.92978157361834,-41.34353766
1.001,8,130.764,255,0.607656,-32.755159419986875,-42.196302675119526,-39.50940000000001
1.034367,8,130.765,255,0.0573958,-35.30678873669901,-43.02415604406319,-37.6875618
1.067733,8,130.61,255,0.539232,-22.372480617915905,-33.57573115295551,-35.8657782
1.1011,8,130.542,255,0.654765,-18.12202079866873,-26.128579927576993,-34.096267
1.134467,8,130.47,255,0.770775,-19.057157231800467,-26.344451441428742,-33.86169699
1.167833,8,130.466,255,0.605824,-19.88584033291146,-28.243383607321995,-33.627134010000006
1.2012,8,130.467,255,0.139571,-25.590788610837677,-31.926460735245865,-33.395084000000004
1.234567,8,130.481,255,0.534757,-23.681905576571516,-31.966273087470118,-33.23058469
1.267933,8,130.484,255,0.442207,-25.215989942530353,-32.3446735794778,-33.06609031
1.3013,8,130.491,255,0.485527,-26.023961549992958,-32.92712673027703,-32.907974
1.334667,8,130.596,255,0.90873,-24.080026783996622,-32.05890755702433,-32.90730666
1.368033,8,130.592,255,0.0370345,-27.27801939692507,-35.288876892472096,-32.90663934
1.4014,8,130.605,255,0.6151,-26.002312020390942,-33.1836195599775,-32.925754
1.434767,8,130.631,255,0.749686,-24.559367691665884,-31.980192537733192,-33.39656237
1.468133,8,130.663,255,0.7833,-23.198328188299822,-33.07622832344255,-33.867356629999996
1.5015,8,130.672,255,0.618913,-24.772801742429916,-33.149624335380146,-34.30965
1.534867,8,130.668,255,0.162615,-22.922777616697132,-34.182085731167675,-34.1461517
1.568233,8,130.669,255,0.160316,-22.18943178522547,-30.619082478953793,-33.9826583
1.6016,8,130.672,255,0.338282,-21.638403352364858,-30.6989757061829,-33.82628
1.634967,8,130.666,255,0.144415,-23.809767228930344,-32.3069009567826,-33.81126485
1.668333,8,130.66,255,0.0802116,-25.596601821309708,-33.95376582684105,-33.79625015
1.7017,8,130.672,255,0.204567,-24.979021439954998,-33.53796347679759,-33.792693
1.735067,8,130.674,255,0.0535601,-24.284183451788298,-34.39461904579758,-34.002571429999996
1.768433,8,130.664,255,0.210039,-28.913293104246733,-38.28492748364113,-34.21244357
1.8018,9,129.714,255,1.32655,-30.603155948249192,-38.18925617709652,-34.433914
1.835167,9,129.574,255,1.03539,-29.249171119064357,-38.30926783377865,-34.85867591
1.868533,9,129.573,255,0.0165343,-31.3780559889842,-39.33539829667651,-35.28342509
1.9019,9,129.283,255,1.64775,-31.60393627009798,-39.72568500834388,-35.704843
1.935267,2,129.096,255,2.61109,-31.258955300520324,-39.269139304176626,-36.07087899
1.968633,8,129.151,255,1.00018,-25.414276507289163,-35.97834470960481,-36.43690401
2.002,8,129.185,255,0.822664,-22.27943499029673,-31.800792438756858,-36.7864
2.035367,8,129.184,255,0.0797569,-25.357289581634102,-35.079528250878916,-36.8764909
2.068733,8,129.184,255,0.0431814,-29.00882718183098,-35.832520580368445,-36.966579100000004
2.1021,8,129.184,255,0.00843424,-27.735194028266072,-34.04823728716074,-37.033171
2.135467,8,129.183,255,0.13813,-27.75693007574763,-35.206883652385855,-36.749885170000006
2.168833,8,129.176,255,0.180734,-29.413300589509188,-37.0892957482773,-36.46660783
2.2022,8,129.177,255,0.00675673,-28.825169077060096,-36.271819362098064,-36.201626
2.235567,8,129.174,255,0.0772114,-26.312404394271788,-33.9735914765387,-36.19595361
2.268933,8,129.172,255,0.0185395,-27.097411236430116,-34.144161751945255,-36.19028139
2.3023,8,129.172,255,0.0140603,-28.36764709023578,-34.41359892509258,-36.180653
2.335667,8,129.17,255,0.0113715,-30.51943102718665,-36.5712100906534,-36.117589370000005
2.369033,8,129.18,255,0.193951,-30.054432106595417,-36.87812642638166,-36.05452763
2.4024,9,129.17,255,0.197262,-27.0097523586763,-36.76157685253586,-36.00968
2.435767,9,129.168,255,0.09227,-22.71889095092109,-33.62719303201611,-36.1998719
2.469133,10,129.154,255,0.297601,-26.23037516883843,-36.033749573450805,-36.390058100000005
2.5025,10,129.145,255,0.115168,-29.478957691042048,-37.66973026873857,-36.578525
2.535867,10,129.147,255,0.0127582,-31.880099401143735,-39.27936955095156,-36.74569367
2.569233,10,129.147,255,0.0271669,-33.03016182407538,-38.99517789265457,-36.91285733
2.6026,10,129.138,255,0.233648,-31.22392971847755,-37.39307171674323,-37.075684
2.635967,10,129.139,255,0.00976671,-28.061031195753067,-36.930026311207996,-37.18712978
2.669333,10,129.137,255,0.0665831,-27.66096018112783,-35.41695996029625,-37.298572220000004
2.7027,10,129.138,255,0.0315451,-28.307445448319505,-36.29475960877513,-37.350537
2.736067,9,129.145,255,0.177538,-29.34712615047109,-37.399784370974544,-36.726907770000004
2.769433,9,129.143,255,0.0284191,-31.029382080438754,-39.318955458866526,-36.10329723
2.8028,9,129.145,255,0.0510634,-31.653506685276334,-40.06727279299677,-35.37004799999999
2.836167,9,129.134,255,0.218043,-32.81959815370553,-40.04320718506539,-33.44010071999998
2.869533,9,129.137,255,0.0299935,-19.15819404654755,-29.121364794965483,-31.510211279999986
2.9029,10,129.105,255,1.25805,-14.651243309177833,-22.48359512027748,-29.729498000000003
2.936267,10,129.12,255,0.207604,-15.114968804012562,-22.917207135236488,-29.51661654
2.969633,10,129.124,255,0.040523,-15.230712943001738,-23.326703606637242,-29.30374146
3.003,10,129.132,255,0.0940278,-19.448656878310604,-27.178230316083066,-29.09245
3.036367,10,129.132,255,0.00738932,-20.58229893887691,-28.423563719415018,-28.89725305
3.069733,10,129.133,255,0.0243338,-23.438054395959288,-30.89167365972905,-28.70206195
3.1031,10,129.128,255,0.12383,-21.263396860926207,-30.05377288872222,-28.524845
3.136467,10,129.129,255,0.0134451,-20.75929944011625,-28.80939353747715,-28.52317665
3.169833,10,129.128,255,0.0286003,-21.215595919190044,-28.60173155854504,-28.521508349999998
3.2032,10,129.128,255,0.0146148,-20.636825485210665,-28.279025203862542,-28.61846399999999
3.236567,10,129.127,255,0.010867,-22.287039455235774,-29.688570705165464,-29.64516659
3.269933,10,129.125,255,0.0128255,-24.86306114433039,-32.36439610003282,-30.671838410000003
3.3033,10,129.127,255,0.0135135,-26.840014676760106,-34.8903415265773,-31.629901000000004
3.336667,10,129.127,255,0.0127257,-23.511239685135696,-33.320620176346495,-31.962569990000002
3.370033,10,129.125,255,0.312015,-26.218735737789423,-34.45673192106497,-32.29522901
3.4034,10,129.127,255,0.0169835,-25.10351040219378,-34.348796974546474,-32.634664
3.436767,10,129.123,255,0.0805143,-26.465827208972016,-34.551713220503444,-33.03373332
3.470133,10,129.121,255,0.0404091,-27.43288464590072,-34.18022060680636,-33.432790680000004
3.5035,8,129.128,255,0.266443,-27.881666447897576,-34.58127197004637,-33.810404999999996
3.536867,8,129.125,255,0.0393598,-28.41956264894763,-36.020590701917214,-34.00493461
3.570233,8,129.13,255,0.0599978,-25.09561542961607,-33.60499224314441,-34.19945839
3.6036,8,129.129,255,0.020281,-23.185782235128684,-31.6215172076595,-34.363423999999995
3.636967,8,129.122,255,0.214883,-24.19741380916889,-32.210238297614026,-34.27466778
3.670333,8,129.125,255,0.0276172,-25.32230613490204,-32.60528143470516,-34.18591422
3.7037,8,129.121,255,0.117119,-25.039495231144233,-33.64172026400412,-34.098379
3.737067,8,129.123,255,0.0196723,-26.02055929005344,-33.48733250595295,-34.02063389
3.770433,8,129.121,255,0.0570964,-22.65406823592548,-32.57749723503488,-33.94289111
3.8038,8,129.123,255,0.0152702,-20.30145360734036,-29.674453114512,-33.897446
3.837167,8,129.124,255,0.154677,-25.822022388271712,-34.873370744761644,-34.10332039
3.870533,9,129.152,255,1.17832,-30.26190793381454,-37.75842357391954,-34.30918861
3.9039,9,129.164,255,0.0992122,-31.690892232456743,-38.457461456804,-34.531443
3.937267,9,129.163,255,0.00995443,-30.26806301574954,-38.86926978597545,-34.87745879
3.970633,9,129.164,255,0.0261719,-31.783321264051025,-39.526828927061366,-35.223464209999996
4.004,9,129.165,255,0.0203581,-27.094615677931937,-37.03816314919848,-35.60391999999999
4.037367,9,129.161,255,0.101099,-26.40462759414987,-36.52074546491348,-36.23722566
4.070733,9,129.161,255,0.00185438,-32.345875415580714,-38.851055655292015,-36.87051234
4.1041,9,129.164,255,0.108826,-32.96205638391224,-39.777551167908875,-37.351175
4.137467,9,129.161,255,0.112094,-34.426671557513835,-40.892085920877484,-36.74222725
4.170833,9,129.161,255,0.0130469,-32.75585017409647,-41.67599599957811,-36.13329775
4.2042,9,129.156,255,0.0945768,-34.015743121220545,-42.491560533961405,-35.564796
4.237567,9,129.154,255,0.0203364,-21.96626711175166,-31.356314368818087,-35.277172459999996
4.270933,9,129.153,255,0.0101465,-21.260729832231792,-28.65170835719313,-34.98955753999999
4.3043,9,129.153,255,0.00703016,-25.404877149017935,-32.46747470243284,-34.732679
4.337667,9,129.152,255,0.00686632,-26.796163932170785,-33.46985393868651,-34.683629509999996
4.371033,9,129.151,255,0.00820638,-27.69072400890639,-35.444004726480095,-34.63458149
4.4044,9,129.134,255,0.305166,-28.7132154742887,-37.15178098420287,-34.582056
4.437767,9,129.135,255,0.0110883,-27.163650145307965,-37.698456447173506,-34.50664658
4.471133,9,129.133,255,0.0689421,-26.112159819528465,-35.390578139970955,-34.43123942
4.5045,9,129.129,255,0.107772,-28.91059838117557,-37.03741378067875,-34.436515
4.537867,9,129.129,255,0.0313314,-29.837730230113042,-38.29917980115315,-34.959375890000004
4.571233,9,129.132,255,0.1611,-30.81711667713512,-38.397321716415114,-35.48222111000001
4.6046,9,129.133,255,0.0403168,-31.68347462649417,-37.904125612572074,-35.677516000000004
4.637967,9,129.12,255,0.201543,-32.30932632455234,-39.61080364957343,-33.82431282000001
4.671333,9,129.123,255,0.0229666,-21.317475951999246,-33.65208905189143,-31.971165180000018
4.7047,9,129.125,255,0.0139844,-15.424555037498818,-23.392263256632617,-30.351834000000004
4.738067,9,129.126,255,0.00988932,-15.154758325411333,-22.918502601462524,-30.15897274
4.771433,9,129.12,255,0.115137,-16.225192523108632,-23.934921583294255,-29.966117259999997
4.8048,9,129.123,255,0.191576,-18.835103253832095,-27.54752824441008,-29.759431999999997
4.838167,8,129.093,255,1.28541,-21.181791483641213,-29.50585280341244,-29.470473779999995
4.871533,8,129.1,255,0.0884223,-22.243567022781626,-30.01816338447477,-29.181524219999996
4.9049,8,129.101,255,0.00503147,-20.130596564779243,-27.996072666026077,-28.933334
4.938267,8,129.102,255,0.0129883,-19.205536679557465,-27.196036480007486,-28.92198922
4.971633,8,129.112,255,0.0831597,-21.864920013218956,-30.373520951202362,-28.91064478
5.005,8,129.12,255,0.0450326,-23.896458263254118,-31.15194172394879,-29.050699999999996
5.038367,8,129.12,255,0.0124718,-26.27337618229972,-32.493000687854504,-30.049707980000004
5.071733,8,129.117,255,0.135841,-25.966223507148552,-33.84744853466459,-31.04868602000001
5.1051,8,129.118,255,0.00979167,-24.849196480476216,-33.8631473094267,-31.950845000000005
5.138467,8,129.118,255,0.0228396,-22.577046028594197,-32.381004155486806,-32.31621365000001
5.171833,8,129.118,255,0.00676975,-25.53627320972204,-33.81090449257021,-32.681571350000006
5.2052,8,129.118,255,0.00265842,-27.71139053897711,-36.51051180963756,-33.117243999999985
5.238567,8,129.118,255,0.00166884,-29.466922193174852,-36.93919706520414,-33.93373448999999
5.271933,8,129.118,255,0.00106662,-28.866067486828545,-37.293081025499205,-34.75020050999999
5.3053,8,129.121,255,0.21897,-31.102395331505154,-38.56843230567662,-35.456133
5.338667,14,108.06,255,32.2435,-27.969887574763277,-36.52677312852723,-35.57658787
5.372033,14,108.06,255,0.0670117,-26.12828188693575,-35.41577684366944,-35.69703913
5.4054,14,108.061,255,0.0559538,-27.23410919452517,-35.647207014671416,-35.814416
5.438767,14,108.097,255,0.047423,-27.45470047925749,-35.10821416608072,-35.91585168
5.472133,14,108.173,255,0.127139,-27.145442424111703,-35.1691823131152,-36.01728432
5.5055,14,108.269,255,0.191175,-24.451685087329494,-34.58541572788638,-36.081759999999996
5.538867,14,108.328,255,0.0936773,-26.934613209149713,-35.70388396071998,-35.95896944
5.572233,14,108.397,255,0.165186,-23.41992106946982,-34.68192853775838,-35.83618256
5.6056,14,108.455,255,0.20147,-21.751518098200037,-31.185962084512976,-35.763736
5.638967,14,108.491,255,0.0817871,-26.9655293865842,-35.56913111301743,-35.94091477
5.672333,14,108.518,255,0.156299,-30.70091839767505,-38.333710907096645,-36.11808823
5.7057,14,108.522,255,0.0389106,-32.295918439694404,-39.834754683354454,-36.281131
5.739067,14,108.529,255,0.150125,-33.83294243580369,-40.43147306089158,-36.37555961
5.772433,13,108.541,255,0.211452,-35.020517314301784,-41.26613436816202,-36.469985390000005
5.8058,12,108.624,255,0.865382,-27.546098108470446,-38.29948024253504,-36.649268
5.839167,12,108.622,255,0.0375033,-26.86619203768807,-36.16358359419678,-37.23185581999999
5.872533,12,108.623,255,0.00756293,-29.52469747147612,-37.88183080359068,-37.81442617999999
5.9059,12,108.623,255,0.00642904,-32.90199705615709,-39.87409849205454,-38.272110999999995
5.939267,12,108.624,255,0.00572917,-34.06452587629494,-42.869457783106014,-38.14831943
5.972633,12,108.624,255,0.00673937,-37.211388041391245,-45.60159914498663,-38.02453157
6.006,12,108.628,255,0.0483681,-31.147850250363113,-42.23648674818348,-37.88178
6.039367,12,108.628,255,0.0125998,-23.139220266241686,-34.00220203178026,-37.65254871
6.072733,12,108.629,255,0.00611871,-25.827179885435758,-34.712367627666076,-37.42332429
6.1061,12,108.63,255,0.00489909,-28.046703644932986,-35.99487407124775,-37.239476999999994
6.139467,12,108.63,255,0.00388238,-28.036931770496405,-36.68806096456194,-37.258496189999995
6.172833,12,108.63,255,0.0450608,-29.61389975485141,-37.40100029127214,-37.27751481
6.2062,12,108.629,255,0.00495334,-30.76482040289691,-38.17922659119673,-37.256916000000004
6.239567,12,108.629,255,0.0114301,-29.16417916733849,-38.12120016218241,-37.06272006
6.272933,12,108.629,255,0.00761068,-26.919732356489945,-36.237511157643084,-36.868529939999995
6.3063,12,108.627,255,0.125804,-27.08210842214307,-36.50170409430957,-36.719882999999996
6.339667,12,108.627,255,0.00445421,-28.711730320442495,-36.643914666432295,-36.76693047
6.373033,12,108.625,255,0.0267112,-30.198144259304463,-37.65806943667386,-36.81397653
6.4064,12,108.625,255,0.00267578,-30.106621750996066,-38.434804216331514,-36.45033600000004
6.439767,12,108.625,255,0.0144021,-32.76165442186179,-38.867946785881685,-34.35622308000002
6.473133,12,108.625,255,0.00211914,-23.828067880607627,-34.10608142853812,-32.26217292000002
6.5065,12,108.628,255,0.0687305,-14.767165696306424,-23.250955474828963,-30.548180000000002
6.539867,12,108.628,255,0.00523763,-15.0959115503211,-22.908231319880002,-30.40536924
6.573233,12,108.627,255,0.0213498,-16.37633404261004,-23.939899219894052,-30.262562759999998
6.6066,12,108.627,255,0.00239692,-20.127501911170594,-28.110872048797695,-30.132226
6.639967,12,108.627,255,0.0160916,-23.782967781746592,-31.39765639867809,-30.052478869999998
6.673333,13,108.631,255,0.0776877,-23.964119587118553,-31.000514539070934,-29.97273413
6.7067,13,108.629,255,0.0107954,-23.4886543630057,-31.6017048893264,-29.915633
6.740067,13,108.631,255,0.0195595,-21.331610722823807,-31.144813585009146,-29.94866633
6.773433,13,108.744,255,0.809677,-25.723870895935875,-33.69958981198142,-29.98169867
6.8068,13,108.718,255,0.0544987,-25.583309868472853,-33.949771370347804,-30.300400000000003
6.840167,13,108.713,255,0.0100911,-27.973253671916762,-34.30097210434538,-31.735181000000004
6.873533,13,108.709,255,0.0181695,-27.768976463110526,-35.23093328902222,-33.16991899999999
6.9069,13,108.709,255,0.00605035,-28.767960155533718,-37.20476956321195,-34.391145
6.940267,13,108.708,255,0.00643229,-23.559551343770526,-33.46175450829663,-34.79321735
6.973633,13,108.69,255,0.105001,-24.87914522008158,-34.5432984379131,-35.19527765
7.007,13,108.658,255,0.197461,-26.37424756281054,-34.67953981555263,-35.585379999999994
7.040367,13,108.657,255,0.096798,-28.131417949467934,-36.74690271808933,-35.93039478
7.073733,13,108.655,255,0.0863108,-29.39617790287806,-37.394628782881796,-36.27539922
7.1071,13,108.651,255,0.0953429,-29.52541225144142,-37.364942685698196,-36.509156999999995
7.140467,13,108.651,255,0.0165571,-30.48595336130121,-39.35368250098435,-36.33131089
7.173833,13,108.649,255,0.0135731,-28.38551978605917,-37.52623725369148,-36.15347011
7.2072,13,108.645,255,0.0798383,-27.144718756679488,-34.577942001546816,-36.028400000000005
7.240567,13,108.644,255,0.024885,-26.73636908836076,-34.60863122608164,-36.095134
7.273933,13,108.642,255,0.151755,-26.669593866691663,-34.387677101153095,-36.161866
7.3073,13,108.642,255,0.0208333,-28.023013169643267,-34.77180654577414,-36.156695
7.340667,13,108.647,255,0.281472,-28.650219893545202,-34.903175074438664,-35.89476405
7.374033,13,108.646,255,0.0135308,-25.406891847700766,-33.82055273299583,-35.63284095
7.4074,13,108.645,255,0.00613281,-20.596807573149572,-30.139763927623846,-35.420564
7.440767,13,108.641,255,0.070765,-25.316397626212964,-33.40969175924626,-35.38252562
7.474133,13,108.64,255,0.0769325,-26.939694395396813,-35.14755586471664,-35.34448838
7.5075,13,108.633,255,0.151903,-28.868712840950707,-36.57856578062162,-35.343424999999996
7.540867,13,108.63,255,0.0835178,-30.134782927858232,-36.93842838194348,-35.469885930000004
7.574233,13,108.629,255,0.0171039,-30.57670421833684,-37.304684411080906,-35.59634307
7.6076,13,108.629,255,0.073482,-27.81568315918998,-37.340859504289135,-35.724324
7.640967,13,108.629,255,0.0233496,-26.524386011999624,-35.85754792284616,-35.85745833
7.674333,13,108.63,255,0.01838,-27.59435708423569,-35.92091294403038,-35.99058867
7.7077,13,108.632,255,0.142957,-28.29401089678447,-35.59220016208868,-36.040486
7.741067,13,108.751,255,0.695804,-29.002177832513013,-36.02607429723903,-35.81292306
7.774433,13,108.708,255,0.134056,-27.95438216790102,-36.282324611418396,-35.58536694
7.8078,13,108.706,255,0.0168869,-28.449552478648098,-36.545652557164956,-35.371922
7.841167,13,108.696,255,0.0767036,-22.509306487297234,-31.990503169119663,-35.204753329999996
7.874533,13,108.695,255,0.0100933,-19.894140704729697,-30.576178519054935,-35.03758967
7.9079,13,108.693,255,0.0125738,-24.898812256351352,-34.1465202509609,-34.877531
7.941267,13,108.689,255,0.0717263,-26.778703545586644,-34.25323129348896,-34.74039263
7.974633,13,108.683,255,0.098406,-27.79943784419237,-34.90169485384832,-34.60325837
8.008,13,108.658,255,0.133974,-26.696212505929804,-34.48285302718795,-34.492520000000006
8.041367,13,108.656,255,0.0198589,-25.803280137995703,-34.38745797815693,-34.46549273
8.074733,13,108.654,255,0.0299512,-25.380817862513474,-33.54359512928327,-34.43846627
8.1081,13,108.651,255,0.0162337,-26.40204635981817,-35.35475956635261,-34.51236500000001
8.141467,13,108.651,255,0.0204622,-26.834970857122748,-35.21488807537617,-34.90109055000001
8.174833,13,108.64,255,0.131611,-28.49727499142169,-36.31443888693569,-35.28980445
8.2082,13,108.639,255,0.0144444,-29.01316996090571,-37.81074489945157,-35.20210999999998
8.241567,13,108.637,255,0.0296723,-32.08631847363239,-39.33379114667415,-33.65221285
8.274933,13,108.638,255,0.0202669,-21.90123507467287,-35.860569808465684,-32.102362149999976
8.3083,13,108.638,255,0.019477,-14.93831885923217,-23.549160352833646,-30.918993000000004
8.341667,13,108.637,255,0.140373,-15.222174444360919,-22.921110052685655,-30.84258257
8.375033,13,108.637,255,0.0171387,-18.830317754183657,-26.2016144865701,-30.76617443
8.4084,13,108.636,255,0.0064974,-21.757083616668204,-30.799327976938233,-30.70522
8.441767,13,108.637,255,0.0188357,-23.842981020578446,-31.946323813528355,-30.69020485
8.475133,13,108.638,255,0.184174,-24.568187980031794,-32.193377330739644,-30.675190150000002
8.5085,13,108.637,255,0.0587012,-27.258984006703177,-34.63551757511828,-30.667145
8.541867,13,108.638,255,0.0251237,-25.855537424861637,-34.055089148589076,-30.679490790000003
8.575233,13,108.638,255,0.0357335,-28.570660904936027,-35.96290663010362,-30.69183621
8.6086,13,108.639,255,0.0102159,-28.121446535530385,-35.75002472621166,-31.04353799999998
8.641967,13,108.638,255,0.016811,-27.478170288660618,-35.80505264580686,-32.37254560999999
8.675333,13,108.638,255,0.0513661,-27.77210959051284,-36.43712355873256,-33.70151339000003
8.7087,14,108.624,255,0.7341,-28.266346954155534,-36.284355350958606,-34.79135800000001
8.742067,14,108.622,255,0.0348817,-24.20398774144552,-33.25236992950215,-35.203106780000006
8.775433,14,108.62,255,0.0119629,-23.908938101532875,-34.05930193474894,-35.61484321999999
8.8088,14,108.619,255,0.0627799,-26.666177329989573,-34.92404954302991,-35.960415999999995
8.842167,14,108.616,255,0.0635428,-29.463223098439038,-37.53656434256786,-36.12124494
8.875533,14,108.617,255,0.0136892,-28.899047314864287,-37.86962835859934,-36.28206906
8.9089,14,108.616,255,0.0574924,-30.785700815075106,-38.65994957249325,-36.343841000000005
8.942267,14,108.618,255,0.0174208,-30.34899892138967,-39.85944136759974,-36.13329523
8.975633,14,108.618,255,0.0160102,-26.83674047616369,-35.44883210026716,-35.922755769999995
9.009,14,108.613,255,0.0399685,-24.824359829841097,-33.90780565405711,-35.82786
9.042367,14,108.615,255,0.0399197,-25.276040874513665,-34.52233487540429,-36.046080180000004
9.075733,14,108.613,255,0.0465408,-26.59944375530859,-34.86846220517507,-36.26429382
9.1091,14,108.613,255,0.0178092,-28.0362118568415,-35.44680604603197,-36.297875
9.142467,14,108.618,255,0.153624,-28.76431088182628,-36.141953528992644,-35.83907875
9.175833,14,108.619,255,0.0870898,-23.93619182150536,-35.25805776338212,-35.38029624999998
9.2092,14,108.62,255,0.032997,-20.533522090048276,-29.884859682463823,-35.022332
9.242567,14,108.623,255,0.0166764,-23.87050798696908,-32.715967481016186,-34.929238070000004
9.275933,14,108.624,255,0.0663683,-25.906575888670137,-34.40236611587684,-34.83614693
9.3093,14,108.623,255,0.0115299,-25.627319590231554,-34.06031590367488,-34.786297999999995
9.342667,14,108.629,255,0.0992502,-26.535863453475887,-34.22957813579901,-34.84836062
9.376033,14,108.633,255,0.125651,-29.00950603796759,-36.220478088965976,-34.910421379999995
9.4094,14,108.633,255,0.0623958,-25.763903592556115,-36.09737004692257,-34.972953999999994
9.442767,14,108.63,255,0.100984,-24.972269382394316,-34.39956345232965,-35.036684969999996
9.476133,14,108.63,255,0.147603,-28.455558373693332,-34.79552218248724,-35.10041403
9.5095,14,108.625,255,0.0655306,-28.88621019565013,-35.94125079347519,-35.15493
9.542867,14,108.625,255,0.00830621,-29.535724104064137,-36.437911688932644,-35.18629498
9.576233,14,108.623,255,0.0160742,-29.016328745289204,-36.34792802868661,-35.21765902
9.6096,14,108.624,255,0.139639,-28.508187517086164,-37.25712821192512,-35.163008
9.642967,14,108.625,255,0.0166406,-21.30160276543388,-31.278381654057103,-34.89540466
9.676333,14,108.614,255,0.718711,-22.655577099704676,-32.00192778230909,-34.62780934
9.7097,14,108.615,255,0.0320193,-23.871915626353545,-32.114763755589934,-34.401819
9.743067,14,108.615,255,0.011199,-24.737999665447898,-32.07435581779403,-34.27736009
9.776433,14,108.617,255,0.0633377,-25.869330316692444,-32.298243940795935,-34.15290491
9.8098,14,108.616,255,0.00743273,-26.133069147142912,-32.45362674987108,-34.041088
9.843167,14,108.57,255,0.0809711,-26.652113053672718,-33.375627141049065,-33.95967252
9.876533,14,108.482,255,0.117813,-26.757271123423806,-35.45773346575728,-33.87825948
9.9099,14,108.358,255,0.194776,-25.88801076182441,-34.698284305161,-33.872183
9.943267,14,108.222,255,0.180308,-27.55504784156749,-33.973879002624926,-34.04469039
9.976633,14,108.256,255,0.0843164,-29.629665134017717,-35.03893989767026,-34.21719261
10.01,14,108.376,255,0.1765,-27.79381855198272,-34.29178180617793,-33.894000000000005
10.043367,14,108.476,255,0.13687,-28.907870888763888,-35.12198490840482,-32.4125052
10.076733,14,108.567,255,0.147241,-24.421348482703316,-32.76589645776674,-30.931054799999952
10.1101,14,108.624,255,0.0909896,-15.26198608372015,-23.537575261191815,-29.845581000000003
10.143467,14,108.632,255,0.0361502,-14.731841958470078,-22.46895170300933,-29.67240627
10.176833,14,108.64,255,0.0764073,-16.273679195424933,-24.810933317676838,-29.499236729999996
10.2102,14,108.644,255,0.0283301,-19.789285500328162,-27.599782484391174,-29.350133999999997
10.243567,14,108.642,255,0.100961,-23.44969097398394,-30.452838394740507,-29.25570539
10.276933,14,108.644,255,0.0306152,-23.001904531920843,-29.336213914596378,-29.16127961
10.3103,14,108.648,255,0.165751,-23.23145041470965,-31.527127939952184,-29.084670000000003
10.343667,14,108.648,255,0.0140224,-23.599481153463937,-31.428784551139028,-29.047966300000002
10.377033,14,108.646,255,0.0452854,-24.004244576571526,-30.496360640416274,-29.0112637
10.4104,14,108.647,255,0.013125,-24.276410251617143,-30.412545459266926,-29.343135999999962
10.443767,14,108.649,255,0.118801,-25.636561871138507,-33.06966720301871,-30.488958779999972
10.477133,14,108.65,255,0.0175195,-27.56954051792997,-33.473614680073126,-31.63474722000001
10.5105,14,108.654,255,0.147862,-28.828409185581023,-36.53159334078653,-32.547785000000005
10.543867,14,108.655,255,0.0252376,-22.055738190737372,-33.65827594576475,-32.95386139000001
10.577233,14,108.653,255,0.0352734,-25.430011023250223,-34.37838382538775,-33.35992561
10.6106,14,108.653,255,0.0177192,-24.741884569587004,-32.93958673613652,-33.73717
10.643967,13,108.645,255,0.677079,-26.35560995092106,-33.88312626367594,-34.05248815
10.677333,13,108.645,255,0.0329612,-25.821827414850244,-33.07821173355835,-34.36779685000001
10.7107,13,108.646,255,0.0141005,-27.463139116996167,-34.62489946217297,-34.575045
10.744067,13,108.649,255,0.0597808,-29.717263217784645,-36.21289941517832,-34.55335645
10.777433,14,108.648,255,0.0630566,-26.85572478456923,-36.35477139158143,-34.53166855
10.8108,14,108.649,255,0.0575,-26.268248139549062,-32.85296569896407,-34.505444000000004
10.844167,14,108.649,255,0.0196213,-24.998416356426446,-31.983829062998133,-34.46974131
10.877533,14,108.657,255,0.162001,-25.564596845544507,-32.667179934608406,-34.43403969
10.9109,14,108.658,255,0.0106923,-25.94180569438455,-32.84985834053623,-34.326942
10.944267,14,108.658,255,0.0329405,-27.635265452538345,-34.22894593840529,-34.07268546
10.977633,14,108.657,255,0.0855512,-24.513856554888754,-33.219701610199614,-33.81843653999999
11.011,14,108.645,255,0.115482,-21.095898414006463,-29.79046780579384,-33.644920000000006
11.044367,14,108.645,255,0.0130382,-22.297991719508584,-30.865224665604114,-33.63557724
11.077733,14,108.647,255,0.0326758,-25.995330047532004,-33.30670714625228,-33.626234759999996
11.1111,14,108.648,255,0.101964,-27.394176309927808,-34.021590166963534,-33.716570000000004
11.144467,14,108.65,255,0.0148741,-28.930191722589374,-35.457023733417756,-34.00686290000001
11.177833,14,108.652,255,0.0281087,-28.658065295022023,-36.67978729886563,-34.297147100000004
11.2112,14,108.653,255,0.0130556,-28.765903909295517,-38.467897397834385,-34.604688
11.244567,14,108.659,255,0.127209,-29.194747284676296,-38.81251042389726,-34.946366080000004
11.277933,14,108.659,255,0.0107281,-29.93111429761403,-38.82660746669482,-35.28803392000001
11.3113,14,108.661,255,0.0255534,-30.687277613697088,-38.97388309304833,-35.526317
11.344667,14,108.671,255,0.207718,-33.14116509572021,-39.35486748797637,-35.56268703
11.378033,14,108.67,255,0.00323676,-32.29137854778986,-40.20857378994988,-35.59905597
11.4114,14,108.668,255,0.056939,-33.13014264524446,-41.22552111034549,-35.529064
11.444767,14,108.669,255,0.169659,-23.06262796962426,-33.52142807406328,-35.254119919999994
11.478133,14,108.67,255,0.0551606,-20.964214887597258,-28.125005491047148,-34.97918408
11.5115,14,108.672,255,0.0991016,-24.53479485032584,-30.927764250363314,-34.79302
11.544867,14,108.673,255,0.0096951,-25.911529489640973,-32.8777007239149,-34.77566916
11.578233,14,108.673,255,0.0253201,-29.43413778137172,-35.576951505461096,-34.75831884
11.6116,13,108.684,255,0.908673,-31.108023408549734,-37.189628159791866,-34.74294
11.644967,13,108.68,255,0.129001,-29.12040964294757,-38.35331771438615,-34.73126155
11.678333,13,108.675,255,0.127552,-28.240443682478695,-38.56569856913844,-34.71958345
11.7117,13,108.675,255,0.0153385,-28.344217939952177,-39.34729964449449,-34.97209100000003
11.745067,13,108.669,255,0.0941493,-32.62972234564544,-40.05133765135466,-35.71383941000002
11.778433,13,108.674,255,0.114168,-32.49790410982983,-41.07972599423428,-36.455565589999985
11.8118,13,108.671,255,0.0123676,-32.862132025733565,-41.79035346071998,-36.22924200000005
11.845167,13,108.673,255,0.102939,-32.22994176791825,-41.5915814701636,-34.233561730000034
11.878533,13,108.673,255,0.0277789,-25.167263712852986,-37.92273956454501,-32.23794127000008
11.9119,13,108.669,255,0.130687,-15.392915502554755,-23.982776406131435,-30.884980000000006
11.945267,13,108.669,255,0.0106532,-14.87764417249461,-22.237078495734508,-30.691451400000005
11.978633,13,108.667,255,0.030306,-16.41998430633293,-25.601235525898876,-30.497928599999998
12.012,13,108.652,255,0.0403776,-21.554336939249083,-28.563844950171134,-30.277879999999996
12.045367,13,108.641,255,0.0429058,-24.394163701589143,-31.92636661200963,-30.010610329999995
12.078733,13,108.637,255,0.0592654,-25.323722447850756,-31.84862293198331,-29.74334867
12.1121,13,108.633,255,0.103628,-22.236672542914782,-29.86957584076319,-29.542628999999998
12.145467,13,108.632,255,0.147267,-21.626529405287584,-28.127852995687437,-29.45887783
12.178833,13,108.634,255,0.0307151,-25.203270196315383,-31.737993895091954,-29.37512917
12.2122,13,108.636,255,0.0539811,-25.62928773515201,-31.786967592415422,-29.747291999999995
12.245567,13,108.636,255,0.0380002,-27.283291621824205,-33.302613454016914,-30.910465619999982
12.278933,13,108.637,255,0.0330046,-28.231404060657177,-36.03872047606993,-32.07360438
12.3123,13,108.638,255,0.0589486,-27.832511907237272,-35.4401524888441,-32.923989
12.345667,13,108.639,255,0.0231478,-23.789807776402675,-34.62964003220356,-33.23863981
12.379033,13,108.644,255,0.134779,-24.767985772944556,-34.55475447848504,-33.55328118999999
12.4124,13,108.644,255,0.0119151,-27.086178260582162,-36.02313676909011,-34.01710399999999
12.445767,13,108.645,255,0.0312099,-26.75165987531635,-35.550835469954045,-34.73315982
12.479133,13,108.646,255,0.0113184,-29.971214925045594,-37.253046086626284,-35.44919417999998
12.5125,13,108.649,255,0.0471864,-30.68952554471727,-37.35107900684355,-35.896875
12.545867,13,108.653,255,0.0513553,-29.651608764824605,-37.250051433319285,-35.89654133
12.579233,13,108.671,255,0.849012,-26.585193485328585,-35.87857880388114,-35.89620767
12.6126,13,108.667,255,0.127653,-24.72380412412693,-33.332557956874325,-35.879746
12.645967,13,108.668,255,0.0880469,-27.174912023999262,-34.16221850342178,-35.83670257
12.679333,13,108.668,255,0.0151226,-26.231128611353267,-33.78130603506306,-35.79366043
12.7127,13,108.663,255,0.130718,-26.861516444173613,-34.329754065013574,-35.611044
12.746067,13,108.672,255,0.185163,-27.563837788731078,-34.98676677171519,-35.20129724
12.779433,13,108.67,255,0.0096951,-23.752338464632498,-33.53204689579535,-34.79156276000002
12.8128,13,108.671,255,0.0102973,-20.70869048727321,-30.229641033375586,-34.52172
12.846167,13,108.671,255,0.0446484,-22.763298702807703,-31.705865168002482,-34.476674550000006
12.879533,13,108.667,255,0.131824,-25.317580970983922,-33.23131801443769,-34.43163045
12.9129,13,108.666,255,0.0135417,-27.732196751371113,-34.44118359639993,-34.475466000000004
12.946267,13,108.664,255,0.0284733,-28.12055588988892,-36.32416249599218,-34.66031918
12.979633,13,108.667,255,0.184004,-29.298922761590003,-36.97097928837947,-34.845166819999996
13.013,13,108.657,255,0.0693804,-28.4095646402756,-38.89279996596826,-35.09177
13.046367,13,108.658,255,0.0125966,-27.794988340036518,-37.92260919012794,-35.43511643
13.079733,13,108.659,255,0.0172689,-28.5098118331302,-37.38363111530886,-35.77845257
13.1131,13,108.661,255,0.0715994,-31.173923540711517,-39.33227153761778,-36.208783
13.146467,13,108.662,255,0.0823947,-33.86237989584699,-40.84704866091683,-36.77368631
13.179833,13,108.664,255,0.123809,-33.653251354943,-41.26462466038531,-37.338572690000014
13.2132,13,108.664,255,0.018724,-35.103734020858745,-42.01365915632326,-37.74573600000001
13.246567,13,108.663,255,0.0142752,-25.270414780386556,-37.53617773679245,-37.91190366
13.279933,13,108.663,255,0.10922,-25.118068481766286,-34.97830991628393,-38.07806633999999
13.3133,13,108.661,255,0.015842,-28.405191016453433,-36.920258505179795,-38.145548
13.346667,13,108.663,255,0.15003,-29.993130684634828,-37.86801651279646,-38.06413252
13.380033,13,108.663,255,0.00175781,-29.26782752861763,-38.0472015916186,-37.98271948
13.4134,13,108.666,255,0.129493,-30.78194025897628,-38.79247037859754,-37.80616400000001
13.446767,13,108.665,255,0.0128646,-29.16301801382836,-36.53843449885155,-37.487842820000004
13.480133,13,108.662,255,0.075344,-24.499369012749476,-34.718118603543594,-37.16953117999999
13.5135,13,108.66,255,0.0645041,-26.240858221862855,-35.28061956086814,-37.076930000000004
13.546867,14,108.677,255,0.989246,-26.38771270383926,-36.45735605564158,-37.316505060000004
13.580233,14,108.677,255,0.0481988,-29.0112559567337,-37.99983079951249,-37.55607294
13.6136,14,108.679,255,0.0534668,-30.45250812145504,-38.764784864529126,-36.84990399999998
13.646967,14,108.674,255,0.0920388,-31.37070611250176,-38.82516658135284,-34.76913787999996
13.680333,14,108.674,255,0.206764,-28.716123668213832,-37.29506547138253,-32.68843412000001
13.7137,13,108.675,255,0.164172,-15.20593568457325,-24.163456970890373,-31.401172
13.747067,13,108.676,255,0.024707,-15.40700411770497,-23.472079042750686,-31.253022520000002
13.780433,13,108.676,255,0.0135428,-17.536295701870387,-26.591676619181623,-31.10487748
13.8138,13,108.671,255,0.147796,-22.04361795809331,-30.315307280551473,-30.99661
13.847167,13,108.671,255,0.00901042,-26.36580546789158,-33.5298245562013,-30.94489115
13.880533,13,108.676,255,0.106083,-25.25160378174659,-31.900227377162143,-30.89317385
13.9139,13,108.68,255,0.124722,-25.931078278616315,-33.584358503328026,-30.837285
13.947267,13,108.679,255,0.00800673,-24.465638886185737,-33.33350219720621,-30.77555605
13.980633,13,108.675,255,0.0944076,-26.3373556573544,-33.43259549273458,-30.713828950000003
14.014,13,108.66,255,0.13062,-24.37311888463892,-33.67611744531946,-31.21349999999998
14.047367,13,108.659,255,0.0148199,-25.18580128227235,-34.28597446011058,-32.48978774999999
14.080733,13,108.657,255,0.0251107,-27.532045090095178,-35.74737849472648,-33.766037250000025
14.1141,13,108.657,255,0.178133,-28.109233049029687,-36.48692729797508,-34.692081000000016
14.147467,13,108.658,255,0.00771376,-23.796759924858172,-34.565732510429804,-35.13953247000002
14.180833,13,108.658,255,0.0320931,-23.960997898096917,-35.08043230439671,-35.58697053000001
14.2142,14,108.656,255,0.144347,-27.362893839263094,-37.85885194487412,-36.028600000000004
14.247567,14,108.66,255,0.0130447,-29.84216728208494,-39.49039897318834,-36.462371000000005
14.280933,14,108.661,255,0.0242068,-30.726183211315913,-40.95430732306756,-36.89612899999998
14.3143,14,108.66,255,0.141202,-31.79256620558725,-40.77767647459454,-37.120405
14.347667,14,108.661,255,0.00829536,-33.81040190831106,-42.19569537899025,-37.06534945
14.381033,14,108.66,255,0.0200195,-31.186641406459483,-40.91499961608775,-37.01029555
14.4144,14,108.663,255,0.0840375,-29.25603152988328,-38.172420012515815,-36.981736
14.447767,14,108.664,255,0.0350618,-25.958799801012503,-33.28773301082827,-36.98807573
14.481133,14,108.665,255,0.0283192,-26.359261756855535,-33.5095376781043,-36.99441527
14.5145,12,108.737,255,1.14587,-26.043952717058094,-33.99838593713963,-36.730475
14.547867,13,108.736,255,0.0566645,-26.284792274598015,-34.70202432414568,-36.114853849999996
14.581233,13,108.734,255,0.0536838,-26.628536103782817,-34.220827932217716,-35.499251150000006
14.6146,13,108.729,255,0.13634,-20.030758211446468,-30.1662711652761,-35.08146
14.647967,13,108.73,255,0.153633,-22.832218993999753,-31.120747709042245,-34.9179617
14.681333,12,108.721,255,0.230599,-25.50651284737976,-34.69166687597264,-34.75446829999999
14.7147,12,108.718,255,0.0894792,-25.55854180701261,-34.572251085266956,-34.729444
14.748067,12,108.715,255,0.127962,-28.027066603356396,-36.5328939014719,-34.88026284
14.781433,12,108.712,255,0.0201454,-29.80413330427044,-36.815683682604444,-35.031077159999995
14.8148,12,108.712,255,0.12812,-28.301201266241655,-37.39186706998219,-35.25841199999999
14.848167,12,108.711,255,0.00722873,-31.410691201471955,-40.364126752355524,-35.58173823
14.881533,12,108.704,255,0.0986903,-28.86282713818322,-38.858989802568715,-35.90505476999999
14.9149,12,108.705,255,0.00489909,-31.05240405695391,-39.37323097524957,-36.36188499999999
14.948267,12,108.698,255,0.110225,-33.090905062248034,-41.66167031245891,-36.984179549999986
14.981633,12,108.704,255,0.206925,-32.98103965335395,-40.37868025842591,-37.606455450000006
15.015,12,108.701,255,0.103035,-34.798989221196216,-41.08981246611044,-38.10080000000001
15.048367,12,108.702,255,0.00206272,-25.527547088735805,-37.34260695795222,-38.43847404000001
15.081733,12,108.696,255,0.131828,-27.136232415861954,-36.63623210237174,-38.77613796
15.1151,13,108.692,255,0.098151,-30.18474751835186,-39.53013479215303,-39.046315
15.148467,13,108.686,255,0.0171289,-30.465889926170675,-40.33069625551961,-39.234838550000006
15.181833,13,108.018,255,0.693268,-32.02266282590353,-40.71724219940936,-39.42335645
15.2152,11,106.502,255,1.62451,-32.62739551638304,-41.1465481075798,-39.506696000000005
15.248567,10,104.723,254,1.87245,-29.723151576805886,-41.14615878038719,-39.46431991
15.281933,9,100.845,246,3.91697,-30.43800201462523,-39.997351770496415,-39.42194509
15.3153,10,97.721,246,3.1849,-30.32448137097453,-39.29788312070497,-39.715404
15.348667,8,94.4513,239,3.33263,-30.982334949327424,-40.5277254567104,-40.405433560000006
15.382033,8,90.1709,238,4.35619,-35.78854930824037,-43.3699512449611,-41.095442439999985
15.4154,4,85.0081,223,5.27225,-37.62070321080023,-44.691827176346514,-40.01093000000003
15.448767,2,83.7307,221,1.43424,-37.8006134373301,-44.55683676310118,-36.856080150000004
15.482133,10,82.1893,198,3.4444,-31.356070513664374,-44.97915422687855,-33.70132485000008
15.5155,10,82.8422,199,1.1877,-17.40060717301025,-26.00145747773511,-31.81840500000001
15.548867,1,84.6615,208,2.58849,-14.764042576477758,-22.773908773308957,-31.401651170000004
15.582233,1,87.0557,198,3.01703,-15.072282516827634,-23.39936232342746,-30.984909829999992
15.6156,1,90.8649,216,5.16624,-19.884120207472183,-27.192221657151013,-30.710116
15.648967,0,94.9086,235,4.95753,-23.606237038530022,-30.942335691103494,-30.597001869999996
15.682333,0,99.4337,250,6.25569,-22.71602074687106,-30.24613187877937,-30.483891129999996
15.7157,0,103.287,255,4.45145,-23.808701883472363,-31.425317190728396,-30.40045
15.749067,0,107.759,255,5.02774,-23.650057764168174,-31.29729043383492,-30.350399499999998
15.782433,0,110.295,255,2.86043,-26.508651166307217,-33.25790331405266,-30.300350500000004
15.8158,0,112.771,255,3.02211,-28.284707798903124,-33.619275177330934,-30.82589399999996
15.849167,0,113.675,255,1.48696,-28.92702414127683,-34.273308044998586,-31.991403309999967
15.882533,0,114.004,255,1.0091,-31.305524182815407,-35.93802078343411,-33.15687769
15.9159,0,114.603,255,1.38026,-32.36922289185755,-36.94675435086486,-34.25974100000001
15.949267,0,114.847,255,0.801705,-24.875510461538248,-34.8364842194252,-35.29378433000002
15.982633,0,115.301,255,1.3363,-24.16934947728872,-36.16434641808466,-36.32779667
16.016,0,115.581,255,0.860964,-31.763319715042226,-39.59348309440764,-37.240079999999956
16.049367,0,115.643,255,0.359505,-34.91308182857528,-40.84202549261693,-38.020200459999984
16.082733,0,115.743,255,0.410537,-38.106893792199955,-44.39041187690449,-38.800297539999995
16.1161,0,115.891,255,0.566071,-40.64757921511254,-46.37563307959476,-39.45274499999998
16.149467,0,115.906,255,0.0733008,-42.52220929202089,-47.70110307330972,-39.968265150000015
16.182833,0,116.017,255,0.360626,-34.45681587559154,-44.82258486443522,-40.48376984999999
16.2162,0,116.095,255,0.417152,-36.770209903394,-46.372409882769595,-41.412390000000045
16.249567,0,116.099,255,0.0804633,-42.316824179487035,-51.049026678572986,-42.77876864999996
16.282933,0,116.162,255,0.388249,-43.80469991000209,-51.710235814099015,-44.14510634999998
16.3163,0,116.169,255,0.0593598,-33.924342152111855,-42.39543061936931,-43.11913400000022
16.349667,0,116.254,255,0.391128,-34.10635342458056,-42.10181963298015,-39.588238059999945
16.383033,0,116.254,255,0.010306,-36.446738189753034,-43.148352554211854,-36.057447939999776
16.4164,0,116.281,255,0.273337,-19.169857407096554,-29.34470144745462,-34.049291999999994
16.449767,1,116.589,255,1.87185,-17.467194745042903,-26.361957727464475,-33.616522009999976
16.483133,1,116.587,255,0.0648937,-18.223744866035442,-27.07651890465924,-33.183764990000014
16.5165,1,116.587,255,0.12516,-22.968808292645235,-30.41449836506821,-32.72674
16.549867,1,116.589,255,0.10607,-25.550857783256806,-32.04881978391304,-32.24492052000003
16.583233,5,116.587,255,0.0945888,-26.687192939389686,-35.12709520348756,-31.76311548000002
16.6166,5,116.591,255,0.134084,-23.35750217624453,-33.34644877125716,-31.39168600000002
16.649967,5,116.594,255,0.0686241,-20.898412046172588,-29.407357549149186,-31.131757070000003
16.683333,5,116.592,255,0.0160286,-21.083647693714184,-29.821336635494454,-30.87183592999999
16.7167,5,116.594,255,0.0150119,-21.669540310458004,-30.639463092860836,-30.662007000000003
16.750067,5,116.593,255,0.0126324,-24.132885824497254,-32.045033957530656,-30.502179069999993
16.783433,5,116.594,255,0.00993381,-25.861039518961135,-32.70733391932686,-30.34235593000001
16.8168,5,116.59,255,0.15968,-24.395240319739326,-32.38406320540944,-29.898943999999997
16.850167,5,116.582,255,0.215018,-17.476850657010424,-27.57456816162764,-29.175881110000013
16.883533,5,116.577,255,0.10179,-15.20330825959782,-23.498230722730057,-28.45283988999998
16.9169,5,116.576,255,0.028151,-15.960410281113761,-24.18058720231566,-27.931563000000004
16.950267,5,116.576,255,0.0150933,-17.095657405990767,-24.906529581774727,-27.60690208999999
16.983633,5,116.577,255,0.136291,-19.88234146029815,-25.915346555263824,-27.282250909999988
17.017,5,116.578,255,0.0264019,-19.409978653822762,-25.313833561008757,-26.98700000000001
17.050367,5,116.579,255,0.0587967,-19.603051343582894,-25.92597194928283,-26.720063999999997
17.083733,5,116.579,255,0.00124891,-18.150229125486394,-25.33000809248588,-26.453136000000022
17.1171,5,116.579,255,0.000134549,-19.027910013171354,-25.52089979300646,-26.377036
17.150467,5,116.579,255,0.000442708,-19.867840184362077,-25.903947083813765,-26.482475719999996
17.183833,5,116.579,255,0.000491536,-20.535919878222554,-26.50804181166215,-26.58791228
17.2172,5,116.579,255,0.000958116,-20.9242124436787,-27.773241223456576,-26.657404
17.250567,5,116.579,255,0.000480686,-20.86910915590132,-28.330954391300292,-26.69310669
17.283933,5,116.579,255,0.000415582,-22.784927312192316,-31.735905950358575,-26.728808309999998
17.3173,5,116.579,255,0.0110493,-15.910699993672043,-25.79725543742378,-26.850837999999992
17.350667,5,116.579,255,0.00240126,-15.617066887170097,-22.527285573852733,-27.05304202000001
17.384033,5,116.578,255,0.0755273,-17.50673700778094,-25.652025653042013,-27.25523998
17.4174,8,116.585,255,0.91663,-17.42017707575119,-25.241261439131872,-27.470146000000014
17.450767,8,116.59,255,0.0506239,-20.819629442413138,-28.210473326911337,-27.69670793
17.484133,8,116.59,255,0.0122754,-21.59228301668781,-29.158689915811213,-27.92326307
17.5175,8,116.593,255,0.0492535,-21.272493149955434,-30.25893477401213,-27.971850000000007
17.550867,8,116.592,255,0.00256836,-21.21505062260348,-28.493214203675066,-27.85906954
17.584233,8,116.591,255,0.00811523,-19.52246239188103,-26.63151618103405,-27.746292460000003
17.6176,8,116.591,255,0.00150933,-19.691651952233574,-26.353676298364032,-27.832919999999987
17.650967,8,116.591,255,0.00556966,-20.13089854178976,-27.305131523320714,-28.09818765000001
17.684333,8,116.587,255,0.0643392,-19.43538151094556,-26.96004402985989,-28.363447349999994
17.7177,8,116.587,255,0.00509549,-20.395467358083724,-27.03810952168003,-28.413482999999996
17.751067,6,116.587,255,0.0149718,-19.106871435173925,-27.639453587137897,-28.273007930000006
17.784433,6,116.586,255,0.00909505,-18.25211148825765,-27.425452070594876,-28.13253707
17.8178,6,116.586,255,0.00627387,-17.38443208784092,-26.275676969344712,-28.112923999999996
17.851167,6,116.585,255,0.00664388,-17.62691202685983,-25.987992027984827,-28.19901086
17.884533,6,116.585,255,0.00549913,-19.554159643105134,-27.327404116996426,-28.285095140000006
17.9179,6,116.584,255,0.00611654,-22.458120651244545,-30.37453274448017,-28.459429000000004
17.951267,6,116.584,255,0.00546766,-23.096392609074563,-30.552276212993373,-28.710015170000016
17.984633,6,116.583,255,0.0059158,-23.873322482210902,-31.30961323020681,-28.960593829999993
18.018,6,116.579,255,0.0489594,-22.002571250257795,-30.44151574946094,-29.332680000000007
18.051367,6,116.579,255,0.0106836,-21.813768690432692,-30.049322184643547,-29.808493419999976
18.084733,6,116.58,255,0.00562609,-22.71890244164245,-31.74575874050811,-30.28429257999998
18.1181,6,116.58,255,0.00623372,-25.71298723180048,-35.061406921764345,-30.734403999999966
18.151467,6,116.58,255,0.00436415,-29.3286742319303,-37.57797009365334,-31.16283628
18.184833,6,116.58,255,0.00511719,-23.806444652134964,-33.99304325397245,-31.59125572000002
18.2182,6,116.579,255,0.00455838,-20.99999919368148,-29.412420814333988,-31.876818
18.251567,6,116.576,255,0.158296,-21.04920233042699,-29.84056634069288,-32.04331933
18.284933,6,116.574,255,0.0245443,-20.962874339145788,-29.930332617400243,-32.20981566999999
18.3183,8,116.573,255,0.0106532,-23.117171712979875,-31.015582964046345,-32.389859
18.351667,8,116.575,255,0.108771,-25.79374208700128,-34.091242187971645,-32.58105190999999
18.385033,8,116.568,255,0.747303,-29.078305807762604,-35.76470909150142,-32.77223909000001
18.4184,8,116.566,255,0.0369151,-25.985201247129087,-34.750583456663435,-32.773728
18.451767,8,116.558,255,0.0947472,-23.07850751905499,-32.50681276065254,-32.62090713999999
18.485133,8,116.558,255,0.020867,-22.626749324051953,-30.689439235222338,-32.46809085999999
18.5185,8,116.564,255,0.140136,-22.31316945706373,-30.629097677884953,-32.339505
18.551867,8,116.562,255,0.0127083,-26.644021471945265,-34.17665969090167,-32.230394909999994
18.585233,8,116.563,255,0.0259614,-30.565849802849826,-36.70486708352853,-32.12128809000001
18.6186,8,116.564,255,0.0131348,-29.903904567852482,-36.57326071199538,-31.975722
18.651967,9,116.563,255,0.0115386,-19.642494729352563,-30.12484218740101,-31.801212590000006
18.685333,9,116.563,255,0.0143175,-18.682192373505952,-27.30402360104079,-31.62670841
18.7187,9,116.563,255,0.0162435,-20.616247406018505,-29.124229362332503,-31.615636999999996
18.752067,9,116.564,255,0.014375,-23.8435373036143,-31.391820879810766,-31.73275517
18.785433,9,116.565,255,0.010523,-27.891992143808057,-34.3795660186557,-31.849869830000003
18.8188,9,116.564,255,0.00918186,-30.30698133773964,-37.1887501665026,-31.906076
18.852167,11,116.557,255,0.147176,-29.399060460298113,-36.56446277116337,-31.91508509
18.885533,11,116.558,255,0.00783095,-22.243952786434217,-33.131312611072104,-31.92409391
18.9189,11,116.557,255,0.0291037,-22.97290213424581,-31.865501821927438,-32.32697900000004
18.952267,11,116.557,255,0.0108257,-24.60818334580218,-33.71498552449252,-33.03135637
18.985633,11,116.556,255,0.012538,-25.871481169963456,-34.17509864535484,-33.73571263000001
19.019,11,116.557,255,0.0733615,-28.781632032578734,-36.95717750761714,-33.33847000000007
19.052367,11,116.559,255,0.10651,-32.26811493681151,-40.49641216969013,-32.10822871000002
19.085733,11,116.559,255,0.0110851,-30.291193916654816,-38.79227997159315,-30.878024290000003
19.1191,11,116.56,255,0.0789974,-15.39860294820232,-26.219224480195173,-30.144956000000015
19.152467,11,116.56,255,0.0126758,-14.90715974785542,-21.6529856450569,-29.783257719999988
19.185833,11,116.56,255,0.00644748,-15.151728909436011,-23.030226641353682,-29.421570280000008
19.2192,11,116.555,255,0.1285,-16.57713620840949,-23.992549423147235,-29.005919999999985
19.252567,11,116.555,255,0.00464193,-24.05843001364067,-30.07217791421727,-28.550460450000013
19.285933,11,116.553,255,0.0229253,-24.675912328583497,-30.58836482563044,-28.095014550000005
19.3193,11,116.553,255,0.00996311,-22.8418442186755,-29.954519171002776,-27.69224400000002
19.352667,9,116.571,255,0.758534,-17.445093288553636,-24.001599859192,-27.32787635999999
19.386033,9,116.568,255,0.0334147,-15.863085840950717,-23.18109537477155,-26.963519639999973
19.4194,9,116.568,255,0.0307595,-17.968078843254847,-25.598785279366314,-27.020326000000008
19.452767,9,116.568,255,0.0102485,-20.02753649027344,-27.235704061407404,-27.38035593000002
19.486133,9,116.568,255,0.0101823,-20.099855997468467,-28.30984254842016,-27.74037506999999
19.5195,9,116.572,255,0.0780176,-22.012981534711486,-30.352744488492064,-27.86621
19.552867,9,116.563,255,0.109915,-20.913952793663313,-29.441368718665384,-27.825502260000004
19.586233,9,116.563,255,0.00813694,-15.658109997093725,-26.65432477799653,-27.784795740000003
19.6196,9,116.558,255,0.0298926,-18.137092310443403,-26.694879198603115,-27.99633999999997
19.652967,9,116.508,255,0.065178,-19.549116567055734,-29.067289588384195,-28.38506555
19.686333,9,116.446,255,0.0948405,-22.426432944689196,-30.037816413143332,-28.77377945000002
19.7197,9,116.363,255,0.11127,-25.658377378287106,-32.93822650808601,-28.948957
19.753067,9,116.271,255,0.134505,-23.22642823727383,-30.50016878466297,-28.97598427
19.786433,9,116.181,255,0.12097,-20.2472972868795,-29.405587859044697,-29.00301073
19.8198,9,116.229,255,0.209217,-18.342430042985047,-26.772234344396026,-28.873419999999996
19.853167,9,116.296,255,0.094873,-18.427216924201943,-25.742892637744337,-28.6365143
19.886533,9,116.36,255,0.116667,-19.317219137486493,-26.17041263891618,-28.39961569999999
19.9199,9,116.423,255,0.0845562,-18.473959652088347,-26.13867826648856,-28.188978000000002
19.953267,9,116.485,255,0.0843978,-19.36163263661934,-26.203478887357612,-27.996116739999994
19.986633,9,116.541,255,0.0806532,-17.132268732667452,-27.6357598346226,-27.803261259999992
20.02,9,116.6,255,0.179697,-16.72395760258766,-26.641972209253332,-27.6414
20.053367,9,116.628,255,0.0513173,-15.483885329896168,-25.12803691234652,-27.500257589999997
20.086733,9,116.658,255,0.073189,-17.966946373786953,-25.2953279870623,-27.359119410000012
20.1201,9,116.669,255,0.154501,-18.11263222082153,-25.57180875583598,-27.400485
20.153467,9,116.674,255,0.0295898,-23.926298408896752,-31.211022625415694,-27.562314949999994
20.186833,9,116.675,255,0.0102658,-27.5112650330928,-35.490438121308735,-27.724140050000003
20.2202,9,116.678,255,0.0242318,-25.502412472789132,-32.750619812075584,-27.877283999999996
20.253567,9,116.679,255,0.0148047,-18.989613671322715,-28.139374777913137,-28.02476614
20.286933,9,116.679,255,0.0124588,-15.529070807012532,-26.576414974171474,-28.172243860000002
20.3203,11,116.717,255,0.697236,-18.54082001054656,-27.500177722649298,-28.46182599999999
20.353667,11,116.717,255,0.0360091,-18.672826463648146,-28.435744028500576,-28.842877140000024
20.387033,11,116.71,255,0.0637522,-24.134511691103437,-31.155108639167548,-29.22391686
20.4204,11,116.708,255,0.153981,-24.007372031828734,-32.32948951610188,-29.362616
20.453767,11,116.706,255,0.0355273,-19.472041221805284,-29.114480401331022,-29.34726718
20.487133,11,116.706,255,0.0209386,-19.418044463319735,-28.461355828762944,-29.331918820000002
20.5205,11,116.705,255,0.120416,-18.510144073544577,-26.902375322677422,-29.45904499999999
20.553867,11,116.704,255,0.0087793,-21.027332323583288,-28.883263703839187,-29.675596829999996
20.587233,11,116.704,255,0.00414497,-24.386967435475544,-32.56747203717243,-29.89214217
20.6206,10,116.705,255,0.00982856,-24.621667001828154,-33.09640835002109,-29.80628600000001
20.653967,10,116.704,255,0.00641602,-26.615755787934024,-33.499064586696406,-29.53301026999999
20.687333,10,116.704,255,0.00252496,-20.223775418928643,-28.595940685698345,-29.259742730000006
20.7207,10,116.705,255,0.00287543,-17.08156911770493,-25.44620774293356,-29.207543
20.754067,10,116.705,255,0.00375,-18.37642920395629,-26.688613951249234,-29.290626829999997
20.787433,10,116.705,255,0.0029503,-19.264969032484867,-28.195606870341734,-29.37370817
20.8208,10,116.704,255,0.00186849,-22.023227366849355,-30.11548913833022,-29.161224000000022
20.854167,10,116.703,255,0.0181727,-24.4026073490367,-32.99308409843906,-28.77016275999999
20.887533,10,116.702,255,0.00545139,-24.460980792630796,-31.951539034311164,-28.379113239999974
20.9209,10,116.702,255,0.00221246,-16.063019828622394,-26.113666103126736,-28.030478999999993
20.954267,10,116.702,255,0.00285807,-15.171674137714454,-22.503305901190632,-27.70715276999998
20.987633,10,116.702,255,0.00282335,-15.300491988421687,-23.55974644147558,-27.383836230000007
21.021,10,116.705,255,0.15917,-16.055278394815982,-23.137896999297208,-27.384330000000002
21.054367,10,116.703,255,0.00440104,-20.02574693793634,-28.601677877888488,-27.57552290999999
21.087733,10,116.703,255,0.0104905,-22.149864489547053,-28.69743556276357,-27.766710089999993
21.1211,10,116.697,255,0.11178,-22.443836584447045,-29.99099186279505,-27.780452000000007
21.154467,10,116.699,255,0.074388,-19.48435735211403,-27.53448776028875,-27.69102844
21.187833,10,116.699,255,0.00611654,-17.360790100126557,-26.788823485820096,-27.601607559999994
21.2212,10,116.7,255,0.100011,-17.535696098903166,-26.999634384222365,-27.91668
21.254567,10,116.698,255,0.0222179,-22.07529762508801,-30.047879833638092,-28.463898800000024
21.287933,7,116.691,255,0.766913,-22.692890711165298,-30.70636982103685,-29.011101199999974
21.3213,7,116.689,255,0.033125,-23.919380522851952,-32.15310268260443,-29.362999000000002
21.354667,9,116.69,255,0.0298058,-21.763167,-33.373991,-29.604242409999998
21.388033,9,116.683,255,0.0969542,-19.885415861201,-29.347854252425854,-29.845478590000006
21.4214,9,116.683,255,0.0225195,-18.08714037702145,-27.85190363549432,-30.108335999999994
21.454767,9,116.682,255,0.0131782,-20.601888791027996,-28.796810821778475,-30.38328008000001
21.488133,9,116.682,255,0.0120877,-21.64779082027855,-29.73304100196886,-30.65821592000001
21.5215,9,116.68,255,0.091174,-24.663333875966764,-32.64164624005058,-30.525090000000006
21.554867,9,116.68,255,0.020434,-25.445990481272926,-34.93897006525089,-30.16672841999999
21.588233,9,116.679,255,0.0121994,-20.662291458772938,-29.987568847982196,-29.808377580000023
21.6216,9,116.679,255,0.0102908,-19.257069506398558,-26.916517447288232,-29.50488
21.654967,9,116.678,255,0.00934353,-18.368855923783663,-24.92127028592854,-29.231270600000006
21.688333,9,116.678,255,0.00876085,-17.129398420615964,-25.850110931702044,-28.957669399999993
21.7217,9,116.678,255,0.00777561,-19.48751042467416,-27.25201750557794,-28.83379
21.755067,9,116.678,255,0.00814887,-22.146870233206688,-28.015386209956375,-28.7904129
21.788433,9,116.677,255,0.00837782,-19.70955398134428,-28.84103348392236,-28.7470371
21.8218,9,116.677,255,0.00652561,-16.088980106267567,-26.723518628322495,-28.719574
21.855167,9,116.676,255,0.00788086,-19.79406531536534,-28.06151361619972,-28.70055481
21.888533,9,116.675,255,0.00746745,-21.95800818829966,-29.96054436258368,-28.68153619
21.9219,9,116.674,255,0.00575846,-23.624425299943788,-31.309462614652706,-28.958824000000025
21.955267,9,116.674,255,0.00807292,-24.782509467163354,-32.18325380087177,-29.391260319999997
21.988633,9,116.674,255,0.0083865,-25.685980572325857,-33.42910527627262,-29.823683680000002
22.022,9,116.671,255,0.0594466,-22.866237904936014,-31.502001837434957,-30.166799999999984
22.055367,9,116.674,255,0.0917828,-21.445145576263204,-31.2323732220868,-30.463766299999996
22.088733,9,116.674,255,0.00648763,-21.672464063985515,-29.625615647447468,-30.7607237
22.1221,9,116.678,255,0.0943989,-23.76220447707883,-30.7726734480641,-30.769727000000007
22.155467,9,116.678,255,0.0239453,-22.597783416538068,-31.37791074809006,-30.631921289999994
22.188833,9,116.677,255,0.00486003,-22.45070365897889,-31.736007000421814,-30.494119710000003
22.2222,9,116.677,255,0.00238607,-25.807258520461243,-32.690644677166794,-29.67721599999996
22.255567,8,116.696,255,0.682134,-22.59918429662983,-30.709830019453626,-28.51871376000003
22.288933,8,116.693,255,0.0344368,-15.019311939061547,-22.150639957624335,-27.360246240000016
22.3223,8,116.695,255,0.0301942,-15.336944712417436,-21.785245883654422,-26.82034600000001
22.355667,8,116.685,255,0.118302,-16.032482396709323,-22.76003600989078,-26.587444339999994
22.389033,8,116.685,255,0.0477376,-17.52535611531444,-24.55429603117248,-26.354549659999982
22.4224,8,116.684,255,0.0397602,-19.576205883425487,-25.52751392758034,-26.180335999999997
22.455767,8,116.683,255,0.0096951,-19.922222077298024,-27.03130239839694,-26.034855879999988
22.489133,10,116.685,255,0.126976,-18.820385131058384,-27.986118158620073,-25.889380120000002
22.5225,10,116.683,255,0.109069,-19.698852319036305,-27.23193763474424,-25.938750000000002
22.555867,10,116.681,255,0.0255089,-17.659893908596676,-26.45809906187303,-26.08222809999999
22.589233,10,116.678,255,0.137792,-18.01894454043039,-27.6255400978297,-26.225701899999994
22.6226,10,116.678,255,0.0123503,-21.92882054377959,-29.814391350004563,-26.551335999999967
22.655967,10,116.677,255,0.00385742,-23.533041248206995,-31.38548495753065,-26.963752120000002
22.689333,10,116.678,255,0.0120237,-25.08469757232572,-35.3598720071248,-27.37615588000002
22.7227,10,116.678,255,0.00480903,-15.460042381240328,-27.256753144283383,-27.586769
22.756067,10,116.677,255,0.00372287,-14.843401475297616,-22.50711254495167,-27.702552490000006
22.789433,10,116.677,255,0.00495985,-15.02932587216988,-23.347306822669065,-27.818332509999994
22.8228,10,116.677,255,0.00383681,-17.423940832192784,-26.07356953604577,-27.755819999999996
22.856167,10,116.676,255,0.0195443,-19.786988232503596,-28.37597873290203,-27.61067355
22.889533,10,116.677,255,0.00896376,-22.409756019311857,-30.378809827411626,-27.465531449999997
22.9229,10,116.676,255,0.0080957,-21.50885542038171,-30.389982990624862,-27.091843000000008
22.956267,10,116.676,255,0.00345703,-15.274241826278535,-23.215850538977172,-26.613693889999986
22.989633,10,116.676,255,0.00383681,-16.299725819950353,-22.897842586743593,-26.135559109999978
23.023,10,116.673,255,0.210641,-16.79113738892798,-23.167103860638438,-26.092339999999997
23.056367,10,116.673,255,0.00326931,-17.398774421084774,-24.15526757404026,-26.245160860000002
23.089733,10,116.673,255,0.00155273,-19.97168911372061,-25.65777750335156,-26.39797713999999
23.1231,10,116.674,255,0.00222439,-20.825460193174877,-26.94213898720292,-26.499516
23.156467,10,116.675,255,0.022207,-20.824213377255983,-28.288053232456758,-26.578262119999998
23.189833,10,116.682,255,0.141046,-19.17211238426922,-28.922263806318544,-26.657005880000003
23.2232,9,116.699,255,0.858383,-20.683154836684825,-29.32595841325643,-26.95406399999999
23.256567,9,116.697,255,0.0390256,-21.90111605324833,-29.35124224936722,-27.346793590000004
23.289933,9,116.692,255,0.0934961,-23.05213632288015,-30.746929852622866,-27.73951141000001
23.3233,9,116.694,255,0.0939648,-24.375297230383378,-33.18611379830306,-28.092863999999995
23.356667,9,116.695,255,0.0209592,-26.051940759387,-33.734588571227604,-28.42920336000002
23.390033,9,116.696,255,0.0111426,-23.832758579638988,-32.13334849892255,-28.76553264
23.4234,8,116.686,255,0.168834,-17.345082177612028,-25.778709988327755,-28.920990000000003
23.456767,8,116.686,255,0.0320464,-17.220997843817372,-25.229147700571783,-28.999402449999998
23.490133,8,116.688,255,0.00704644,-17.460175690198287,-26.032683973702724,-29.07781255
23.5235,8,116.685,255,0.102741,-18.990062883800253,-27.617921852160663,-28.95647500000001
23.556867,8,116.685,255,0.0224219,-22.069378500679708,-29.32384174598041,-28.751267950000003
23.590233,8,116.685,255,0.0142112,-21.22506296625105,-30.12721073188338,-28.54606705
23.6236,8,116.685,255,0.0120931,-18.537523328270872,-28.363668105892394,-28.32811600000001
23.656967,8,116.684,255,0.0117209,-15.970682260804345,-24.65844840920594,-28.10489076999999
23.690333,8,116.685,255,0.0099349,-18.75324024586319,-25.944820530445813,-27.881672230000003
23.7237,8,116.683,255,0.00889865,-19.96040623686308,-26.22545207936059,-27.99285400000001
23.757067,8,116.684,255,0.00831597,-22.284017717526922,-29.227144911826787,-28.240437139999994
23.790433,8,116.683,255,0.00942817,-23.550388610556443,-30.384722946280384,-28.488012859999998
23.8238,8,116.683,255,0.00944227,-23.32922567285426,-31.569299362021276,-28.615167999999997
23.857167,8,116.683,255,0.0090408,-19.242172728214573,-27.181023343692896,-28.693914120000002
23.890533,8,116.685,255,0.0678255,-18.125929435100705,-26.697601881920082,-28.772657880000008
23.9239,9,116.682,255,0.227186,-20.123098893732713,-28.41902089092013,-28.944375000000008
23.957267,9,116.683,255,0.0152919,-22.348944898326863,-29.28770078287167,-29.152918750000016
23.990633,9,116.682,255,0.0051237,-23.76157468232298,-30.784707435944238,-29.361456249999996
24.024,9,116.679,255,0.0715809,-25.682026455094856,-32.040331280303626,-28.98391999999999
24.057367,9,116.677,255,0.00634332,-18.83455450878955,-29.085546041203933,-28.37764161000003
24.090733,9,116.678,255,0.00480252,-16.53477531283396,-24.93128243433011,-27.771381390000023
24.1241,9,116.677,255,0.00444553,-16.127221793418666,-23.680553921389397,-27.297653000000032
24.157467,9,116.677,255,0.00407769,-18.082992268866562,-23.810056307209127,-26.874893109999995
24.190833,9,116.7,255,0.736819,-17.438385264801017,-22.891037786668512,-26.452145889999976
24.2242,9,116.699,255,0.035791,-17.731079939439386,-23.712687438923762,-26.095693999999998
24.257567,9,116.701,255,0.0301769,-17.964018559086906,-23.901937363333833,-25.764359689999985
24.290933,9,116.692,255,0.116032,-17.618563686978494,-24.35826023530515,-25.433035310000015
24.3243,9,116.691,255,0.0476801,-15.943745497117119,-23.256515009937637,-25.317484999999998
24.357667,9,116.689,255,0.0115245,-17.899674473516583,-23.87616192350244,-25.28244965
24.391033,9,116.691,255,0.149913,-18.01963012918952,-25.37325250335163,-25.247415349999997
24.4244,9,116.69,255,0.0310818,-21.054640478672564,-27.00990853942065,-25.407579999999996
24.457767,9,116.689,255,0.0152832,-22.901392490320184,-29.860481377349693,-25.639480650000007
24.491133,9,116.688,255,0.0143045,-24.917734019687803,-33.68844178085576,-25.87137435000001
24.5245,9,116.687,255,0.0431793,-19.33692513922085,-28.522620917217402,-26.213769999999993
24.557867,9,116.691,255,0.0539627,-16.209977356443034,-23.774488516054923,-26.59615582000001
24.591233,9,116.69,255,0.00674479,-15.765991434866176,-24.870413790090435,-26.978530179999975
24.6246,9,116.69,255,0.00268663,-17.65149027094175,-26.417350163830783,-27.421186000000002
24.657967,9,116.69,255,0.00285373,-21.600068936155253,-30.25419398199972,-27.885320969999988
24.691333,9,116.69,255,0.00242947,-23.16186270341721,-30.626651292504523,-28.34944203000001
24.7247,9,116.69,255,0.00198785,-22.364705598228106,-29.839296403037547,-28.421835
24.758067,9,116.69,255,0.00318468,-19.281794134580164,-27.28266438489653,-28.356769349999997
24.791433,9,116.668,255,0.0373557,-19.220473419611835,-26.136282753445293,-28.291705649999997
24.8248,9,116.608,255,0.0763542,-18.16624973027705,-27.18603976937139,-28.418095999999995
24.858167,9,116.541,255,0.132496,-18.767219316396336,-27.110495817849472,-28.610623590000014
24.891533,9,116.485,255,0.158597,-19.97888953030505,-27.71714967669804,-28.803145410000003
24.9249,9,116.437,255,0.155678,-21.495251638511412,-28.315109307256108,-28.819629999999997
24.958267,9,116.389,255,0.135156,-23.051075216284584,-30.708188958702358,-28.7762529
24.991633,9,116.42,255,0.0637793,-19.02980572569611,-28.06171349498454,-28.7328771
25.025,9,116.469,255,0.195126,-18.805820449116204,-28.08807594623343,-28.85224999999999
25.058367,9,116.501,255,0.0536372,-19.898789605887252,-28.70486758357548,-29.026092069999997
25.091733,9,116.532,255,0.107245,-21.54557001373468,-29.654654863310423,-29.19992893
25.1251,9,116.558,255,0.0477496,-22.720184021889896,-30.542246605371677,-29.40916199999999
25.158467,9,116.578,255,0.875299,-23.885775835044374,-30.578116499179675,-29.63005154000001
25.191833,9,116.578,255,0.0417405,-24.72319827908503,-33.11492138511296,-29.850934459999998
25.2252,9,116.577,255,0.09523,-20.453849070735487,-29.003923658322822,-30.177664000000014
25.258567,9,116.581,255,0.0929351,-20.499421869504076,-28.71276621243085,-30.538694939999992
25.291933,9,116.582,255,0.0230653,-23.70228842610041,-31.3190256465101,-30.899715059999995
25.3253,9,116.583,255,0.0178776,-26.370566615900152,-33.56097799306229,-31.10843999999999
25.358667,9,116.585,255,0.0199078,-27.832678255519596,-35.90980015736183,-31.268601600000004
25.392033,9,116.579,255,0.166182,-27.474367003093498,-35.86599506136022,-31.42875840000001
25.4254,9,116.581,255,0.0359907,-18.26742758754052,-29.63901284854458,-31.569108000000003
25.458767,9,116.581,255,0.00646593,-19.311004214034735,-27.914718570243444,-31.703243340000007
25.492133,9,116.582,255,0.028431,-20.286192711573623,-29.762172511179838,-31.837374659999995
25.5255,9,116.591,255,0.0730458,-23.24140857868099,-32.099089154127455,-32.10819000000001
25.558867,9,116.589,255,0.0730339,-25.41993046329799,-34.77956430917784,-32.42117245999999
25.592233,9,116.589,255,0.0160428,-27.704191827309767,-34.849411784277876,-32.73414553999999
25.6256,9,116.589,255,0.010944,-28.688105496953312,-36.52016214258932,-32.63829600000002
25.658967,10,116.594,255,0.175483,-22.532887731261567,-33.23623404861022,-32.41840747
25.692333,9,116.592,255,0.0349132,-21.144809336833216,-29.660520701134317,-32.19852552999999
25.7257,9,116.587,255,0.146846,-19.82528587306062,-29.89677734748977,-32.580274
25.759067,9,116.587,255,0.0117014,-24.803012476703987,-32.191312964095005,-33.14150694000003
25.792433,9,116.587,255,0.00384874,-28.075692453850557,-35.65491498110867,-33.702723059999975
25.8258,9,116.587,255,0.00196398,-32.873186809084324,-39.754074256304555,-33.006721999999975
25.859167,9,116.588,255,0.00629557,-30.156406300005695,-38.5955007262462,-31.94198103
25.892533,9,116.588,255,0.00498698,-19.37063036767595,-29.303811014999383,-30.877271969999953
25.9259,9,116.588,255,0.00406901,-17.066515203440847,-24.594846298879723,-30.569588
25.959267,9,116.589,255,0.00466254,-19.870213287897407,-25.99854009468461,-30.480164439999996
25.992633,9,116.588,255,0.00671441,-22.312945406693853,-28.326821301317228,-30.390743559999994
26.026,9,116.584,255,0.0428602,-24.32616167422893,-31.753891348598483,-30.399859999999997
26.059367,9,116.584,255,0.00321072,-27.609084816903575,-33.53357448882025,-30.43689737
26.092733,9,116.584,255,0.00247721,-26.149765783621675,-33.68805502156288,-30.473933629999998
26.1261,5,116.591,255,0.7726,-23.339241844325585,-31.737567009562603,-30.445721
26.159467,5,116.592,255,0.0355328,-23.154260214315855,-31.68779635170862,-30.39934087
26.192833,9,116.587,255,0.0879601,-23.198772110251728,-32.51470757136831,-30.352962129999998
26.2262,9,116.59,255,0.0904677,-24.496284590071667,-33.361961859654016,-30.662115999999987
26.259567,9,116.589,255,0.0214442,-27.15077621881594,-34.76704289059205,-31.068526060000003
26.292933,9,116.59,255,0.0130469,-29.321497366052622,-37.12597645605398,-31.47492394000001
26.3263,9,116.584,255,0.163481,-21.398475941783214,-32.43209542640879,-31.343762
26.359667,9,116.584,255,0.0297938,-17.36272979829375,-25.298527248019457,-31.06815057999998
26.393033,9,116.585,255,0.00666884,-17.088414418955658,-24.678489593043853,-30.79254742
26.4264,9,116.584,255,0.0142448,-18.826029336521103,-26.160644741620974,-30.380447999999973
26.459767,9,116.585,255,0.00940755,-20.793938202680973,-30.4371292909909,-29.93232919
26.493133,9,116.589,255,0.102059,-25.344477533399115,-32.37355270430802,-29.484223809999996
26.5265,9,116.594,255,0.171455,-22.26939296568891,-31.25968127692917,-29.09281500000002
26.559867,9,116.594,255,0.0365213,-17.68559146819461,-23.114635612337175,-28.716101570000003
26.593233,9,116.592,255,0.0175966,-18.36905369419711,-24.687833325208654,-28.33939943
26.6266,9,116.592,255,0.0133073,-19.327880034125588,-26.133578719073785,-28.400787999999995
26.659967,9,116.591,255,0.00556424,-21.51603787212907,-28.071425370957222,-28.57362906000001
26.693333,9,116.59,255,0.0181141,-23.356720739605294,-29.592407040875624,-28.746464939999996
26.7267,9,116.589,255,0.00638346,-23.624345715758864,-31.070586493062734,-28.882994000000004
26.760067,9,116.589,255,0.0159093,-21.91289559654061,-31.30133623175362,-29.010455939999996
26.793433,9,116.588,255,0.00551107,-22.42968531311519,-30.526697346957917,-29.13791406
26.8268,9,116.588,255,0.0149186,-23.303224320348676,-30.43687871958935,-29.613239999999976
26.860167,9,116.588,255,0.00329644,-23.400768510617347,-31.199114466179164,-30.17380560000002
26.893533,9,116.587,255,0.0124425,-25.235504702011177,-32.772476067641776,-30.734354400000047
26.9269,9,116.586,255,0.00489692,-28.506786787231036,-35.409127275769876,-31.266406000000014
26.960267,11,116.587,255,0.26072,-29.69986523395682,-37.84666034420852,-31.79160258000004
26.993633,12,116.582,255,0.298972,-25.599000952327565,-34.477000495711124,-32.316783419999986
27.027,12,116.575,255,0.296309,-22.0983629826091,-30.808981195237426,-32.49935000000001
27.060367,12,116.575,255,0.00880642,-22.458513776121535,-31.12828064018187,-32.60111935
27.093733,10,116.599,255,0.775546,-23.78168112721481,-31.573940557701288,-32.70288565
27.1271,10,116.591,255,0.137043,-24.18625604218804,-31.94673983209117,-32.703301
27.160467,10,116.591,255,0.0917101,-25.354533257054467,-32.42333929680322,-32.68027777
27.193833,10,116.591,255,0.0236567,-23.261835276941582,-32.446194553368,-32.65725523
27.2272,11,116.587,255,0.138893,-21.739433461001433,-30.904683539889533,-32.509384
27.260567,11,116.587,255,0.195622,-21.901476230816424,-30.148653354427534,-32.33320623999999
27.293933,12,116.586,255,0.0377919,-21.289397340020773,-29.452779002718668,-32.157033760000004
27.3273,12,116.585,255,0.162114,-23.534247157783955,-31.15942416997154,-32.36824300000001
27.360667,12,116.585,255,0.0139486,-26.760800293521747,-35.44324706046666,-32.66554297
27.394033,12,116.584,255,0.0333919,-28.201976573384037,-37.63236357197775,-32.96283403000001
27.4274,12,116.583,255,0.0166276,-31.57512165697928,-40.86385039097189,-33.113817999999995
27.460767,12,116.583,255,0.129901,-25.300151396006072,-34.88288001054699,-33.23293819
27.494133,12,116.578,255,0.175273,-24.844806567076077,-33.54932388778476,-33.352054810000006
27.5275,12,116.58,255,0.117683,-24.904165510195423,-33.8387589389678,-33.74479999999999
27.560867,12,116.58,255,0.0131868,-25.335161470797953,-33.78575428142869,-34.19592183999996
27.594233,12,116.579,255,0.0233561,-26.149129328926872,-34.17015038939665,-34.64703015999997
27.6276,12,116.579,255,0.0133789,-27.802229035156785,-36.20773173112079,-34.9251
27.660967,12,116.578,255,0.0827203,-25.064455133174697,-34.45149312328354,-35.167010749999996
27.694333,11,116.577,255,0.205053,-25.209522363802513,-34.79068637659962,-35.40891425000001
27.7277,11,116.576,255,0.0212967,-26.68702946683542,-34.89323506403225,-35.532545999999996
27.761067,12,116.575,255,0.0531825,-26.197935927998852,-35.015917684385684,-35.63197966
27.794433,12,116.574,255,0.0289855,-27.615063088313907,-36.90825617873737,-35.731410340000004
27.8278,12,116.575,255,0.0235015,-30.223620175924548,-38.65165052632068,-35.819724
27.861167,12,116.573,255,0.0211155,-29.47278252496134,-37.464193467304185,-35.905810859999995
27.894533,12,116.573,255,0.140348,-28.10434316200291,-36.794945682417094,-35.991895140000004
27.9279,12,116.573,255,0.0305252,-25.67732824383602,-34.75228635609809,-36.20074200000001
27.961267,12,116.573,255,0.035178,-24.285503436084973,-34.21651416345563,-36.43364366
27.994633,12,116.574,255,0.0279091,-27.31741587522263,-34.49912658432558,-36.66653834
28.028,12,116.571,255,0.0725228,-29.781134582102588,-37.06808634308337,-36.55924000000001
28.061367,10,116.629,255,0.675647,-32.483317897909494,-40.077997832661595,-36.38673261
28.094733,10,116.606,255,0.124239,-31.91840769788581,-40.16005116443996,-36.21423039
28.1281,10,116.605,255,0.0153396,-23.68076673043033,-34.829585225321175,-36.147941
28.161467,10,116.602,255,0.0771864,-22.008435190831122,-30.339703596540673,-36.10156087
28.194833,10,116.6,255,0.0555046,-23.767778077809865,-32.86554330167769,-36.05518213
28.2282,10,116.598,255,0.040446,-26.29794167008881,-34.586649191956425,-36.36919800000002
28.261567,10,116.596,255,0.0358203,-30.66633350417163,-39.9878837185712,-36.74924812999999
28.294933,12,116.595,255,0.110937,-32.29030613162709,-39.46682491323303,-37.129286869999994
28.3283,12,116.595,255,0.01912,-32.62200406121683,-39.6625734188619,-37.35396999999999
28.361667,12,116.595,255,0.0149989,-31.412145339099155,-40.81225329184836,-37.55083530000001
28.395033,12,116.592,255,0.0970595,-32.645755333005546,-40.11820985065413,-37.74769470000002
28.4284,12,116.605,255,0.0268099,-33.324449729526975,-41.52484279009047,-38.72158400000003
28.461767,12,116.628,255,0.0393685,-32.3303541708151,-42.27617585107576,-39.83137041999996
28.495133,12,116.649,255,0.0379742,-35.49328803426616,-43.80957138803731,-40.941123579999974
28.5285,12,116.674,255,0.117118,-37.691929811137804,-44.86991441663163,-41.78158500000002
28.561867,12,116.69,255,0.0336892,-33.30704512797068,-43.81779703825057,-42.57605326999997
28.595233,12,116.707,255,0.0445215,-31.957788357849406,-42.129765525383334,-43.370497729999975
28.6286,12,116.722,255,0.0329905,-35.2302786058688,-45.12296744213188,-43.94646199999997
28.661967,12,116.732,255,0.0739399,-38.109699795387556,-48.19635351310183,-44.48600639000001
28.695333,12,116.739,255,0.0229774,-39.367122910846334,-49.36992045795443,-45.02553461000004
28.7287,12,116.742,255,0.0259256,-39.7424655653682,-49.300885839356866,-45.314241
28.762067,12,116.744,255,0.0179644,-42.662303430017744,-50.667695677041316,-45.56215780999999
28.795433,12,116.747,255,0.0611914,-40.82619735095883,-50.06782410532985,-45.81006718999999
28.8288,12,116.746,255,0.104937,-39.263525678775274,-49.377744584090635,-45.830176
28.862167,12,116.745,255,0.013571,-35.00109221937852,-42.94602636197459,-45.81415984
28.895533,12,116.744,255,0.00850043,-35.55388220643107,-42.48741610321557,-45.79814416
28.9289,12,116.744,255,0.0281185,-35.788870991281165,-43.418199896217075,-45.535033
28.962267,12,116.744,255,0.00709635,-35.5475829224712,-43.77238875550762,-45.23372898999999
28.995633,12,116.744,255,0.0186979,-36.19281204050066,-43.504526363240075,-44.93243400999999
29.029,5,116.736,255,1.0718,-32.11716910424648,-41.69815247553189,-44.781060000000004
29.062367,5,116.736,255,0.0464464,-31.25209270247921,-40.12592772835482,-44.65226338000001
29.095733,5,116.738,255,0.045957,-35.929076530983416,-44.77845344361116,-44.523470620000005
29.1291,5,116.735,255,0.094401,-37.190119043266264,-44.97342392017063,-44.639114
29.162467,5,116.737,255,0.225654,-38.29375471294651,-46.96794324749231,-44.79060018
29.195833,8,116.74,255,0.174761,-42.23837587334177,-48.42269658083719,-44.942081820000006
29.2292,8,116.74,255,0.0241298,-40.43385742089728,-48.71157211756434,-45.35403199999999
29.262567,8,116.742,255,0.00808811,-40.657503547508675,-50.59950346791364,-45.80315182000001
29.295933,8,116.742,255,0.00433268,-40.326105287676185,-50.37334282393457,-46.25225818000001
29.3293,8,116.735,255,0.156978,-42.02486428172315,-51.33482144592884,-47.167541
29.362667,8,116.737,255,0.0848806,-44.14701439895936,-52.014202867529114,-48.14752978999997
29.396033,9,116.741,255,0.15935,-44.52229708348567,-52.56175400609384,-49.127489210000014
29.4294,9,116.74,255,0.00696398,-46.12454300309383,-52.68966751296116,-49.59297800000002
29.462767,9,116.739,255,0.029171,-39.84447166897913,-52.16268669485335,-49.989044289999995
29.496133,9,116.74,255,0.00935438,-38.09860166535413,-47.95206429925466,-50.38509871
29.5295,10,116.74,255,0.175074,-42.21634693943939,-51.31980022696163,-50.754024999999984
29.562867,10,116.742,255,0.009324,-42.91512398171845,-52.57868630895794,-51.11939365
29.596233,10,116.739,255,0.103281,-44.74794054288931,-53.4993293119903,-51.48475135
29.6296,10,116.74,255,0.135971,-45.14124642342848,-54.040096537899025,-51.62072
29.662967,10,116.739,255,0.0612717,-44.31609706402951,-54.18988543564267,-51.72749439999999
29.696333,10,116.74,255,0.0042947,-43.59100384249735,-52.804308945295865,-51.834265599999995
29.7297,11,116.738,255,0.102076,-44.12660398153169,-53.211648425705334,-52.29179700000002
29.763067,11,116.738,255,0.0138216,-43.97211055032096,-53.5395824812729,-52.79263566999999
29.796433,11,116.739,255,0.0042513,-47.22150253679581,-57.044622459829434,-53.29345933
29.8298,12,116.74,255,0.124467,-50.16896893638933,-57.27671516415867,-51.67700800000007
29.863167,12,116.74,255,0.0038444,-51.82657672503983,-58.76360188965973,-49.80712131999993
29.896533,12,116.74,255,0.00039388,-52.438730303801634,-60.286814368162055,-47.93729067999984
29.9299,12,116.737,255,0.0710525,-32.37712988694079,-41.8615184110338,-47.01224399999998
29.963267,11,116.735,255,0.102807,-29.34627298185912,-37.92748559588431,-46.19675452000003
29.996633,2,116.858,255,1.85315,-29.75486013378334,-36.72073176430877,-45.38128948000002
30.03,2,116.854,255,0.099834,-33.14549230319261,-40.78173652819597,-45.2459
30.063367,2,116.854,255,0.114242,-38.66150914611166,-45.27736878966859,-45.18684041
30.096733,2,116.85,255,0.157665,-39.15739934833358,-47.19015993592089,-45.12778259
30.1301,2,116.85,255,0.0177496,-40.95868922683171,-47.574497192096715,-45.095512
30.163467,1,116.851,255,0.186033,-40.30143190507665,-47.58720785979467,-45.06614904
30.196833,1,116.86,255,0.325884,-41.37629802376644,-48.274626096892305,-45.03678695999999
30.2302,1,116.859,255,0.00698568,-45.567286656745104,-51.529112292959624,-45.77450400000001
30.263567,1,116.856,255,0.0404416,-45.52099670004219,-50.83245057446207,-46.59266283999995
30.296933,1,116.849,255,0.185098,-47.03878537264444,-52.30811161723066,-47.41079715999996
30.3303,1,116.85,255,0.025918,-50.2943270722825,-53.837867276473176,-49.21431200000006
30.363667,1,116.856,255,0.249264,-47.24946626136728,-53.84707763860522,-51.117565680000006
30.397033,4,116.848,255,0.31502,-41.39753105639165,-53.12861221108162,-53.0207623200001
30.4304,4,116.793,255,0.34846,-47.34561279558397,-56.18630326033532,-54.09835199999999
30.463767,4,116.792,255,0.0129134,-52.151545237566275,-58.91766885838847,-55.09535796000004
30.497133,5,116.797,255,0.125107,-55.58322296325134,-61.84463483416154,-56.09233404000005
30.5305,5,116.802,255,0.0774902,-58.155080132049086,-63.95204777401223,-56.80172499999999
30.563867,7,116.795,255,0.191404,-61.63786476385101,-66.78101018318172,-57.48408014999995
30.597233,7,116.789,255,0.184132,-52.902414318098714,-64.15651956368067,-58.16641484999995
30.6306,7,116.78,255,0.153962,-54.98917554438922,-65.39899151035905,-59.24473400000001
30.663967,7,116.779,255,0.00375651,-61.854350916186185,-70.43960157047766,-60.35885812999998
30.697333,7,116.778,255,0.0348752,-67.26365119068156,-74.07006699006281,-61.47294887000003
30.7307,7,116.777,255,0.0150282,-54.65283040627204,-64.98550711962714,-60.45864200000003
30.764067,7,116.779,255,0.138971,-54.38769985843533,-63.496449099564046,-59.259432019999984
30.797433,7,116.774,255,0.124982,-58.21421031772387,-64.21867998490615,-58.06025797999997
30.8308,7,116.767,255,0.114936,-41.79286958814979,-52.74022408039189,-57.191224000000005
30.864167,7,116.766,255,0.00881293,-40.58871291548347,-48.900115987062726,-56.34970826000003
30.897533,8,116.767,255,0.133517,-40.57588500932824,-49.152451148127255,-55.508217739999985
30.9309,8,116.766,255,0.0425217,-45.189962419912874,-53.55788308564202,-55.217030999999984
30.964267,9,116.769,255,0.919755,-47.694804299676555,-54.03267859879058,-54.96978153
30.997633,9,116.773,255,0.049579,-52.286270641698735,-59.14129341117471,-54.722539469999994
31.031,9,116.765,255,0.100237,-48.85938950386743,-57.440556358880606,-54.48118000000001
31.064367,9,116.764,255,0.18407,-44.94022290156558,-54.054915780725636,-54.240270259999996
31.097733,9,116.763,255,0.00619683,-44.86656403248492,-53.31050038742801,-53.99936774
31.1311,9,116.764,255,0.0333691,-47.11770506004498,-55.5087346447923,-54.36646299999999
31.164467,9,116.768,255,0.121906,-45.91445348614832,-55.793829953733685,-54.77787810999998
31.197833,9,116.767,255,0.0781651,-50.57304360354344,-58.16914730974028,-55.18928089
31.2312,10,116.763,255,0.158211,-51.1523773807715,-58.723565455913395,-55.04907999999999
31.264567,10,116.764,255,0.21483,-46.23577571444697,-56.852466898847375,-54.87056655
31.297933,10,116.762,255,0.0359744,-41.27654429827032,-50.11590521028457,-54.69205845
31.3313,10,116.761,255,0.00455187,-43.23704022082105,-51.4766144700946,-54.597116
31.364667,10,116.761,255,0.0180903,-43.5871805521025,-52.163951391224884,-54.50769243999999
31.398033,10,116.756,255,0.130977,-47.130990870535335,-53.27369442026814,-54.41827155999999
31.4314,10,116.756,255,0.00990343,-48.23594314761168,-54.096985329208266,-54.467321999999996
31.464767,10,116.753,255,0.02824,-48.146179218430696,-54.47843683059905,-54.52504690999999
31.498133,11,116.755,255,0.192865,-48.48570020972202,-55.156093893217076,-54.58277009
31.5315,11,116.753,255,0.057041,-49.73969616898701,-55.86419070247973,-54.66916
31.564867,11,116.752,255,0.00703885,-49.844274790184166,-56.603625820419026,-54.75724888
31.598233,11,116.751,255,0.013482,-51.831276940514705,-57.68041192209252,-54.84533512
31.6316,12,116.751,255,0.0634049,-52.58839957404006,-59.09299059414978,-55.67949999999995
31.664967,12,116.751,255,0.00657227,-54.264521784418505,-61.1557497166362,-56.55538375000002
31.698333,12,116.75,255,0.0882389,-56.03984674124598,-64.59693018576856,-57.43124125000006
31.7317,12,116.747,255,0.0935894,-51.32890681746601,-61.86548828603592,-58.14577200000001
31.765067,12,116.747,255,0.00755642,-49.42806576993391,-56.751579906201655,-58.851817719999964
31.798433,12,116.746,255,0.017041,-50.69766643369417,-59.85764776262105,-59.557842279999974
31.8318,12,116.747,255,0.128455,-52.68687661812162,-59.85162164141809,-60.44451200000003
31.865167,12,116.747,255,0.00694444,-54.948183965921345,-63.908188800168794,-61.340082280000004
31.898533,12,116.746,255,0.0153505,-60.431544188900276,-68.10383544717348,-62.23562572000005
31.9319,2,116.8,255,1.14957,-60.121515838981814,-68.66971262925973,-62.883970999999995
31.965267,5,116.792,255,0.177241,-61.42519616377606,-69.35282597496946,-63.52094703000002
31.998633,5,116.799,255,0.239412,-61.53684147138244,-68.19211536394315,-64.15790397000004
32.032,5,116.8,255,0.0148947,-60.964086999999644,-68.96424999999988,-65.19839999999988
32.065367,5,116.798,255,0.0307921,-62.62670398645297,-69.96872644100695,-66.25613390000004
32.098733,5,116.792,255,0.120036,-63.81333174210191,-71.2361588461612,-67.31383610000005
32.1321,5,116.794,255,0.185726,-65.23485278380919,-72.21071053307092,-68.76543699999998
32.165467,5,116.792,255,0.0197841,-66.1473999020343,-73.77562516799472,-70.23258398999988
32.198833,7,116.788,255,0.145839,-66.62522412839262,-75.45884450846106,-71.6996870099999
32.2322,7,116.776,255,0.275034,-66.68512162257423,-76.55133538028483,-72.42655599999996
32.265567,7,116.773,255,0.0306445,-69.22856335972422,-77.95711355547726,-73.12659565999996
32.298933,8,116.773,255,0.124926,-72.07350244536534,-80.40261440116176,-73.82661434000002
32.3323,8,116.772,255,0.0070855,-78.03398965926026,-86.32552381549677,-75.13970799999996
32.365667,8,116.772,255,0.0166829,-82.52957858219656,-91.0595034910702,-76.47305332000016
32.399033,9,116.761,255,0.195446,-86.28150501448586,-96.11948871762138,-77.80635868000017
32.4324,9,116.762,255,0.0830219,-89.74299321023766,-100.00262380987199,-79.4303320000001
32.465767,9,116.761,255,0.0638129,-93.03935967646377,-107.16642097098406,-81.06297931
32.499133,10,116.748,255,0.232,-inf,-inf,-82.69557769000002
32.5325,10,116.749,255,0.021084,-inf,-inf,-85.88237499999984
32.565867,10,116.749,255,0.00177734,-inf,-inf,-89.11063224999964
32.599233,10,116.749,255,0.00290582,-inf,-inf,-92.33879274999968
32.6326,10,116.744,255,0.151647,-inf,-inf,-97.02133599999924
32.665967,14,48.7599,62,68.119,-inf,-inf,-101.73809511999995
32.699333,15,34.1889,42,14.578,-inf,-inf,-106.45471288000002
32.7327,16,34.189,42,6.94444e-05,-inf,-inf,-112.83067000000005
32.766067,16,34.189,42,1.73611e-05,-inf,-inf,-119.2404707000001
32.799433,16,34.1891,42,0.00142795,-inf,-inf,-125.65007930000064
32.8328,16,34.1891,42,0.0,-inf,-inf,-108.19099199999933
32.866167,15,34.1875,42,0.0049056,-inf,-inf,-90.31929313000045
32.899533,16,34.1875,40,0.00167535,-58.76650336380248,-65.68331093784259,-72.44812987000023
32.9329,16,34.1875,40,0.0,-57.00469864188695,-63.964908616950495,-61.469310000000824
32.966267,14,37.8696,51,3.68404,-57.07505075151194,-64.38810533820849,-50.5883312999992
32.999633,14,48.1892,72,10.3222,-45.30488409618382,-59.06962945476674,-39.70767869999906
33.033,14,58.9406,96,10.758,-35.46763362719744,-47.111976146392955,-37.638359999999956
33.066367,10,69.5368,119,10.6068,-22.164014931660407,-30.610241138372952,-35.667037640000075
33.099733,10,79.5818,143,10.067,-18.433907168752636,-26.132422407818904,-33.69577436000005
33.1331,8,89.8815,164,10.3263,-22.93342299578133,-31.65921485754501,-33.43439800000002
33.166467,8,99.6623,188,11.1855,-22.69868067608858,-29.514759483898217,-33.18681486000004
33.199833,0,108.517,211,8.96187,-25.631967072563462,-34.88327233230147,-32.93923914000004
33.2332,0,117.946,223,9.53321,-27.80887677232428,-38.16360604621929,-32.232832000000094
33.266567,0,126.269,252,8.38874,-25.599831732902093,-38.49935286485726,-31.524116919999937
33.299933,3,134.478,255,8.32155,-47.557747874705015,-58.08348208550419,-30.815423079999878
33.3333,3,142.079,255,9.43252,-26.963301270004692,-37.91211255880622,-29.200281999999824
33.366667,1,142.502,255,0.803031,-18.431306173807076,-25.610354501921826,-27.583317179999927
33.400033,3,142.537,255,0.140621,-16.662844288942136,-23.907028598978187,-25.967741279999984
33.4334,0,142.699,255,0.307108,-13.966718659182602,-20.978781400300136,-25.706144000000002
33.466767,2,142.704,255,0.0474805,-13.407279482116808,-20.543942653494224,-25.44454672000002
33.500133,0,143.126,255,2.06004,-18.453153720071167,-23.361877326333456,-25.18408645
33.5335,4,143.236,255,0.305929,-19.91848583588779,-24.681557108095234,-25.205775
33.566867,0,143.276,255,0.124082,-16.501840548420333,-24.607745316583866,-25.22746355
33.600233,0,143.356,255,0.294094,-23.403735114564867,-33.26122521848818,-25.24888583
33.6336,0,143.436,255,0.263788,-33.42143026300734,-40.056675896737566,-25.232536
33.666967,3,143.457,255,2.36266,-37.790621585290666,-42.90267584151332,-25.21618617
33.700333,0,143.452,255,0.086288,-31.101203371801272,-38.91244110387198,-25.211242079999924
33.7337,0,143.486,255,0.249297,-20.95597349753936,-29.93470849922692,-26.337711999999932
33.767067,3,143.533,255,0.240282,-17.60630502990561,-25.125031747633546,-27.46418191999994
33.800433,2,143.578,255,0.252795,-18.88874101378075,-28.02235780494954,-28.589808370000032
33.8338,3,143.628,255,3.49551,-24.49471526502223,-30.957465370535147,-29.653881999999967
33.867167,7,143.9,255,1.60873,-25.42070351249251,-33.06169310359553,-30.717955630000127
33.900533,7,143.895,255,0.0332053,-35.784364632681836,-45.9738078502321,-31.765639600000007
33.9339,7,143.893,255,0.0219846,-25.07656891454547,-37.327941763183745,-31.805680000000002
33.967267,7,143.887,255,0.0998872,-22.72681831673874,-30.660424554492035,-31.8457204
34.000633,7,143.569,255,3.24654,-35.2185181867529,-44.90173879402801,-31.890855250000005
34.034,7,143.549,255,0.162177,-49.176191998410374,-59.28960088271974,-32.199499999999986
34.067367,7,143.536,255,0.158677,-29.56448577232533,-41.291951083440075,-32.50814474999997
34.100733,7,143.53,255,0.109006,-26.74209701003317,-38.173842685887934,-32.795501260000066
34.1341,7,143.532,255,0.0334744,-20.567133820287268,-29.156254226539623,-32.13550200000011
34.167467,7,143.236,255,4.60358,-18.95170874902731,-29.32353951624247,-31.475502740000007
34.200833,7,143.231,255,0.0514453,-20.865375129464628,-29.568804747914104,-30.82594409
34.2342,7,143.229,255,0.011556,-18.820203694042192,-28.11763977176215,-30.583365999999998
34.267567,7,143.227,255,0.0240061,-17.47165301603075,-27.301812599981247,-30.340787909999996
34.300933,9,143.223,255,0.11941,-18.739049525523793,-28.65921731627051,-30.10269548999999
34.3343,9,143.782,255,5.82488,-21.97304925307023,-30.641506413330834,-30.020279
34.367667,9,143.774,255,0.0460905,-24.229803339614577,-30.83906555139926,-29.937862510000002
34.401033,9,143.772,255,0.0116037,-25.266707602418673,-31.6884814700478,-29.869270029999996
34.4344,9,143.77,255,0.0239616,-26.518132269863276,-33.95965105751565,-30.233303999999972
34.467767,9,143.77,255,0.0799989,-35.386875518611006,-45.45647238305294,-30.59733797000003
34.501133,9,143.299,255,5.40063,-54.528867426944046,-60.83399872226118,-30.974163930000067
34.5345,9,143.286,255,0.103492,-55.20643869733815,-62.06348511193465,-31.71524500000002
34.567867,9,143.285,255,0.0115972,-49.92606288103119,-58.273756613792216,-32.456326069999974
34.601233,9,143.264,255,0.111479,-30.25037728011485,-42.25225863935378,-33.185400169999994
34.6346,9,143.268,255,0.0185319,-23.002170797121977,-31.18343286312303,-33.60215399999996
34.667967,9,143.509,255,4.73656,-22.002159887263865,-30.728214817184647,-34.01890782999993
34.701333,9,143.504,255,0.0418457,-22.008351883232642,-30.181093803356525,-34.37895668000014
34.7347,9,143.502,255,0.0275087,-23.766746538461135,-31.756326648712903,-33.37661200000013
34.768067,9,143.498,255,0.0691927,-36.09774125692621,-43.54310700839109,-32.37426731999991
34.801433,9,143.493,255,0.107531,-48.15836782941945,-58.29202347194525,-31.392501899999907
34.8348,13,104.453,255,42.9747,-26.949077653635044,-39.1495086579945,-30.868639999999942
34.868167,13,104.456,255,0.090587,-14.383392239066227,-23.92297120953451,-30.344778099999974
34.901533,13,104.462,255,0.0224816,-15.182075855816969,-25.205339528920927,-29.851591900000006
34.9349,13,104.464,255,0.00712457,-20.018508708104505,-31.165206448506627,-29.99507
34.968267,13,104.467,255,0.0111957,-27.465419352769125,-37.95886401096767,-30.13854809999999
35.001633,13,104.474,255,0.375042,-38.9910046255088,-48.45774700084258,-30.26742288000001
35.035,13,104.482,255,0.100308,-40.95689075143078,-52.70771904814013,-30.11260000000002
35.068367,13,104.483,255,0.0147146,-24.44692040303736,-34.231332295035635,-29.957777119999996
35.101733,13,104.491,255,0.0384191,-21.279191796568664,-28.53415545626699,-29.79944088999999
35.1351,13,104.493,255,0.0121332,-21.555952088032562,-30.028970391646656,-29.576883000000002
35.168467,13,104.529,255,0.430634,-23.919687543826736,-30.620812788694067,-29.354325110000016
35.201833,13,104.529,255,0.0248568,-16.643187444241264,-27.63970467093257,-29.156611039999984
35.2352,13,104.531,255,0.0319032,-17.19112219977501,-25.430358441829938,-29.386175999999985
35.268567,13,104.533,255,0.0124327,-18.18109102728148,-25.29340018862765,-29.61574095999999
35.301933,13,104.534,255,0.0154492,-19.776094956313862,-28.03552269204087,-29.83259923
35.3353,13,104.503,255,0.276769,-26.021669961513826,-34.258571853277274,-29.842942999999998
35.368667,13,104.501,255,0.0273166,-36.690140231463246,-45.27652552854752,-29.85328677
35.402033,13,104.51,255,0.0931141,-27.252115531055043,-37.10004113242374,-29.861841189999996
35.4354,13,104.51,255,0.00916558,-23.868761656730843,-33.16638170196534,-29.842821999999998
35.468767,13,104.51,255,0.0105111,-35.01858228655118,-42.13030589846679,-29.82380281
35.502133,13,104.49,255,0.252188,-37.22555451895916,-45.05290672207259,-29.881017610000022
35.5355,13,104.494,255,0.0951801,-19.17856198495308,-28.559480772654016,-31.054534999999948
35.568867,13,104.495,255,0.0139334,-20.545089349411548,-28.677489850278835,-32.228052389999874
35.602233,13,104.495,255,0.00721897,-25.527677925138725,-35.4808354474745,-33.23211690000013
35.6356,13,104.502,255,0.0671701,-44.36391699976344,-51.66959516589107,-31.874080000000216
35.668967,13,104.463,255,0.405264,-35.29856811587654,-46.5538951747994,-30.51604310000001
35.702333,13,104.457,255,0.0314345,-16.668501681713668,-24.943719108563783,-29.25684945
35.7357,13,104.459,255,0.0409104,-17.426368242195554,-24.27476906032624,-29.311905
35.769067,13,104.459,255,0.0145226,-16.638743349599157,-24.730184951342775,-29.36696055
35.802433,13,104.493,255,0.634982,-26.910198937564246,-38.66841995631366,-29.379436949999945
35.8358,13,104.593,255,1.12399,-41.585435755448884,-51.52126337997461,-28.850569999999976
35.869167,13,104.589,255,0.0509874,-41.62955704359219,-53.30801870066545,-28.32170305000001
35.902533,13,104.588,255,0.00969727,-18.788598744767395,-30.183583433559438,-27.815724940000003
35.9359,13,104.588,255,0.0178451,-16.198528148214184,-23.461678973610194,-27.588162000000015
35.969267,13,104.59,255,0.0131651,-16.613950462335275,-23.914154542680297,-27.36059905999998
36.002633,13,104.585,255,1.30228,-18.804164718759072,-26.612102925002826,-27.193496620000047
36.036,13,104.576,255,0.0839659,-23.405725335441833,-32.707082732573284,-27.732040000000012
36.069367,13,104.576,255,0.0536198,-19.01897464469859,-28.753261899221858,-28.27058337999998
36.102733,13,104.58,255,0.0365538,-18.86670295917123,-27.945382432850376,-28.72925236000001
36.1361,13,104.583,255,0.0249935,-20.58905463363649,-29.20975114507364,-28.29281200000004
36.169467,13,104.753,255,1.24111,-22.999759954483945,-31.30063496751538,-27.856371640000066
36.202833,13,104.747,255,0.0387142,-18.026604587118545,-25.269605995359306,-27.507172429999923
36.2362,13,104.743,255,0.0397786,-18.173273186705742,-26.917389304785704,-28.098101999999926
36.269567,13,104.743,255,0.00590603,-19.53048317779977,-29.096339044907115,-28.689031570000058
36.302933,13,104.745,255,0.0189247,-20.45363875001178,-29.896551422397238,-29.24703517000004
36.3363,13,104.718,255,1.09889,-21.43022170360503,-31.368224121080438,-29.463587000000025
36.369667,13,104.708,255,0.0457563,-27.20942200548404,-35.5146275703837,-29.68013883000001
36.403033,13,104.706,255,0.0373079,-31.368404516850912,-43.0461839556542,-29.89183137000001
36.4364,13,104.701,255,0.0500629,-21.20062846210191,-34.634930774153084,-30.054996
36.469767,13,104.7,255,0.0145399,-17.977433786949792,-30.299448855857136,-30.21816062999999
36.503133,13,104.654,255,0.399163,-20.138382107715014,-30.869713623511302,-30.42239399999997
36.5365,13,104.649,255,0.105807,-24.91120122865965,-34.4436874574602,-31.02299999999993
36.569867,13,104.651,255,0.0128971,-25.849926337395672,-33.41362144857971,-31.623606000000017
36.603233,13,104.648,255,0.0522081,-22.373050170298782,-31.04608755983635,-32.13551280999998
36.6366,13,104.649,255,0.0100174,-22.099327911127784,-31.50858092340864,-31.820862
36.669967,13,104.697,255,0.356281,-23.301599960249476,-31.700281079595037,-31.506211190000023
36.703333,13,104.695,255,0.0261816,-22.7294883648636,-30.605095498453174,-31.169871980000032
36.7367,13,104.694,255,0.00801432,-19.74613727698865,-28.213673434303665,-30.63800200000003
36.770067,14,104.811,255,0.659716,-18.78361262426182,-27.698477036373994,-30.106132020000025
36.803433,14,104.783,255,0.0794965,-18.184393374443353,-26.317016107579803,-29.617259139999998
36.8368,14,104.756,255,0.350852,-18.670789470047758,-26.63676751439009,-29.503144000000002
36.870167,14,104.753,255,0.0218327,-19.38681413847101,-26.637110107720517,-29.389028859999986
36.903533,14,104.751,255,0.00895508,-20.22803936345747,-27.83481056173261,-29.306537490000025
36.9369,14,104.751,255,0.00557509,-22.264297788262425,-29.795471407397134,-29.491057000000012
36.970267,14,104.749,255,0.00727865,-21.736296386987856,-31.14431376385114,-29.67557651
37.003633,14,104.711,255,0.227134,-29.509835898092227,-37.57423861266588,-29.891116310000008
37.037,14,104.704,255,0.0733333,-33.8514128565603,-43.838289811465835,-30.36058999999998
37.070367,14,104.695,255,0.0555718,-35.45920051525823,-45.45293630586422,-30.83006368999995
37.103733,14,104.694,255,0.011097,-36.001726271316734,-46.063707631650495,-31.408862879999862
37.1371,14,104.687,255,0.101576,-37.13494402742203,-47.639390672056905,-32.85565599999977
37.170467,14,104.695,255,0.969637,-39.181610032906946,-49.47377108226696,-34.302449119999984
37.203833,14,104.69,255,0.0424099,-40.703206424834775,-51.342513021094106,-35.91321295000004
37.2372,14,104.69,255,0.0171647,-41.88074577471544,-51.71684357516531,-38.787780000000055
37.270567,14,104.687,255,0.029324,-42.95159646892278,-53.54199864404238,-41.66234705000008
37.303933,14,104.688,255,0.0226628,-44.43385270510496,-54.18237356096202,-43.69182289999956
37.3373,14,104.688,255,1.18516,-41.70124758971513,-55.15834649948418,-39.39748999999983
37.370667,14,104.681,255,0.04338,-47.662379282894975,-58.32016845835083,-35.1031571000001
37.404033,14,104.68,255,0.0389714,-13.687613958282476,-25.34068211296559,-31.29698623
37.4374,14,104.679,255,0.00654948,-16.667523414990683,-24.380718787324767,-31.04039400000002
37.470767,14,104.677,255,0.0318349,-19.774543493203414,-26.856565795725274,-30.783801769999982
37.504133,14,104.755,255,1.60088,-31.296202111049368,-40.742819491352655,-30.504940359999964
37.5375,14,104.75,255,0.0985026,-31.334599481297374,-42.71725476839778,-30.06849999999999
37.570867,14,104.75,255,0.0132237,-19.670765732480188,-27.35284685112265,-29.632059640000016
37.604233,14,104.747,255,0.0402029,-19.598387542983033,-27.635354761882443,-29.20282846000001
37.6376,14,104.748,255,0.0207172,-20.592831325926962,-26.653875082407517,-28.823112000000034
37.670967,14,105.051,255,1.77278,-28.18435785684708,-37.362946798254804,-28.443395540000058
37.704333,14,105.048,255,0.0953158,-24.576015328459118,-33.852753481414894,-28.157976539999954
37.7377,14,105.106,255,0.672327,-18.610481546826637,-25.683568967141674,-28.504325999999956
37.771067,14,105.08,255,0.0756738,-22.192870037969954,-29.034560524820993,-28.850675460000033
37.804433,14,105.081,255,0.0142502,-20.847716926311183,-27.617576832559703,-29.17360830000003
37.8378,14,105.105,255,1.06666,-19.675024957811758,-26.432856716073623,-29.34378000000002
37.871167,14,105.099,255,0.0347168,-21.42789634959923,-28.421865671494917,-29.51395170000001
37.904533,14,105.098,255,0.0179633,-29.43763285360876,-36.08781657755723,-29.68221444000001
37.9379,14,105.097,255,0.00589627,-39.65589789031074,-45.5074911357052,-29.838372
37.971267,14,105.1,255,0.0136882,-52.614708448882226,-60.180576451788596,-29.99452955999999
38.004633,14,105.298,255,1.1123,-21.77003975938691,-31.67189964168204,-30.175515319999985
38.038,14,105.292,255,0.0945085,-21.595125966813534,-30.13541298931283,-30.51051999999996
38.071367,14,105.291,255,0.0158626,-21.981012624103514,-31.242654057329112,-30.84552468000001
38.104733,14,105.283,255,0.0550163,-22.601632369363383,-31.94208429689689,-31.227660000000032
38.1381,14,105.283,255,0.0225315,-22.06837498612473,-31.403095085501285,-31.89499999999999
38.171467,14,105.341,255,0.773012,-22.399591805943665,-31.803174886097334,-32.56233999999995
38.204833,14,105.337,255,0.0346875,-24.206075665869903,-32.397691224675434,-33.10255210000001
38.2382,14,105.334,255,0.034885,-25.03136120375928,-33.1037665579357,-32.89234000000001
38.271567,14,105.333,255,0.0060026,-25.82092988857636,-33.98281998382784,-32.68212790000001
38.304933,14,105.332,255,0.012054,-27.350430291553387,-34.326402115683884,-32.557509650000014
38.3383,14,105.383,255,0.447428,-26.65458299367187,-33.95985557821218,-32.926214999999985
38.371667,14,105.381,255,0.0274132,-25.48661207377892,-32.77671173975793,-33.29492035000004
38.405033,14,105.38,255,0.0074707,-25.083032360849547,-32.58257551085205,-33.69879532000008
38.4384,14,105.378,255,0.0110276,-26.6867029807351,-34.44791184512993,-34.30073600000004
38.471767,14,105.379,255,0.017411,-29.937334752917867,-37.8120029898749,-34.90267668
38.505133,14,105.453,255,1.57922,-31.821231213274697,-40.4641382860224,-35.445364500000004
38.5385,14,105.438,255,0.0966884,-32.39225950780489,-43.91585918183108,-35.662249999999986
38.571867,14,105.437,255,0.0115809,-37.82145616537437,-48.878483308111576,-35.879135499999975
38.605233,14,105.438,255,0.0247797,-61.10306357080577,-68.91355919547183,-36.00244846000003
38.6386,14,105.437,255,0.0660211,-38.49287190845457,-55.51651445338586,-35.622732000000056
38.671967,14,105.379,255,2.09265,-21.383950281769454,-31.661282589976828,-35.24301554
38.705333,13,105.433,255,0.644393,-20.7158744889612,-28.830566696808127,-34.921706809999996
38.7387,13,105.405,255,0.0803635,-22.636838946374144,-29.687253956124145,-34.907359
38.772067,13,105.403,255,0.0103038,-25.934858094548378,-38.56558930652046,-34.89301119
38.805433,13,105.404,255,0.0214659,-28.951770271584984,-43.90453138520683,-34.766092049999926
38.8388,13,105.451,255,2.15289,-24.692332236488177,-40.182556870060665,-34.06037999999997
38.872167,13,105.446,255,0.0313129,-21.034793228742913,-31.40103861516833,-33.354667950000014
38.905533,13,105.441,255,0.0320421,-18.873643426569117,-28.4423221895655,-32.796210179999996
38.9389,13,105.441,255,0.035816,-21.24317011994924,-29.865716188712696,-32.97839399999999
38.972267,13,105.442,255,0.0189844,-24.727291020672546,-33.9044544232414,-33.160577820000015
39.005633,13,105.459,255,1.90212,-32.171633805382534,-43.229897145215766,-33.41801306000006
39.039,13,105.456,255,0.106891,-38.70874713725238,-49.82117137580296,-34.045980000000014
39.072367,13,105.454,255,0.0125922,-36.163846197056316,-46.75028185656689,-34.67394693999998
39.105733,13,105.455,255,0.0154937,-63.39556407059445,-69.86117615745536,-35.17771828000001
39.1391,13,105.454,255,0.0114627,-42.512435132137156,-53.8733427110252,-35.08295600000001
39.172467,13,105.342,255,0.820375,-41.69226857769654,-50.30840389410779,-34.98819372000001
39.205833,13,105.34,255,0.0328863,-41.67498958863785,-50.60699473263324,-34.95170594999997
39.2392,13,105.33,254,0.0686285,-31.378398736465677,-41.973183124034435,-35.19027999999997
39.272567,13,105.33,254,0.00661024,-20.55404545017312,-29.49684495003247,-35.42885405000003
39.305933,13,105.327,254,0.0214638,-20.688158123893043,-28.551834687245535,-35.487829039999866
39.3393,13,105.378,255,0.5832,-29.389295127829985,-38.25185882702847,-34.71638399999991
39.372667,13,105.375,255,0.0325499,-22.10754175816783,-32.50385480434037,-33.944938959999966
39.406033,13,105.376,255,0.0161013,-21.000681700182817,-32.67046564435382,-33.279878829999994
39.4394,13,105.37,255,0.0870855,-18.90131787052919,-30.47303728978573,-33.096694
39.472767,13,105.37,255,0.012245,-18.58221204471944,-29.48066430220792,-32.91350917000001
39.506133,13,105.423,255,0.847024,-20.689278654010234,-31.239074484179454,-32.725116780000015
39.5395,13,105.422,255,0.0791905,-31.26643931083211,-44.303253798058606,-32.51357000000003
39.572867,13,105.417,255,0.0480404,-31.19418675746437,-43.45590438878667,-32.302023219999995
39.606233,13,105.418,255,0.0033355,-20.31245565869729,-32.47340114479862,-32.15318676000001
39.6396,13,105.418,255,0.0186046,-20.24765822907154,-29.636826629652404,-32.277312
39.672967,13,105.246,254,1.51106,-24.210811335770863,-30.99410407982937,-32.40143723999999
39.706333,13,105.237,254,0.0886013,-24.627337249179778,-32.50056556801349,-32.58160580999998
39.7397,13,105.238,254,0.0213249,-25.276826640697507,-32.23388108512634,-33.00102899999998
39.773067,13,105.238,254,0.00773872,-25.311800609074556,-33.0563077194149,-33.420452189999985
39.806433,13,105.238,253,0.0202116,-25.999469081938816,-34.50439690624849,-33.76002928
39.8398,13,105.168,254,0.687485,-26.76888873792994,-35.53615337372256,-33.765368
39.873167,13,105.162,255,0.0364486,-28.814661842918827,-36.96561312797034,-33.77070672
39.906533,13,105.162,255,0.0146886,-24.218954732633424,-33.70701279656889,-33.913760920000094
39.9399,13,105.161,255,0.00467882,-25.005414354661976,-34.82722260511912,-34.62247600000005
39.973267,13,105.161,255,0.0192329,-27.8178666093559,-38.80753921168081,-35.33119108
40.006633,13,105.26,255,0.423817,-25.381225396850112,-38.130840367036996,-36.05514082000002
40.04,13,105.263,255,0.0755816,-28.548606982703532,-41.161479560560295,-36.84059999999997
40.073367,13,105.262,255,0.00603407,-38.322211591806294,-46.3361738349503,-37.62605917999992
40.106733,13,105.263,255,0.0074707,-37.852819371537464,-47.03685390859263,-38.11261695000007
40.1401,13,105.263,255,0.00629449,-37.95437461702468,-50.805494764963896,-37.41691500000011
40.173467,13,105.202,255,0.757306,-62.245340870388475,-69.0871533301456,-36.72121305
40.206833,13,105.195,255,0.0354167,-59.778205968921526,-66.98017533881844,-36.25067930000001
40.2402,13,105.194,255,0.0268934,-21.80948531092669,-36.963401664041506,-36.65442000000001
40.273567,13,105.194,255,0.00678819,-18.785670762105706,-30.099950513570715,-37.058160700000016
40.306933,13,105.195,255,0.00981662,-45.73935692073272,-55.6811973369424,-37.00569789999981
40.3403,13,105.212,255,0.844549,-30.3419249927807,-45.41831006267252,-35.21388999999992
40.373667,13,105.209,255,0.0320584,-34.180771026018036,-44.302357253740546,-33.42208210000004
40.407033,13,105.205,255,0.0472786,-19.845487223211826,-28.340567455329612,-31.876131250000007
40.4404,13,105.204,255,0.00298828,-18.854601454553798,-26.18598371344848,-31.250500000000045
40.473767,13,105.204,255,0.00870443,-18.62048084184863,-26.440760266335424,-30.62486874999995
40.507133,13,105.205,255,0.550292,-18.201238895420236,-26.509903958702495,-30.170091600000013
40.5405,13,105.202,255,0.0769141,-18.68829288051949,-27.714595701415686,-30.343600000000006
40.573867,13,105.198,255,0.0467372,-23.164374180846448,-31.914011225003392,-30.517108399999994
40.607233,13,105.197,255,0.00900282,-29.92649027121034,-38.63905671304028,-30.650468449999998
40.6406,13,105.195,255,0.605803,-29.49934692560834,-40.9983743455211,-30.63879
40.673967,13,105.227,255,0.964959,-29.65269024430431,-40.97859334020783,-30.62711155
40.707333,13,105.225,255,0.040344,-31.55358140669342,-43.777621189987094,-30.863875489999863
40.7407,13,105.223,255,0.0102116,-36.60711967910347,-46.946426889471944,-31.982670999999872
40.774067,13,105.223,255,0.0144987,-40.943159290442104,-51.41653533848985,-33.10146651000012
40.807433,13,105.223,255,0.0113542,-53.662235494048005,-66.08669994169034,-34.618637290000514
40.8408,13,105.309,255,1.1203,-64.99544161510343,-71.76430507429828,-37.52590400000033
40.874167,13,105.303,255,0.0383474,-61.620830571482585,-67.23502481400655,-40.43317071000015
40.907533,13,105.302,255,0.0114952,-61.27332633853655,-67.45907006304783,-43.019293830000095
40.9409,13,105.303,255,0.0289106,-59.137044831949666,-68.70776665400989,-44.504459
40.974267,13,105.305,255,0.0133529,-63.63931930764556,-70.32878412122072,-45.98962416999991
41.007633,13,105.289,255,0.877057,-59.948517101158544,-65.66201704936064,-46.1966753100002
41.041,13,105.29,255,0.0616178,-48.44127649510289,-57.03537902559523,-42.09487000000046
41.074367,13,105.288,255,0.0411296,-35.79600965152539,-45.25853633919242,-37.99306468999985
41.107733,13,105.288,255,0.00797092,-18.953047084751137,-25.620795759385928,-34.69824352999997
41.1411,13,105.288,255,0.0143934,-21.51588911995498,-29.3249334013031,-34.077951000000006
41.174467,13,105.326,255,0.557969,-26.78357071444641,-33.85426379731882,-33.45765847000005
41.207833,13,105.322,255,0.0268772,-25.3991479554212,-32.39428543542872,-32.71800961000005
41.2412,13,105.321,255,0.0107172,-25.497459968032256,-32.690625034827065,-31.58920400000004
41.274567,13,105.321,255,0.0121864,-18.411773235974167,-29.434415350303013,-30.460398390000037
41.307933,13,105.322,255,0.00715603,-16.192311256586216,-29.723082373676107,-29.480370359999984
41.3413,13,105.265,255,0.419729,-12.714768427928593,-24.96456718731611,-28.977196000000013
41.374667,13,105.26,255,0.0265603,-14.574449570825948,-25.71763416518237,-28.47402163999994
41.408033,13,105.26,255,0.00955512,-16.623399137533475,-26.408127767121265,-28.14863265000003
41.4414,13,105.26,255,0.00357205,-17.596835596887598,-25.734585558357555,-28.383870000000016
41.474767,13,105.259,255,0.0149609,-21.38485418436159,-31.96909808671976,-28.619107350000004
41.508133,13,105.257,255,0.423066,-35.637928184775205,-43.41497948045329,-28.753569779999996
41.5415,13,105.248,255,0.076097,-29.203081259691775,-41.517592860310785,-28.57539000000001
41.574867,13,105.244,255,0.0500152,-23.049218091310802,-33.84250651945348,-28.39721022000002
41.608233,14,105.234,255,0.653115,-24.329982565508452,-35.51025951427302,-28.34714125999997
41.6416,14,105.23,255,0.0731434,-18.97714165777853,-30.410059101483768,-28.68815199999995
41.674967,14,105.29,255,0.466214,-18.327970707729907,-25.874789567196586,-29.02916274
41.708333,14,105.287,255,0.0253103,-22.673722357052466,-29.773958395818678,-29.327248310000005
41.7417,14,105.286,255,0.014426,-22.89606876955884,-28.780049823184687,-29.496419000000007
41.775067,14,105.286,255,0.00560004,-20.931587948249387,-28.114437083298178,-29.665589690000008
41.808433,14,105.287,255,0.0132075,-19.361323421694077,-27.709297949092946,-29.802372590000004
41.8418,14,105.275,255,0.457886,-18.928211340927334,-27.348081121408182,-29.843414000000003
41.875167,14,105.272,255,0.0272016,-21.474607444522135,-34.59405968963473,-29.884455409999997
41.908533,14,105.273,255,0.00668077,-37.475909099846085,-48.33678625186356,-30.051272009999995
41.9419,14,105.273,255,0.00989041,-28.45851843915836,-38.63828491094046,-30.584142999999962
41.975267,14,105.274,255,0.006352,-26.691408540711578,-36.344525199268745,-31.117013990000043
42.008633,14,105.291,255,0.805216,-29.395486282835087,-39.70589036214518,-31.701580680000067
42.042,14,105.284,255,0.0773579,-34.902131699479504,-45.101692541977066,-32.43432000000002
42.075367,14,105.285,255,0.00460286,-39.90927855291986,-49.899462963719465,-33.16705931999997
42.108733,14,105.286,255,0.00404405,-50.93703450316367,-62.798630583321085,-33.97776236999998
42.1421,14,105.288,255,0.00703125,-59.58594326717931,-67.20844900365641,-35.00846899999991
42.175467,14,105.126,255,1.3509,-63.59389913223542,-70.74300852467903,-36.039175629999846
42.208833,14,105.122,255,0.0294314,-38.633078252084815,-51.13507540686162,-36.30871176000021
42.2422,14,105.122,255,0.00640191,-38.915659347164244,-48.81630067102793,-34.464184000000195
42.275567,14,105.123,255,0.00262804,-20.75258420258478,-30.669961027370583,-32.61965623999979
42.308933,14,105.124,255,0.00894097,-16.537193657244675,-24.27290802606301,-31.235233259999976
42.3423,14,104.98,255,1.67205,-18.19387930955316,-27.16980278780396,-31.109105999999983
42.375667,14,104.979,255,0.0203787,-21.503538324520076,-30.229355602446272,-30.982978739999993
42.409033,14,104.979,255,0.0139388,-30.603990624262504,-40.93795219865109,-30.76363469999997
42.4424,14,104.98,255,0.00300998,-27.121870030469754,-36.60206150761805,-30.29316
42.475767,14,104.981,255,0.00376194,-20.40062963961927,-29.529662099189075,-29.82268530000003
42.509133,14,104.742,255,1.68251,-15.388655184362733,-27.497864261239027,-29.520180569999994
42.5425,14,104.738,255,0.0550673,-16.16876167468214,-28.244857757370884,-29.663324999999986
42.575867,14,104.74,255,0.666278,-27.73140397314063,-38.75766294515565,-29.806469430000007
42.609233,14,104.741,255,0.0530794,-48.154620358874986,-57.21227613621633,-30.201208820000055
42.6426,14,104.744,255,0.013495,-34.80204817704977,-45.190712650260224,-31.25360399999999
42.675967,14,104.815,255,1.25535,-36.03809610378235,-47.79567482941883,-32.30599917999992
42.709333,14,104.813,255,0.0248958,-20.080022,-32.276523,-33.02256148000001
42.7427,14,104.813,255,0.0180892,-24.33752751652365,-35.127133529320695,-32.87441200000001
42.776067,14,104.812,255,0.0346278,-26.512536946657846,-36.86012426183547,-32.72626252
42.809433,14,104.813,255,0.0165245,-21.09101965518302,-32.536902267614316,-32.89836783000003
42.8428,14,104.712,255,0.88991,-18.616092410143136,-31.99058287001953,-33.883027999999975
42.876167,14,104.71,255,0.027589,-18.13818415604922,-31.151789513289195,-34.86768817000012
42.909533,14,104.708,255,0.0286328,-25.067986772569732,-35.875042336177145,-35.5719533
42.9429,14,104.707,255,0.0083214,-28.367562278488627,-40.496420525945574,-35.57529
42.976267,14,104.708,255,0.089617,-25.349870362051195,-37.285945024186766,-35.5786267
43.009633,14,104.746,255,0.441832,-30.405786067640832,-41.456846307738395,-35.70073819000001
43.043,14,104.743,255,0.0860286,-38.895708948767144,-49.71642353285829,-36.11548999999999
43.076367,14,104.743,255,0.0141461,-39.36931454947678,-51.165679718557854,-36.53024180999996
43.109733,14,104.744,255,0.00618598,-43.52143249798449,-52.74616579338148,-37.38851399999982
43.1431,14,104.747,255,0.0668164,-47.85720856353845,-58.57197872718272,-39.3237999999997
43.176467,14,104.772,255,0.653188,-53.960566936439946,-61.450929190119425,-41.259085999999996
43.209833,14,104.769,255,0.0268468,-54.275411648572465,-61.81880812122035,-41.82910027999992
43.2432,14,104.77,255,0.00455946,-39.10206449664756,-55.1685426514306,-39.1317119999999
43.276567,14,104.769,255,0.00755859,-33.079993521727204,-44.765612449866914,-36.43432371999988
43.309933,14,104.77,255,0.014974,-27.63768735578644,-36.59254338869315,-33.744764019999714
43.3433,14,104.727,255,1.37952,-20.523240863592406,-30.37616779805992,-31.07340199999988
43.376667,14,104.724,255,0.0381228,-14.5278860009845,-24.51450549669543,-28.402039980000048
43.410033,14,104.723,255,0.0318544,-14.659587077344716,-23.500200484038654,-26.332838350000003
43.4434,14,104.723,255,0.00491645,-13.607049923358352,-21.792567159190195,-25.663830000000047
43.476767,14,104.724,255,0.0108344,-10.883282767777548,-18.242218541930242,-24.994821649999945
43.510133,14,104.759,255,1.68675,-12.62344053747746,-19.96912697257785,-24.52677074
43.5435,13,104.758,255,0.691701,-15.058988025733635,-22.917451170057266,-24.51943
43.576867,13,104.757,255,0.0722005,-20.822205772043045,-31.94115014428301,-24.51208926
43.610233,13,104.758,255,0.0136849,-33.34912332530231,-43.41856519630635,-24.54117822
43.6436,13,104.758,255,0.0208095,-33.08251966211935,-44.12019610298561,-24.652623999999992
43.676967,13,104.723,255,1.8472,-35.242111834817536,-45.74481087934769,-24.764069779999986
43.710333,13,104.719,255,0.0457433,-22.470788479822936,-32.562294688513454,-25.195731889999873
43.7437,13,104.717,255,0.0152159,-24.817493967000512,-34.43159981845788,-26.341220999999884
43.777067,13,104.718,255,0.0122656,-38.47944889912317,-50.61912413678316,-27.486710110000136
43.810433,13,104.72,255,0.0166634,-45.52498810696577,-55.21387865791675,-29.12971466000049
43.8438,13,104.886,255,1.41192,-22.170856235738153,-32.43714775709007,-31.86647600000032
43.877167,13,104.878,255,0.0500326,-21.86859969729077,-32.06257164985476,-34.60323734000015
43.910533,13,104.877,255,0.0226324,-23.852022595556107,-34.52520016200248,-36.308946619999965
43.9439,13,104.873,255,0.0671213,-28.546937239664576,-39.3903080090468,-35.779745999999996
43.977267,13,104.87,255,0.100214,-31.720005921248365,-47.004529907608365,-35.250545380000034
44.010633,13,104.898,255,0.753709,-37.63220390175321,-50.518192452892215,-34.82939190000001
44.044,13,104.89,255,0.132184,-21.214090584024763,-31.20409818787804,-34.639200000000024
44.077367,13,104.892,254,0.148513,-23.30904519561171,-32.149727272957094,-34.44900809999999
44.110733,13,104.893,254,0.0137674,-24.034683233301248,-34.060858569118885,-34.278785279999994
44.1441,13,104.894,255,0.029541,-26.23414225917567,-33.77813341034979,-34.150656000000005
44.177467,13,104.906,255,0.590256,-21.42393643041322,-29.916694394740695,-34.02252672000001
44.210833,13,104.904,255,0.0308496,-21.158364746167997,-30.4257337665589,-33.98074028999999
44.2442,13,104.902,255,0.0139421,-24.920169228096867,-33.48979759555581,-34.118545999999995
44.277567,13,104.901,255,0.0246441,-42.35026050700803,-52.421483738996024,-34.25635171
44.310933,13,104.9,255,0.106803,-45.21132433908263,-56.8595660074996,-34.392185350000005
44.3443,13,104.937,255,0.424722,-38.88640544696035,-46.74027290503006,-34.523984999999996
44.377667,13,104.934,255,0.0430458,-41.55289233627151,-52.52278711146594,-34.655784650000015
44.411033,13,104.933,255,0.0209169,-55.62677630970768,-64.82397283195024,-34.64878520999996
44.4444,14,104.931,255,0.154501,-22.516822121543075,-32.635045281569205,-34.36082799999998
44.477767,14,104.931,255,0.0130794,-24.419185291989244,-32.377700759340414,-34.072870789999996
44.511133,14,104.906,255,0.891211,-26.348069480266048,-34.90233841558064,-34.00168172000001
44.5445,14,104.914,255,0.181585,-17.73569807443942,-25.894413784794256,-34.363379999999985
44.577867,14,104.915,255,0.0229221,-32.466521129463175,-40.72773660326083,-34.72507827999996
44.611233,14,104.914,255,0.00892687,-38.785325776168406,-50.51294226536353,-34.80459276000005
44.6446,14,104.916,255,0.01375,-30.294394777493,-41.01484784677216,-34.328112000000075
44.677967,14,104.926,255,0.397554,-31.799195552106113,-40.11534118647565,-33.85163124
44.711333,14,104.923,255,0.0180729,-33.83600829651903,-44.47963039139137,-33.484868199999994
44.7447,14,104.921,255,0.0575966,-25.03809019645545,-33.38810912318868,-33.331379999999996
44.778067,14,104.923,255,0.0826096,-21.366771808287268,-28.71451792706474,-33.17789179999999
44.811433,14,104.922,255,0.00814345,-24.105912580087534,-33.04106195556224,-33.13187840000002
44.8448,14,104.956,255,0.535302,-34.86344830853573,-42.55534697581192,-33.29204000000001
44.878167,14,104.956,255,0.0100401,-23.741370948530992,-33.70993235100633,-33.452201599999995
44.911533,14,104.955,255,0.00167643,-22.31092834945856,-33.287361203768796,-33.555270050000004
44.9449,14,104.952,255,0.0316645,-19.42604216148696,-31.3094862979893,-33.550265
44.978267,14,104.955,255,0.115112,-20.99096737341188,-31.7193198935922,-33.54525995
45.011633,14,104.872,255,0.361555,-23.595388464491776,-36.57579379805954,-33.539091750000004
45.045,14,104.861,254,0.326389,-43.36996547799213,-50.75300905348533,-33.530750000000005
45.078367,14,104.86,254,0.00437066,-54.59662907912182,-63.2217836675719,-33.522408250000005
45.111733,14,104.861,254,0.00384874,-53.76805212051613,-64.10164967833725,-33.57226243
45.1451,14,104.86,254,0.00774523,-20.100593690494367,-31.842017817521793,-33.72942099999999
45.178467,14,104.792,255,0.457043,-19.161830846153833,-29.622396630994228,-33.88657956999998
45.211833,14,104.789,255,0.020893,-21.560958906626862,-33.78595583369197,-34.02207903999999
45.2452,14,104.787,255,0.109408,-23.769615358599463,-36.209218670698014,-34.11817599999999
45.278567,14,104.786,255,0.0836871,-23.090677893690767,-31.540982678260065,-34.21427296000002
45.311933,14,104.786,255,0.00734809,-23.0311053945532,-30.364970986030674,-34.320629420000024
45.3453,14,104.862,255,0.428933,-24.84527044515803,-32.57061297703207,-34.445422000000015
45.378667,14,104.862,254,0.0174523,-34.157447533963094,-43.30336649360296,-34.570214580000005
45.412033,14,104.862,254,0.0155197,-52.999140166119844,-62.76079426530432,-34.90257267000005
45.4454,14,104.862,253,0.0337164,-60.76001401082829,-67.120397456054,-35.602946
45.478767,13,104.969,255,0.667931,-59.95490755395158,-63.68740568997885,-36.30331932999996
45.512133,8,152.495,237,48.2326,-60.667896625087806,-66.69868680987187,-36.29947235000006
45.5455,8,152.495,237,0.00124132,-62.95262266124478,-69.70910739898736,-35.06322500000014
45.578867,11,152.493,237,0.00854275,-54.49680441175664,-63.287485551024275,-33.82697764999995
45.612233,11,152.493,237,0.0066352,-17.156115706791976,-35.241672287580386,-33.009135949999994
45.6456,11,152.489,237,0.0111024,-15.194259158674347,-24.4269218209347,-32.91404
45.678967,6,151.907,237,1.72865,-33.863657762107124,-46.42188336342867,-32.818944050000006
45.712333,6,151.905,237,0.0790332,-38.1920449445477,-48.61790429944355,-32.45869145000003
45.7457,6,151.9,237,0.0543446,-32.85905440341258,-43.28879631444242,-31.646205000000023
45.779067,9,151.896,237,0.0565658,-18.181549060609434,-25.722145587820673,-30.833718550000015
45.812433,9,151.895,237,0.0055013,-16.67472289167016,-24.997306185534082,-30.21471392999999
45.8458,6,151.425,237,2.90468,-28.433142847567403,-35.24206139542527,-29.92141800000001
45.879167,6,151.419,237,0.0762348,-39.50468617962879,-48.273557380445155,-29.628122069999964
45.912533,11,151.417,237,0.0547949,-27.768811706475294,-40.03480412139846,-29.512051550000024
45.9459,11,151.418,237,0.0513704,-19.925774812309513,-27.254225986030775,-29.690565000000014
45.979267,11,151.412,237,0.0730263,-22.174416132277035,-30.567313571763354,-29.869078450000003
46.012633,11,151.231,237,2.82571,-19.353312717245256,-26.523189950029924,-29.742120609999986
46.046,11,151.227,237,0.0626801,-23.311925310959754,-32.62509204237455,-29.113820000000025
46.079367,11,151.227,237,0.108285,-45.89621079102752,-56.02434492954533,-28.485519390000064
46.112733,11,151.222,237,0.109708,-16.59979473928942,-25.90463285909815,-28.255016529999963
46.1461,11,151.209,237,0.155705,-14.3718758773731,-23.972429486007567,-28.669100999999937
46.179467,11,150.71,240,3.46176,-15.497064624168349,-27.569770332146668,-29.08318547
46.212833,11,150.708,240,0.0511719,-34.743024432292444,-43.26301096555118,-29.360329420000003
46.2462,11,150.708,240,0.0114648,-50.5907501733855,-59.67434207523222,-29.418388000000004
46.279567,11,150.706,240,0.0302051,-35.50785105371926,-52.1959029135132,-29.476446580000005
46.312933,11,150.704,240,0.0916428,-22.380363804724155,-30.35533271041435,-29.57847562000002
46.3463,11,150.728,248,3.58817,-24.55064641738168,-32.43506751141427,-29.74998200000001
46.379667,11,150.724,245,0.0788824,-22.710240680260604,-29.058337896357486,-29.921488379999996
46.413033,11,150.722,243,0.113167,-28.11859503914163,-37.85938062855718,-30.597627379999995
46.4464,8,150.735,246,1.03174,-29.689420290162186,-39.92967722955136,-32.0611039999999
46.479767,8,150.703,247,0.219331,-18.425616350020263,-30.361903087000083,-33.52458062000012
46.513133,8,150.772,241,3.66034,-22.435843100128473,-32.49415114826968,-34.38560266999999
46.5465,8,150.771,241,0.0388845,-50.25082637426059,-58.52969590737804,-34.318535
46.579867,8,150.769,241,0.0197016,-30.983194007734546,-47.33899663015046,-34.251467330000004
46.613233,8,150.768,243,0.0439692,-30.56571904514104,-40.52452935109806,-34.24765541
46.6466,8,150.771,243,0.0635959,-30.436584811700172,-39.584391008203234,-34.34008199999999
46.679967,8,150.689,240,3.45921,-30.136938462173,-42.26086988544103,-34.43250858999998
46.713333,8,150.683,242,0.0440202,-21.60946089579511,-34.14880399390602,-34.72132749999994
46.7467,8,150.679,242,0.0709581,-16.42314793667365,-30.11462237020707,-35.305249999999944
46.780067,8,150.683,242,0.0572515,-28.635988399664253,-40.062378516525285,-35.88917250000007
46.813433,8,150.683,241,0.0905849,-56.98867694665797,-64.01396002793584,-35.762874789999785
46.8468,8,150.733,242,3.61464,-35.63785047517641,-48.082980405285724,-34.58268399999986
46.880167,8,150.73,242,0.0416547,-37.54281643995437,-47.58057014249499,-33.40249320999993
46.913533,8,150.726,242,0.114334,-20.60861239220894,-28.664912428350224,-32.65715307999999
46.9469,8,150.725,242,0.00790039,-17.84597351392144,-26.659696685291085,-32.549044
46.980267,8,150.724,241,0.101641,-18.96465318792475,-27.286233082829348,-32.44093492000001
47.013633,8,150.463,244,3.42745,-22.63584033561431,-32.36522131714604,-32.3688202
47.047,8,150.465,243,0.198422,-34.93998363094732,-47.703857124267124,-32.348800000000004
47.080367,8,150.463,243,0.00551107,-31.62964712224577,-43.529288208211334,-32.3287798
47.113733,8,150.462,243,0.0149794,-33.60759748488385,-46.21433395439074,-32.21249186999999
47.1471,8,150.464,246,0.097844,-19.654382068438537,-31.708048702854526,-31.958569000000004
47.180467,8,150.719,242,2.68438,-19.013320245581966,-28.040026765387022,-31.704646130000018
47.213833,8,150.717,242,0.0351411,-21.43923249744534,-30.513819096048447,-31.895046829999977
47.2472,8,150.717,242,0.0250673,-27.99507262068188,-37.136079094829896,-32.71287199999998
47.280567,8,150.717,242,0.0990061,-31.22533321014374,-40.174330020531286,-33.53069716999999
47.313933,10,150.71,243,0.141888,-32.75555648961704,-43.2356626211035,-33.894003369999986
47.3473,10,150.903,247,1.71619,-31.498426291381918,-41.47433758243342,-33.623397000000004
47.380667,10,150.898,247,0.043839,-23.050302014203506,-31.644289404021862,-33.352790629999966
47.414033,9,150.952,242,1.01034,-23.13829465565095,-30.525118349505465,-33.29282770000003
47.4474,9,150.939,242,0.120943,-23.82766735389519,-31.468446609355965,-33.523060000000015
47.480767,9,150.934,242,0.015804,-24.105284543383494,-31.966093618478414,-33.753292300000005
47.514133,8,150.688,242,0.309331,-25.129592268679076,-33.534551331583415,-34.07001166000001
47.5475,8,150.684,242,0.089528,-25.203448403459422,-35.03344502278157,-34.504449999999984
47.580867,9,150.675,242,0.13079,-28.095981007780704,-36.93005330636527,-34.938888339999956
47.614233,10,150.664,242,0.205149,-36.50571635409898,-41.696122897341965,-35.33602319999997
47.6476,10,150.662,242,0.0413965,-47.01379720947618,-54.720745359940366,-35.68303999999995
47.680967,10,150.475,242,0.768784,-54.47412021220642,-61.65019817395571,-36.030056800000004
47.714333,8,150.474,242,0.0241797,-55.314760581325835,-62.12323434039598,-36.49617043000003
47.7477,9,150.473,242,0.0530556,-56.81556850822659,-63.66789668710465,-37.12046700000003
47.781067,10,150.473,242,0.0908974,-58.09858220352485,-65.26253773488328,-37.74476357000003
47.814433,10,150.472,242,0.0134755,-54.57678506281195,-62.85589921093995,-37.16460757999976
47.8478,10,150.389,245,1.08143,-32.6041622858824,-43.64170963180936,-35.0044279999999
47.881167,10,150.386,242,0.0164714,-21.966689784840582,-32.77553674602749,-32.84424842000003
47.914533,10,150.383,242,0.105666,-18.724631405456282,-28.75561337461358,-31.32300426
47.9479,11,150.378,242,0.126279,-18.67411174869925,-28.983322038484992,-30.629638000000046
47.981267,11,150.378,242,0.0764052,-21.356173163924527,-31.306866633760066,-29.936271739999942
48.014633,11,150.347,243,1.17184,-22.140124976702573,-31.75851197857716,-29.40871814999997
48.048,11,150.347,243,0.0530208,-18.860699805746968,-25.972515679932492,-29.09339999999999
48.081367,11,150.346,243,0.00924371,-16.33563263985354,-25.086402063704067,-28.77808185000001
48.114733,11,150.348,243,0.015038,-19.587111822997233,-27.73784747278864,-28.62866673
48.1481,11,150.347,243,0.0723383,-19.18298323512865,-29.548481766980785,-28.689060999999995
48.181467,11,150.304,245,2.48041,-24.16369982815315,-36.01107590409173,-28.74945526999999
48.214833,11,150.297,246,0.0479807,-28.805972283584786,-38.22128218871276,-29.167768019999915
48.2482,11,150.296,246,0.0158822,-50.06994109140534,-56.72503792138721,-30.033307999999924
48.281567,11,150.296,246,0.0253787,-51.52496989790546,-60.295813316206264,-30.898847980000113
48.314933,11,150.293,247,0.0819792,-34.016801230910474,-47.33220278638743,-31.938630130000227
48.3483,11,150.453,248,2.59807,-33.166928834161574,-44.28010183992696,-33.19356300000015
48.381667,8,150.483,246,0.985519,-34.30677121356583,-44.948876039188114,-34.448495870000066
48.415033,8,150.463,246,0.100787,-36.6278275181403,-48.87176619077548,-34.666865779999924
48.4484,8,150.462,246,0.013559,-40.165541018516166,-53.05085286218566,-33.621143999999994
48.481767,8,150.46,246,0.038457,-31.189733103684972,-41.69621073319678,-32.57542222000006
48.515133,8,150.434,250,2.19185,-22.176874184034205,-31.811869102376896,-31.30122348000007
48.5485,8,150.426,250,0.067143,-17.77866665548043,-26.18152612341856,-29.751660000000165
48.581867,8,150.422,250,0.112051,-13.227626858529057,-21.634099533352057,-28.202096519999934
48.615233,8,150.426,249,0.0815723,-14.010147825349279,-22.81802776778865,-27.03127185999996
48.6486,8,150.424,249,0.0868815,-13.782722511742348,-23.54912578493412,-26.311212000000005
48.681967,8,150.589,249,1.55056,-13.83892201762443,-23.048549128621016,-25.59115214000005
48.715333,8,150.584,249,0.0400608,-14.581496225144173,-23.541248724230098,-25.066456280000008
48.7487,8,150.584,249,0.0356402,-12.909213154221263,-23.189137264050945,-24.771492000000006
48.782067,8,150.581,249,0.122581,-11.295016296301615,-22.43419406342302,-24.476527720000004
48.815433,9,150.574,249,0.141848,-14.50127012178244,-23.667270853231635,-24.18326990999999
48.8488,9,150.563,249,0.056747,-20.580857447756653,-28.494609572492955,-23.891976000000007
48.882167,9,150.565,249,0.0925336,-20.400588293910637,-29.06739223597234,-23.600682089999964
48.915533,9,150.562,249,0.0198025,-14.464738869356829,-21.23105650260032,-23.64444372000006
48.9489,9,150.56,249,0.0850098,-14.063078347208563,-20.488968940514734,-24.072876000000033
48.982267,11,150.554,249,0.165961,-23.5535223904571,-33.52575434667733,-24.501308280000007
49.015633,11,150.553,249,0.0356109,-36.04147711531438,-49.42886014822113,-24.847498140000006
49.049,11,150.551,246,0.108077,-30.027731477032102,-41.99814295659522,-25.10041999999999
49.082367,11,150.548,248,0.124715,-20.65793203056388,-29.616451983735907,-25.353341859999972
49.115733,11,150.548,250,0.00715495,-17.892257736664593,-25.356646462266895,-25.53372700999999
49.1491,11,150.543,253,0.104519,-19.93419897463954,-27.04410217676783,-25.632826999999985
49.182467,11,150.516,251,0.610757,-19.294757386706532,-25.022386907471528,-25.731926989999998
49.215833,11,150.518,249,0.129502,-18.330577462897853,-24.224962547789808,-26.23159891000004
49.2492,11,150.507,249,0.162816,-20.446447298022026,-28.563845818974542,-27.174884000000052
49.282567,11,150.507,249,0.0281293,-27.22666093071785,-36.93771990746746,-28.11816909000006
49.315933,11,150.51,249,0.073788,-23.25120790915906,-34.508646519358706,-28.342210289999937
49.3493,9,150.501,247,1.86202,-24.33270172165158,-35.506428593212064,-27.779308999999973
49.382667,9,150.486,247,0.136525,-26.416872378644868,-37.73791923399312,-27.216407710000006
49.416033,9,150.482,248,0.0146517,-22.53570751052371,-29.841786302911057,-26.55459968
49.4494,9,150.47,247,0.117728,-17.982962340771643,-26.134037313069214,-25.785824000000048
49.482767,9,150.457,248,0.206938,-13.83484872324555,-20.70357403445353,-25.017048319999937
49.516133,9,150.509,249,0.875582,-13.437185412319,-20.12052533647402,-24.653879300000007
49.5495,9,150.502,249,0.0493381,-15.42466726901988,-20.78139239263116,-24.723950000000002
49.582867,10,150.498,249,0.0754492,-15.60822726184783,-21.762036618900154,-24.794020699999997
49.616233,10,150.497,249,0.00649957,-17.01612272563641,-28.266570396709618,-24.83064932
49.6496,10,150.496,249,0.0292936,-32.443110610602815,-45.63269318829842,-24.831984
49.682967,10,150.495,247,0.773574,-25.08812698720407,-38.06914453199439,-24.833318679999998
49.716333,10,150.491,247,0.0261784,-27.026036853466024,-36.98577844635055,-24.967440609999976
49.7497,10,150.491,247,0.0178168,-23.229325323990256,-35.48005304673381,-25.240048999999978
49.783067,10,150.491,247,0.0203765,-21.551308120845672,-30.41637084095068,-25.512657390000037
49.816433,10,150.491,247,0.0471148,-28.138826748852612,-37.74753812159082,-26.250640170000224
49.8498,10,150.414,249,0.694504,-28.20226192363951,-39.406624272582434,-27.468202000000147
49.883167,10,150.409,246,0.0269748,-18.16351855732652,-26.04618367207288,-28.68576383000007
49.916533,10,150.407,246,0.0206011,-17.956997880982346,-26.506826177565127,-29.343316460000008
49.9499,10,150.405,245,0.0403809,-19.730796983641046,-27.351566795068862,-29.430738
49.983267,10,150.41,246,0.0883746,-21.62727794435826,-27.84173690587349,-29.518159539999996
50.016633,10,150.425,246,0.463395,-21.864934154776417,-28.00494342270557,-29.46137035000001
50.05,10,150.423,246,0.0584983,-22.05553463844719,-28.531571746261143,-29.259500000000024
50.083367,10,150.428,246,0.0505328,-27.49671909824702,-36.75874288159758,-29.057629649999992
50.116733,10,150.43,246,0.0156532,-31.32517316317396,-42.49935301017146,-28.86195655999999
50.1501,10,150.427,247,0.158646,-21.971428382347717,-29.820187866551457,-28.672432
50.183467,10,150.462,252,0.337275,-14.808617916608084,-24.121207121361262,-28.482907440000012
50.216833,10,150.463,252,0.0951953,-18.228318718570918,-29.161430383424996,-28.498077839999993
50.2502,10,150.462,252,0.0754785,-24.053337602025028,-31.09647131106734,-28.714295999999997
50.283567,10,150.463,252,0.0444271,-24.11803010842331,-30.640508652228792,-28.930514159999998
50.316933,9,150.494,246,0.930381,-18.853424466741828,-27.540993234425645,-29.201250100000014
50.3503,9,150.351,248,1.53125,-17.90580316214313,-27.830439140627146,-29.524909999999995
50.383667,9,150.347,248,0.0424946,-25.200897558290553,-35.18222976168421,-29.848569900000044
50.417033,9,150.343,250,0.0438487,-29.92576527394393,-40.98087233553794,-29.983664789999995
50.4504,9,150.342,250,0.0106836,-33.996399716870464,-41.79494282323143,-29.937952
50.483767,9,150.337,247,0.178069,-33.990978490554646,-39.35095442961624,-29.89223921
50.517133,9,150.327,247,1.81568,-38.92043516758083,-46.76876576365268,-29.609749729999987
50.5505,9,150.321,246,0.0942318,-25.089132838653924,-35.06621624192585,-29.102905000000018
50.583867,9,150.32,246,0.00923828,-15.088061065154223,-23.02767919208758,-28.59606027000005
50.617233,9,150.319,246,0.0147504,-14.311949647400827,-23.411427086579593,-28.308089830000007
50.6506,9,150.316,246,0.049758,-17.561785637010544,-27.533016030514307,-28.22500600000001
50.683967,9,150.182,248,2.13603,-17.977719685510372,-27.53304670135454,-28.14192217
50.717333,9,150.176,248,0.111657,-15.593289975251128,-25.800575808381335,-27.90319048999998
50.7507,9,150.176,245,0.0606803,-23.649930998171783,-30.02390670444848,-27.520470999999976
50.784067,9,150.176,245,0.06389,-24.610582636261384,-30.965544838192546,-27.137751509999973
50.817433,9,150.176,245,0.154363,-17.361287862279042,-26.480276957999326,-27.034843140000017
50.8508,9,150.228,249,1.84235,-17.948587514765133,-27.062814873019615,-27.18766400000001
50.884167,9,150.223,249,0.051964,-17.88313697398378,-27.709926478132225,-27.340484859999997
50.917533,9,150.222,249,0.0229948,-21.560659580013276,-30.1626058616294,-27.81257707
50.9509,9,150.221,249,0.0303548,-28.34759584924772,-38.25722857319601,-28.57301099999995
50.984267,9,150.22,247,0.0903961,-32.359865447549666,-42.767390923315766,-29.333444930000066
51.017633,9,150.251,248,0.276532,-35.53175701462494,-45.39028308409488,-29.585496680000023
51.051,9,150.245,248,0.213668,-35.69449655406962,-47.53354295091864,-29.383959999999995
51.084367,9,150.243,248,0.179135,-24.98979513659637,-34.17252041747557,-29.182423320000005
51.117733,9,150.243,248,0.00489149,-20.462841976233758,-28.090048811699837,-29.319238319999993
51.1511,9,150.242,248,0.0277691,-17.760231489664086,-24.931108453897885,-29.754343999999968
51.184467,9,150.283,252,0.476356,-17.38550293095196,-24.37534672347998,-30.18944967999994
51.217833,9,150.281,246,0.0245725,-21.159609763370963,-29.88178285459085,-30.512016089999978
51.2512,9,150.28,246,0.017921,-36.72681985834024,-45.80758427150289,-30.73657599999998
51.284567,7,150.324,249,1.07447,-52.96906671682426,-60.903662249566864,-30.96113591000003
51.317933,7,150.289,248,0.240056,-53.38102834941199,-59.078756264097876,-30.952739420000007
51.3513,7,150.312,250,0.736209,-31.771638281710064,-44.43271659702814,-30.743861999999975
51.384667,7,150.309,250,0.166298,-27.44591798148447,-35.8160232858486,-30.53498457999999
51.418033,7,150.306,250,0.0375749,-22.721024602324917,-29.78313297431332,-31.062040150000083
51.4514,7,150.305,250,0.0134028,-23.377133285566835,-31.76899474626146,-32.21487000000001
51.484767,10,150.313,250,0.101915,-30.053195658010523,-39.9498360513732,-33.36769984999994
51.518133,10,150.37,247,0.478946,-33.347808176158566,-42.8943649586084,-34.05629034999998
51.5515,10,150.366,251,0.0868934,-25.095627001874952,-32.3966005917786,-34.354924999999966
51.584867,10,150.368,251,0.0907389,-25.48610726620732,-34.31602398706236,-34.65355965000001
51.618233,10,150.366,251,0.203698,-23.875967481391214,-31.603357945064236,-34.64131270000004
51.6516,11,150.364,251,0.0458832,-25.5319338583883,-35.50962162129063,-34.37104
51.684967,11,150.325,249,0.432429,-28.53835345889201,-39.2248094514857,-34.100767300000015
51.718333,11,150.321,249,0.0181293,-25.82223448094512,-35.64274005470406,-34.02098257
51.7517,11,150.321,249,0.0157964,-28.71029664708942,-41.477687873816905,-34.097393
51.785067,11,150.317,249,0.0450065,-46.36121668658641,-57.0496037153691,-34.17380343
51.818433,11,150.321,249,0.180653,-43.78548510855869,-56.682514502109115,-34.161548839999995
51.8518,11,150.325,246,0.357508,-25.01062880270259,-37.592624442463126,-34.077464
51.885167,11,150.321,246,0.0838585,-17.497948283223142,-26.8100755428683,-33.99337915999999
51.918533,11,150.322,246,0.0242198,-30.4342214515017,-42.232599112402504,-34.15207913999998
51.9519,11,150.319,246,0.0734386,-48.42160432142597,-58.85551187160682,-34.50510200000003
51.985267,11,150.319,246,0.0158138,-33.41587847644601,-47.361319472273934,-34.85812486000001
52.018633,11,150.317,248,0.0958746,-40.54368421216237,-51.36431549219708,-34.822825419999994
52.052,11,150.315,244,0.0832237,-49.53225751403937,-58.176040222378454,-34.480480000000014
52.085367,11,150.314,248,0.0675477,-28.442992780761926,-40.45595523259714,-34.138134580000035
52.118733,11,150.315,248,0.0122873,-22.882873587887808,-31.276174360176324,-33.85424638000002
52.1521,11,150.314,247,0.0254362,-22.092723656963383,-30.213855868888572,-33.616006000000034
52.185467,12,150.315,247,0.198774,-22.36116974416458,-31.376374638136525,-33.37776562
52.218833,12,150.312,247,0.0171387,-26.609083438850615,-33.57833785548213,-33.19659637000002
52.2522,5,150.33,251,1.25367,-22.612214925799144,-29.80476763387075,-33.05945799999999
52.285567,5,150.311,251,0.106298,-20.476113585993268,-28.395472049500686,-32.92231962999999
52.318933,5,150.313,251,0.0377474,-21.61350307724768,-32.258862687822365,-32.66969406999996
52.3523,5,150.368,251,1.1311,-20.58095248052367,-32.68365052060202,-32.32901699999998
52.385667,5,150.363,251,0.0471213,-24.262325534264622,-33.173572519640096,-31.988339930000002
52.419033,5,150.36,251,0.0483366,-24.647179770918193,-32.563990796231124,-31.9295518
52.4524,5,150.36,252,0.0932053,-23.169512034030188,-31.122440187916073,-32.08303999999999
52.485767,5,150.356,251,0.124194,-24.687472587869067,-32.57314922716081,-32.236528200000016
52.519133,5,150.359,251,1.68232,-26.176121158807586,-36.66789071988369,-32.074699960000046
52.5525,5,150.353,251,0.0583181,-22.671512837294298,-32.52336811357969,-31.678299999999986
52.585867,5,150.351,251,0.0378331,-24.16326828367877,-31.164239236805063,-31.28190004000001
52.619233,5,150.35,251,0.0793153,-21.95865125973851,-29.347248102845356,-30.64471480000001
52.6526,5,150.359,251,0.144436,-19.191133328411286,-27.97703607012593,-29.830560000000062
52.685967,5,150.326,251,1.245,-16.997807139924184,-25.209863662635378,-29.016405200000115
52.719333,5,150.322,251,0.0880881,-17.63218733684897,-26.224530533773923,-28.520689310000023
52.7527,5,150.318,251,0.192656,-15.185943331880482,-25.5043817098391,-28.25608900000002
52.786067,9,150.316,251,0.106827,-15.734864012750025,-24.824810682041957,-27.99148868999996
52.819433,9,150.317,251,0.0401552,-18.73995417981427,-28.814760111844365,-27.69852413000001
52.8528,9,150.216,251,1.74982,-21.282872667463558,-28.402881685229467,-27.385207999999963
52.886167,9,150.208,251,0.0419314,-20.239359095434516,-27.44148437301948,-27.07189186999998
52.919533,9,150.204,251,0.0315951,-18.619652024796828,-26.93780337200541,-26.925592279999996
52.9529,9,150.207,251,0.110354,-17.482756792115953,-26.75353318932227,-26.897564
52.986267,9,150.207,251,0.122906,-16.077252665447883,-24.998821806215698,-26.869535720000002
53.019633,9,150.249,246,0.885804,-21.0909794433301,-31.326694555451187,-27.182337159999978
53.053,9,150.251,249,0.105775,-17.33479926480106,-27.467335773871554,-27.733559999999944
53.086367,9,150.257,246,0.154712,-20.158676394394384,-29.102362710322186,-28.284782840000027
53.119733,9,150.254,246,0.132003,-33.013080951342594,-38.94686260146232,-28.759622449999934
53.1531,9,150.254,246,0.101413,-30.682701848129124,-40.6457273303644,-29.181714999999997
53.186467,9,150.255,247,0.823899,-20.939495824591276,-28.556836478929718,-29.60380754999997
53.219833,9,150.259,248,1.08539,-27.717559274022975,-36.33820809234117,-30.29303795999999
53.2532,9,150.244,248,0.202139,-34.99840399085924,-42.58977668007311,-31.164583999999994
53.286567,9,150.242,248,0.0398318,-34.137577446704896,-45.05743129249055,-32.03613004
53.319933,9,150.237,248,0.0727192,-33.27018401570338,-43.835296959452556,-32.937948120000044
53.3533,9,150.287,245,0.768524,-33.20913476886659,-43.18519839336266,-33.86021199999998
53.386667,9,150.285,245,0.0124197,-40.016571300380576,-50.172302985984594,-34.78247588000012
53.420033,9,150.281,245,0.14186,-24.39537515665879,-31.061175533305242,-35.308860039999985
53.4534,9,150.284,245,0.135943,-23.272146332583297,-29.983681924061266,-35.57179200000002
53.486767,9,150.284,245,0.0368359,-23.361526764871417,-31.558669424928727,-35.834723960000005
53.520133,9,150.221,250,0.545748,-30.18588238086507,-38.87604380194982,-36.15704039000001
53.5535,9,150.219,250,0.0405762,-43.78851537711507,-53.267684480523165,-36.51840499999999
53.586867,9,150.225,250,0.125141,-39.75133961847852,-51.79878295767173,-36.87976960999996
53.620233,9,150.23,248,0.126863,-50.855586534758395,-57.960045805981395,-36.74136829000004
53.6536,10,150.228,248,0.224476,-49.79790724032299,-59.66755772143329,-36.278568000000064
53.686967,10,150.226,248,0.0407823,-30.669892760508155,-39.60808546026916,-35.815767709999996
53.720333,10,150.229,248,0.0791678,-23.146967688477833,-31.83699405915363,-36.22526698999985
53.7537,10,150.228,245,0.0476997,-25.639985924905226,-35.868766639572925,-37.193911000000064
53.787067,12,150.23,247,0.0906673,-33.08737439870747,-40.9949933020545,-38.16255501000007
53.820433,12,150.229,247,0.0101584,-46.91322114540984,-55.19989649458701,-38.304450809999956
53.8538,12,150.285,250,0.620384,-39.66378876684897,-50.71257952380998,-37.92306599999998
53.887167,12,150.283,250,0.0102257,-25.187438853982094,-34.61148639516245,-37.541681190000006
53.920533,12,150.282,250,0.099719,-25.77774065707324,-34.553809796756404,-37.30362815
53.9539,12,150.283,250,0.155329,-26.56442344508508,-35.119721227112954,-37.15514500000001
53.987267,12,150.282,250,0.0254395,-27.623794845973876,-35.4481066226684,-37.006661849999986
54.020633,12,150.233,249,0.645239,-30.795737883279152,-36.80070020522176,-35.871925750000194
54.054,12,150.229,249,0.0669824,-39.14403940212892,-47.34488590522313,-34.12849999999993
54.087367,12,150.229,250,0.00830946,-46.355974340270556,-55.868348282988684,-32.385074250000045
54.120733,12,150.229,247,0.0200304,-20.656954114838047,-30.29079820221021,-31.478691960000006
54.1541,12,150.229,249,0.052653,-14.201064896170118,-23.791270121314437,-31.08229200000003
54.187467,6,150.353,249,1.79041,-16.266432775652607,-27.04201196798366,-30.685892040000056
54.220833,6,150.335,249,0.121144,-17.36046790282655,-28.67626541916271,-30.61449875999999
54.2542,6,150.326,249,0.0781261,-24.658258757511366,-34.3426324131625,-30.73862399999999
54.287567,9,150.314,249,0.221112,-39.93666418056944,-47.58854508719295,-30.862749240000017
54.320933,9,150.313,249,0.0427691,-48.20304726386291,-57.712421876294265,-30.87194859
54.3543,9,150.361,250,0.910002,-58.12480088637507,-63.74684058557234,-30.81288899999999
54.387667,9,150.359,253,0.0244792,-57.3299237249333,-64.54569419969071,-30.753829409999994
54.421033,9,150.357,248,0.0450901,-56.66670740753724,-64.01217581901246,-29.661209969999874
54.4544,9,150.361,248,0.0949002,-29.445189255519463,-40.82742287652919,-27.96249599999998
54.487767,9,150.359,248,0.0127463,-14.892543759538654,-25.09999154242041,-26.263782030000087
54.521133,9,150.479,244,0.93574,-11.38954749613275,-19.442535968077642,-25.684956639999996
54.5545,9,150.474,244,0.0491363,-11.180197552123385,-19.312648797553226,-25.75435999999999
54.587867,9,150.473,244,0.102764,-20.618086725872857,-29.004024959876652,-25.823763360000004
54.621233,9,150.47,244,0.143978,-37.050482312270596,-48.48451174425699,-25.0240979500002
54.6546,9,150.467,244,0.0308615,-41.32657575938647,-52.04993362091532,-23.727790000000006
54.687967,9,150.49,246,0.877657,-15.43200360232468,-24.767723821786202,-22.431482050000085
54.721333,9,150.487,246,0.0208225,-9.566383690057414,-16.01921146542932,-21.770083030000002
54.7547,9,150.487,246,0.0070714,-10.898851746836138,-19.573761496250185,-21.466777
54.788067,11,150.488,247,0.104167,-10.918816643135038,-19.14653090048284,-21.16347097
54.821433,11,150.486,248,0.124501,-11.290871695134525,-20.31080775513257,-21.384639540000023
54.8548,11,150.598,244,0.93966,-20.797532969061862,-29.3881048865604,-21.89782399999999
54.888167,11,150.593,244,0.0251628,-39.95468285656939,-51.08612101097086,-22.41100846000007
54.921533,11,150.594,244,0.0234776,-31.799230125533306,-44.16623642638223,-22.58718609
54.9549,11,150.593,244,0.0123253,-20.164512753902482,-32.29133049200748,-22.578177
54.988267,10,150.585,244,0.132799,-22.740266250879188,-30.37647910926752,-22.569167909999997
55.021633,10,150.602,246,0.764303,-28.840958356630768,-39.33451963933831,-23.06788560000002
55.055,10,150.599,243,0.0962999,-29.790701015749914,-41.49668247081966,-23.841999999999974
55.088367,10,150.599,243,0.00360569,-13.995781467304358,-23.36776090662428,-24.616114399999926
55.121733,10,150.597,242,0.107653,-13.170539740261592,-20.19638137772477,-25.477137599999924
55.1551,10,150.598,244,1.12744,-19.596074143016775,-28.529999819292787,-26.38471999999987
55.188467,10,150.626,241,0.933454,-31.077739407586094,-42.178553776310935,-27.292302400000004
55.221833,10,150.628,241,0.0214475,-51.748115596257804,-60.862484078187705,-27.369985270000054
55.2552,10,150.627,241,0.110193,-45.5263285851185,-57.24414855732186,-27.009287999999973
55.288567,10,150.621,241,0.155225,-24.124800387334066,-31.03283456377425,-26.64859072999997
55.321933,10,150.621,241,0.197232,-22.894702821692665,-31.057904522733278,-26.443409239999983
55.3553,10,150.666,241,0.615868,-16.50209598743731,-23.119680703604757,-26.319283999999993
55.388667,10,150.665,241,0.00807509,-19.022761301396805,-25.544278581138062,-26.195158759999998
55.422033,10,150.666,241,0.0255317,-19.63588105245394,-26.978753973140172,-26.625167190000003
55.4554,10,150.671,241,0.0935059,-22.291051901378008,-30.190479020811644,-27.340221999999955
55.488767,10,150.67,241,0.0141645,-30.442223580134453,-41.655612042657644,-28.055276810000063
55.522133,10,150.623,241,0.483536,-31.051838043967827,-42.562186221244,-28.11074679000003
55.5555,10,150.636,241,0.0863987,-16.886693276894388,-27.85411706651572,-27.831464999999987
55.588867,11,150.635,242,0.21072,-13.901152649292214,-23.420215046498562,-27.552183210000006
55.622233,11,150.635,242,0.0469705,-20.00257319889437,-28.288540118080856,-27.798720239999994
55.6556,11,150.637,242,0.0452289,-39.53359841501742,-49.92129129478678,-28.308567999999962
55.688967,11,150.643,242,0.440455,-43.69797286738951,-52.80028335944387,-28.81841575999993
55.722333,11,150.644,242,0.0111122,-35.72332246667248,-47.89474300449937,-28.942780660000004
55.7557,11,150.648,242,0.0878114,-30.317855806216485,-39.04972584826411,-28.876714000000003
55.789067,11,150.647,242,0.140618,-21.28871697693725,-28.147039219097284,-28.810647339999992
55.822433,11,150.646,242,0.0312023,-21.06844938939692,-28.63798329489535,-28.735833790000004
55.8558,11,150.794,242,0.279931,-18.294152398959554,-25.599220357334026,-28.656753999999992
55.889167,11,150.79,242,0.0711372,-21.325306564711962,-29.86162315708053,-28.577674209999994
55.922533,11,150.789,242,0.0150911,-20.342082257066515,-25.579020329489516,-28.47043053999999
55.9559,11,150.785,242,0.0941395,-16.204536390990235,-25.09306568555757,-28.349642
55.989267,11,150.785,242,0.0131424,-13.196811541602356,-24.52455862860392,-28.228853460000007
56.022633,11,150.822,242,0.175668,-14.34094869925963,-25.090810018843374,-28.22304418
56.056,11,150.825,242,0.0651986,-33.72137235850427,-44.59303478943255,-28.271759999999993
56.089367,11,150.825,242,0.055969,-41.563176441640714,-52.296155295396154,-28.320475820000002
56.122733,6,150.889,241,0.998031,-48.37989303609076,-59.9620419735593,-28.452165629999975
56.1561,6,150.878,241,0.119721,-46.10782165632035,-55.06410527294223,-28.622671
56.189467,6,150.906,241,0.0866135,-20.392668911498546,-32.32457379576236,-28.79317636999999
56.222833,9,150.9,239,0.131476,-20.150232720821258,-27.97204398575062,-29.267127199999997
56.2562,9,150.894,242,0.178387,-26.266060040313153,-34.24554240852202,-29.881080000000004
56.289567,9,150.89,242,0.0398774,-25.564617258460597,-34.14463701078081,-30.495032800000008
56.322933,9,150.898,242,0.111875,-25.478250384053013,-33.93525715769005,-31.013565920000023
56.3563,9,150.936,243,1.69417,-21.900519706618812,-31.061323667338815,-31.488711999999992
56.389667,9,150.935,243,0.0268576,-19.98913979763731,-29.897538350583496,-31.963858080000062
56.423033,9,150.933,243,0.0299414,-20.000350868941375,-28.302475640292766,-32.10777538
56.4564,9,150.935,243,0.0482888,-23.57821576768404,-30.845246934467863,-32.103104
56.489767,9,150.938,244,0.033457,-26.14042404490474,-33.995603121964784,-32.098432620000004
56.523133,9,151.009,245,1.96973,-30.52752085445117,-42.77090090901457,-32.55110079000002
56.5565,9,151.005,243,0.0350901,-48.72034179341792,-55.494656440584436,-33.20609499999998
56.589867,9,151.004,246,0.0208192,-54.265904372755934,-60.590337758683745,-33.86108920999994
56.623233,9,151.005,247,0.0292535,-48.619822658978215,-59.13214137772415,-34.01539264000001
56.6566,9,151.004,247,0.0465831,-42.732249001407595,-53.514685698121326,-33.95132800000001
56.689967,9,151.084,246,1.8511,-27.62193006079766,-37.68056828017594,-33.88726336
56.723333,9,151.082,248,0.0200618,-23.11868778315322,-31.69710036638106,-33.982798359999975
56.7567,9,151.08,246,0.0218186,-22.255127912717402,-30.621017359068116,-34.14696400000001
56.790067,9,151.08,246,0.0357541,-23.883768004218634,-31.097339459923138,-34.31112964000001
56.823433,9,151.083,246,0.0384972,-23.645339460694693,-31.357406421084704,-33.989992929999936
56.8568,9,151.329,244,1.37674,-22.07529424524234,-30.01582413808944,-33.46312799999997
56.890167,9,151.325,243,0.0569629,-22.660335459475988,-30.922239088454443,-32.93626307
56.923533,9,151.326,243,0.0283919,-22.580893147089114,-30.541946621636818,-32.57296828
56.9569,9,151.324,243,0.0716678,-23.456380465944704,-31.463436675432263,-32.27800400000002
56.990267,9,151.325,245,0.0735004,-24.704222190025337,-32.17511135089543,-31.983039719999972
57.023633,9,150.926,245,1.26658,-24.670401064594795,-31.876226379787404,-32.101189119999965
57.057,9,150.913,245,0.195752,-26.085201418486935,-33.05725646179804,-32.38948000000001
57.090367,7,150.933,240,1.0046,-26.089881747152305,-33.83784833131768,-32.67777088
57.123733,7,150.895,240,0.219779,-26.791502631480256,-35.70604798575043,-32.91146722
57.1571,7,150.895,240,0.0376617,-30.129307907045373,-39.48643218492478,-33.12301399999999
57.190467,7,151.3,248,1.64217,-27.251839671417365,-37.1966385147656,-33.334560779999975
57.223833,7,151.299,248,0.0162457,-23.117195997749974,-31.273246992124953,-33.685762599999975
57.2572,7,151.299,249,0.0167925,-23.73596759660618,-32.361901850847964,-34.092839999999974
57.290567,7,151.3,249,0.0298568,-32.76652465935473,-43.186008886842586,-34.499917400000065
57.323933,7,151.303,248,0.0351215,-30.091300787653612,-41.12876559485416,-34.37160139000001
57.3573,7,151.256,243,2.22889,-25.74449205400055,-34.28307554164864,-34.03225899999996
57.390667,7,151.253,243,0.054184,-22.49337548291383,-30.398125445882027,-33.692916609999976
57.424033,7,151.251,243,0.0312348,-22.346798877373097,-30.52157407293869,-33.40213104999998
57.4574,7,151.246,245,0.114851,-22.050342390615516,-29.84042216912762,-33.13019
57.490767,7,151.244,245,0.0943696,-21.970843210190772,-29.465612947217974,-32.85824895000002
57.524133,7,150.952,241,3.18579,-23.678767978437044,-31.40260788426373,-32.771898820000004
57.5575,7,150.951,241,0.0347287,-25.834827627589853,-33.82296559862204,-32.756550000000004
57.590867,7,150.953,241,0.0465245,-24.165618868560383,-32.331559073688624,-32.741201180000004
57.624233,7,150.952,241,0.0109028,-23.535139616761796,-31.544371216274325,-32.80776035999999
57.6576,7,150.96,241,0.0849382,-24.892631122673798,-33.64165747124176,-32.905192
57.690967,7,150.758,238,2.4634,-25.550128192368984,-35.1685752272429,-33.002623639999996
57.724333,7,150.758,238,0.0140061,-27.25397379627804,-35.95390189776402,-33.5983922
57.7577,7,150.758,238,0.014503,-37.138039878972336,-46.180586417174055,-34.379180000000005
57.791067,8,150.757,238,0.140632,-37.625222649697875,-47.427459943608916,-35.15996780000001
57.824433,8,150.759,238,0.0129546,-38.40048043301774,-48.443969804162265,-36.05703328000004
57.8578,8,150.832,238,2.96122,-40.66990286696564,-53.143592206299154,-36.996647999999986
57.891167,8,150.829,238,0.0469119,-52.486781856379885,-67.30074908015429,-37.93626272000013
57.924533,8,150.831,238,0.0672635,-55.82089104584394,-62.46770995893523,-39.69500614999987
57.9579,8,150.812,241,2.3297,-58.697076214446405,-66.10414257691951,-41.74874500000018
57.991267,8,150.754,239,0.145613,-56.906791280926285,-62.3173362912858,-43.802483850000044
58.024633,8,150.811,239,0.138561,-57.59348590962773,-63.03942037798814,-46.31679825000009
58.058,11,150.586,246,1.19925,-55.619613795715495,-63.07573295143653,-48.994499999999924
58.091367,11,150.718,249,0.363279,-54.3400376471189,-62.4484474511314,-51.67220174999976
58.124733,11,151.202,237,1.55621,-56.316631655557174,-64.82328721703468,-55.65671496999965
58.1581,11,151.199,237,0.0301454,-60.454277096704615,-68.15950509004794,-60.09752899999937
58.191467,11,151.315,238,0.156007,-56.59162870163543,-64.77206353813281,-64.53834303000004
58.224833,11,151.499,237,0.310565,-54.9410496149629,-62.23751664965051,-65.62383734000001
58.2582,11,151.708,237,0.32806,-56.44214452528961,-65.45358775015255,-65.55643599999999
58.291567,11,151.922,236,1.398,-59.26042737078698,-66.76632910176703,-65.48903465999999
58.324933,11,151.947,236,0.14819,-58.93686764172878,-65.452454112408,-65.18202920999995
58.3583,11,152.045,236,1.37126,-53.34254720672183,-64.5333487179487,-64.79397099999997
58.391667,11,151.866,235,1.15611,-49.44996404331022,-62.06283793297059,-64.40591279
58.425033,11,152.142,239,1.45251,-57.37926967599503,-68.19527608329787,-58.017706439999955
58.4584,11,152.114,245,1.6478,-52.10392714905823,-61.29641732197466,-49.63191200000048
58.491767,11,152.163,245,0.104985,-36.01171208128109,-49.568803600899024,-41.24611755999923
58.525133,11,152.542,247,1.54914,-18.88943193278326,-29.424979654541662,-36.48927698000038
58.5585,11,152.997,247,1.47793,-27.13051087118562,-36.06935203346935,-32.92100999999985
58.591867,9,153.06,250,1.05756,-24.886426726820524,-34.70055172363328,-29.352743020000077
58.625233,4,153.423,254,2.66688,-13.300376427366054,-21.15825827323872,-27.54609871000001
58.6586,4,153.447,254,0.140685,-14.72607417286977,-21.20510875921089,-26.30718200000009
58.691967,1,154.144,253,1.78755,-15.942127045001559,-23.813204836404356,-25.068265290000166
58.725333,1,154.415,255,1.04858,-11.623356131152113,-18.867706273647542,-24.582535800000016
58.7587,6,154.747,255,1.19131,-13.58157052228858,-21.409117688462697,-24.335620000000016
58.792067,9,154.981,255,3.20882,-21.340881069280584,-30.230797516829075,-24.08870419999996
58.825433,6,155.089,255,0.449412,-18.77824307631458,-27.80083932133444,-23.72658431000001
58.8588,3,155.743,255,1.38157,-15.654325808372013,-23.81139535920871,-23.32851599999995
58.892167,0,156.245,255,1.2217,-15.258946307223589,-23.525043772558963,-22.930447689999973
58.925533,4,156.728,255,1.34952,-14.368946614540889,-22.024921837106746,-23.05020055000002
58.9589,1,157.302,255,3.00838,-14.7766101519711,-21.613819816153377,-23.328815000000002
58.992267,1,157.321,255,0.0730317,-15.534854115079904,-23.10500467632303,-23.607429449999987
59.025633,0,158.289,255,3.17045,-18.328556346317672,-27.998249801059,-24.33025543999997
59.059,1,158.459,255,0.93029,-24.687875914075306,-34.773031042046256,-25.187119999999915
59.092367,1,159.043,255,1.41312,-39.94351629208308,-49.932616427366554,-26.04398456000004
59.125733,1,159.513,255,3.22908,-57.88285024333096,-66.47680322537808,-26.576587639999932
59.1591,1,159.694,255,0.575626,-61.7198437458045,-68.7782992225083,-27.013028
59.192467,1,160.169,255,1.44207,-59.09099336928698,-65.38221236647443,-27.44946835999997
59.225833,1,160.936,255,1.83406,-45.3911450445299,-55.47237486453556,-29.057422190000004
59.2592,1,161.433,255,1.64219,-44.94030264351017,-54.36291681268483,-31.00705600000002
59.292567,1,162.218,255,3.72777,-44.52726142804894,-55.13992692997092,-32.956689810000036
59.325933,1,162.227,255,0.0380056,-43.03828933272445,-53.4334199926877,-32.564774619999945
59.3593,1,162.891,255,1.86838,-32.30160407917176,-43.231830884036924,-31.501702000000012
59.392667,0,163.164,255,1.56617,-16.282191504570385,-25.842260247316364,-30.438629379999853
59.426033,1,163.676,255,2.0026,-17.065198112027673,-24.055789927064794,-29.35085727000007
59.4594,1,163.96,255,3.38548,-16.91521448717952,-24.257500257488427,-28.256085999999907
59.492767,1,163.973,255,0.126599,-14.913735072091375,-22.863715669166524,-27.161314729999976
59.526133,1,164.219,255,1.83391,-14.56864384990398,-22.28062114704924,-26.884277839999996
59.5595,1,164.226,255,1.36152,-14.541109782131896,-23.764847886097527,-26.833560000000002
59.592867,1,164.268,255,1.47346,-27.661137755961732,-37.896332550645965,-26.782842160000005
59.626233,1,163.778,255,3.77141,-44.28552170150983,-54.38187597047015,-26.67047829000001
59.6596,1,163.773,255,0.0230838,-21.508392667744634,-32.00717619659676,-26.541348000000017
59.692967,2,163.781,255,1.48971,-22.844364856044503,-33.32204164060341,-26.41221771
59.726333,5,163.765,255,1.41792,-20.109822877420818,-30.358945566915708,-26.583287489999968
59.7597,5,163.826,255,1.56172,-19.532582669994753,-27.568301242722484,-26.834541000000023
59.793067,5,163.956,255,3.21973,-18.089344661510424,-27.187297802700048,-27.085794510000024
59.826433,5,163.954,255,0.0177637,-16.715382397881143,-25.68305675380867,-27.99654384000013
59.8598,5,163.964,255,1.51346,-17.700549997187288,-26.520917724651873,-29.080304000000062
59.893167,5,164.002,255,1.58555,-21.382161684291916,-30.527257644634815,-30.16406415999999
59.926533,5,164.008,255,1.5323,-22.38728304209114,-34.132859897158326,-30.48072281
59.9599,5,163.752,255,3.34633,-40.25131465419546,-51.09179868724277,-30.599842999999993
59.993267,8,164.001,255,1.55814,-55.37761423886565,-64.12429801256101,-30.71896319000001
60.026633,8,164.01,255,1.47576,-51.31533326676974,-61.448307012797045,-31.160871769999943
60.06,9,163.97,255,1.69294,-49.746860480358876,-61.515609891112,-31.68440000000002
60.093367,9,163.985,255,1.52604,-42.15126375563755,-53.84722030516104,-32.207928229999986
60.126733,9,164.176,255,3.80264,-40.74736988131515,-52.34842939251812,-34.562116609999975
60.1601,9,164.17,255,0.0251139,-28.00205889724816,-42.47949706342228,-37.3706169999998
60.193467,5,164.187,255,1.63705,-39.68535091075103,-51.11000800440446,-40.179117389999625
60.226833,6,164.204,255,1.5972,-52.62162213443974,-62.24983112056437,-39.08869871000013
60.2602,9,164.218,255,1.57227,-33.42470335174163,-44.42442209717108,-37.048974000000115
60.293567,7,164.449,255,3.90805,-21.326951396521622,-32.23508507059412,-35.009249289999666
60.326933,9,164.445,255,0.0660449,-19.981894605043678,-28.552492099653296,-33.997618320000015
60.3603,8,164.416,255,1.68531,-20.12055913172087,-27.755623650260166,-33.2315119999999
60.393667,7,164.406,255,1.61422,-18.57601086950389,-26.764694944970362,-32.465405679999954
60.427033,8,164.405,255,1.62975,-20.777749438335125,-27.962648317442586,-32.279450499999996
60.4604,8,163.927,255,3.67143,-25.967634552009557,-35.23174129119308,-32.2294
60.493767,8,163.921,255,0.135412,-40.90898779890247,-51.714482065812845,-32.1793495
60.527133,8,163.905,255,1.67794,-42.80437994834287,-54.317936586368575,-31.265928440000042
60.5605,9,163.884,255,1.70729,-43.704557743917405,-55.14241380607505,-30.154140000000112
60.593867,10,163.843,255,1.68347,-16.79983765025981,-25.58468625762787,-29.042351559999943
60.627233,10,163.514,255,3.81491,-17.458849952889445,-24.103654733792236,-29.141103289999947
60.6606,10,163.507,255,0.0309028,-19.584846428069834,-26.862507292646022,-29.512478
60.693967,10,163.472,255,1.70388,-27.04118222667979,-38.789057162744385,-29.883852709999978
60.727333,10,163.442,255,1.68688,-31.022228227533898,-42.56281294318596,-29.88048086
60.7607,11,163.431,255,1.68458,-31.46409352067085,-42.787244918064786,-29.794394
60.794067,10,163.517,255,3.42418,-27.22408657150858,-37.908451762855336,-29.70830714
60.827433,11,163.511,255,0.117781,-23.25144193597115,-30.972440644417592,-29.536357569999993
60.8608,12,163.501,255,1.75743,-18.688884274363648,-26.988098286129453,-29.345832
60.894167,12,163.502,255,1.73737,-18.00975563166794,-26.32482968810373,-29.155306429999975
60.927533,12,163.508,255,1.71338,-21.059372879529327,-30.132480307926635,-30.125027189999923
60.9609,11,163.859,255,3.82507,-27.3198004317992,-37.66108373075878,-31.340587000000106
60.994267,11,163.857,255,0.0605425,-60.21355687413818,-68.34708885595045,-32.55614681000003
61.027633,11,163.854,255,1.76817,-57.8405749882817,-65.2219745977313,-31.737052399999957
61.061,12,163.847,255,1.75013,-37.04612916767325,-50.136727060749735,-30.495800000000035
61.094367,12,163.861,255,1.71654,-18.46576393381476,-29.522437979094796,-29.254547600000116
61.127733,12,163.962,255,3.60693,-16.947437379880927,-24.773780889185783,-28.95264911000001
61.1611,12,163.96,255,0.0702105,-17.669430269944666,-23.921279745617344,-28.841537000000017
61.194467,10,163.979,255,1.73171,-17.485841973843396,-24.100668217269135,-28.73042489
61.227833,11,163.993,255,1.72881,-18.698405881779163,-25.73758123990964,-28.870648099999975
61.2612,12,164.0,255,1.68431,-25.923499561243634,-34.75647885951398,-29.060840000000017
61.294567,11,163.443,255,4.69469,-30.72016637659997,-41.74400006764193,-29.25103190000002
61.327933,11,163.439,255,0.0884559,-33.63679353944593,-44.55127747124173,-29.29708382
61.3613,11,163.442,255,1.71102,-37.703650004359396,-47.70852131514561,-29.315102
61.394667,11,163.461,255,1.6945,-38.78495672732349,-49.259811383208934,-29.333120179999998
61.428033,10,163.497,255,1.62382,-40.81610453016458,-51.66737831641124,-30.56132243000001
61.4614,10,163.713,255,3.76832,-39.97946545336045,-50.35012312449599,-32.01979399999992
61.494767,10,163.707,255,0.112575,-41.56214232227072,-52.06059968147987,-33.47826557000014
61.528133,10,163.738,255,1.70615,-41.11043408943437,-53.178846204743465,-37.241911449999556
61.5615,11,163.767,255,1.71159,-43.839225468007776,-54.96514247288276,-41.434475000000184
61.594867,10,163.817,255,1.6616,-46.232852036561326,-56.10519352667103,-45.62703854999992
61.628233,9,163.863,255,3.57471,-48.187569967562325,-58.0287451177522,-47.70905969999999
61.6616,9,163.853,255,0.128,-49.51157415346391,-59.943096573591156,-49.40743999999988
61.694967,11,163.894,255,1.68103,-51.161785781605985,-60.22171103956309,-51.10582029999978
61.728333,8,163.933,255,1.66101,-52.63387477931961,-61.695092022874604,-52.461037069999925
61.7617,8,163.982,255,1.61417,-53.98929711470493,-62.92144891735814,-53.75534299999993
61.795067,8,164.357,255,3.75054,-54.613461781944885,-63.48212766082455,-55.04964893000022
61.828433,8,164.353,255,0.119074,-60.19150482754419,-68.48674446556984,-51.55238691000009
61.8618,11,164.374,255,1.6785,-49.63165041525052,-61.079366642166214,-47.22368599999944
61.895167,8,164.41,255,1.64084,-58.02396889846801,-67.76287504668862,-42.894985089999714
61.928533,10,164.302,255,1.91986,-41.36956624552119,-57.13264209458936,-39.52169874999975
61.9619,10,164.762,255,3.84327,-23.242276125017124,-36.78611538320821,-36.31012499999995
61.995267,10,164.758,255,0.0234342,-18.915895115033003,-28.124109810434522,-33.098551250000156
62.028633,11,164.817,255,1.59007,-17.631785374208672,-26.401191598790316,-31.584724320000042
62.062,10,164.835,255,1.6714,-19.11342103642255,-29.231684725355233,-30.35148000000012
62.095367,11,164.886,255,1.59905,-16.93584281873109,-25.792704212205653,-29.118235679999934
62.128733,11,164.643,255,3.33267,-17.006621572071378,-25.085726089438758,-28.64501617000005
62.1621,10,164.629,255,0.128341,-17.687404087329583,-26.559400569024703,-28.294329
62.195467,11,164.691,255,1.64385,-20.448617122767693,-28.493645733089522,-27.943641830000022
62.228833,10,164.752,255,1.58175,-21.738291447710115,-28.123338110814256,-27.792489529999997
62.2622,10,164.804,255,1.55623,-22.274257479351267,-27.443302680495012,-27.672701999999997
62.295567,12,164.778,255,3.22506,-22.379577360457542,-27.548688846067364,-27.552914469999994
62.328933,12,164.774,255,0.0425456,-22.41946223587867,-28.593894776402756,-27.941772670000024
62.3623,11,164.819,255,1.61342,-27.079434636120705,-35.855150841333035,-28.408576999999994
62.395667,12,164.871,255,1.59476,-49.40328644546411,-58.46482552440277,-28.875381330000064
62.429033,11,164.9,255,1.61679,-61.25953075044515,-67.33739495565747,-29.952445329999925
62.4624,8,164.993,255,2.96803,-57.39483230581628,-64.66082629245689,-31.1206240000001
62.495767,11,164.972,255,0.20716,-61.04739662069935,-67.64290624674238,-32.288802670000024
62.529133,8,165.009,255,1.63157,-58.89342001528108,-64.72975746214811,-32.062932279999984
62.5625,10,165.068,255,1.65128,-38.09438348012436,-47.62070299840498,-31.63450000000001
62.595867,9,165.106,255,1.58988,-26.713969714667414,-30.44680511939249,-31.206067720000036
62.629233,5,165.436,255,3.39466,-28.025250055029517,-31.268089431330264,-30.412820440000065
62.6626,5,165.425,255,0.155637,-14.96127659049363,-23.810700331177113,-29.567968000000118
62.695967,9,165.465,255,1.74832,-14.640224615918298,-23.18069039795643,-28.72311555999999
62.729333,9,165.503,255,1.67581,-16.62785580382493,-24.653947931514562,-28.161351890000066
62.7627,9,165.549,255,1.60992,-16.328681626494323,-24.734049564758998,-27.63849099999995
62.796067,8,165.71,255,3.36845,-16.396744527257866,-26.42135154127403,-27.115630109999945
62.829433,8,165.707,255,0.0999208,-15.454291769230826,-26.434040401631265,-26.737006589999954
62.8628,10,165.711,255,1.68343,-16.996333643744542,-25.89984356532128,-26.37764399999998
62.896167,10,165.575,255,2.04454,-15.69387344780388,-22.50899830727036,-26.01828141
62.929533,10,165.599,255,1.60019,-19.764004096704987,-28.12567718600333,-26.191114250000002
62.9629,10,165.177,255,3.96308,-21.066782664791695,-31.935622270660673,-26.433024999999986
62.996267,10,165.171,255,0.0701085,-20.516166306520354,-27.70348452041353,-26.674935750000024
63.029633,11,165.207,255,1.69849,-24.312670936669843,-32.78100241738012,-27.22057749999994
63.063,11,165.254,255,1.64849,-45.24860645073863,-54.75127333875697,-27.80450000000003
63.096367,10,165.314,255,1.61898,-36.33087069694685,-46.5177985572106,-28.38842249999999
63.129733,5,165.493,255,3.3619,-23.80048784259935,-34.4326889103785,-28.61523417
63.1631,8,165.482,255,0.128945,-29.588294574743415,-41.39620612450204,-28.79841899999999
63.196467,8,165.559,255,1.70039,-20.711335450454698,-29.62228248214127,-28.981603829999976
63.229833,9,165.634,255,1.64343,-20.038369459054042,-26.63675533684901,-29.263232069999983
63.2632,10,165.7,255,1.62228,-20.666907969954032,-26.999652120746216,-29.556527999999986
63.296567,11,165.753,255,3.45293,-21.64218968190126,-27.638469752777286,-29.84982393000005
63.329933,11,165.744,255,0.0951259,-21.886272215993174,-27.404229035530072,-29.77583316
63.3633,10,165.768,255,1.70689,-21.918517420053508,-28.325140469695032,-29.659715999999985
63.396667,11,165.82,255,1.58495,-22.66046459285649,-29.29840909552826,-29.54359883999999
63.430033,10,165.834,255,1.61655,-22.919206100267022,-29.279518429475296,-29.39054456999999
63.4634,10,166.085,255,3.69311,-21.922448694150184,-28.799362953313945,-29.233385999999996
63.496767,11,166.076,255,0.149378,-34.137476862794536,-40.12668162265018,-29.076227430000007
63.530133,11,166.077,255,1.68946,-30.947449194150835,-41.553864505109445,-28.74309685000001
63.5635,11,166.081,255,1.68469,-19.691264584868676,-27.92547004556349,-28.391075000000033
63.596867,11,166.105,255,1.60397,-16.81752288004497,-23.881865801153147,-28.039053149999983
63.630233,8,166.445,255,3.7641,-17.072429059953997,-24.66771714540843,-27.81976472000003
63.6636,8,166.438,255,0.0561762,-18.59657760263446,-25.25009084826328,-27.614224
63.696967,10,166.47,255,1.6305,-18.127142854825728,-25.425684440209988,-27.408683280000012
63.730333,9,166.487,255,1.64839,-17.31968863254112,-25.665970885576364,-27.34025388
63.7637,9,166.5,255,1.6796,-17.86741161922849,-27.0244945978063,-27.285532
63.797067,9,166.097,255,3.42295,-19.608025767824433,-27.566770724558005,-27.230810119999997
63.830433,9,166.093,255,0.0790495,-21.525544064966684,-28.988511192275197,-27.36720912000001
63.8638,10,165.823,255,2.12236,-21.049730002812467,-28.34077036431811,-27.522032
63.897167,10,165.861,255,1.50125,-24.315428778477482,-33.66237965538775,-27.676854880000022
63.930533,11,165.894,255,1.57366,-31.083672296254786,-40.47390537158423,-27.923272119999986
63.9639,7,165.851,255,3.30785,-38.17612078180568,-54.16928068857343,-28.178196000000025
63.997267,7,165.842,255,0.132153,-41.76689654928964,-55.83482438166208,-28.433119880000007
64.030633,7,165.893,255,1.61989,-17.500676444548745,-28.1206363432086,-28.569486409999985
64.064,8,165.929,255,1.78401,-15.950739,-24.437009,-28.695279999999986
64.097367,8,165.982,255,1.56883,-14.596026597637591,-24.13233854842042,-28.82107359000004
64.130733,8,166.03,255,3.24414,-17.930678872452106,-27.535521373225254,-29.083010600000076
64.1641,8,166.028,255,0.0371387,-22.104909750774254,-30.166854222696593,-29.356620000000042
64.197467,10,166.087,255,1.60922,-25.412391211177404,-33.485617381101356,-29.630229400000005
64.230833,10,166.135,255,1.65478,-32.78849981663093,-42.59619782403723,-29.689541250000005
64.2642,10,166.181,255,1.5772,-21.139014093189108,-31.387500550227415,-29.731250000000003
64.297567,10,166.48,255,3.32153,-41.097238009192836,-51.22438631818326,-29.772958750000004
64.330933,10,166.479,255,0.0370226,-60.653438215721906,-68.53914826264463,-30.208134010000027
64.3643,8,166.528,255,1.57555,-39.01098848671081,-49.48255021989421,-30.674270999999962
64.397667,9,166.564,255,1.62361,-39.91118434219272,-48.96241478919975,-31.1404079899999
64.431033,8,166.595,255,1.58285,-21.836875977967054,-34.221614287627574,-31.8346235599999
64.4644,8,166.563,255,3.23794,-18.147915303754402,-28.75454579969958,-32.54600799999991
64.497767,8,166.548,255,0.134844,-18.50020477171481,-29.806341787792658,-33.25739243999991
64.531133,9,166.548,255,1.63839,-17.976818517695758,-32.93655280326247,-33.52230833999999
64.5645,9,166.581,255,1.65056,-15.329893397834539,-31.993721232316293,-33.75520999999999
64.597867,10,166.598,255,1.58738,-32.60691542880404,-46.74794517653216,-33.988111659999994
64.631233,10,166.211,255,3.9875,-29.769746491582914,-38.945408656539904,-33.96833137
64.6646,10,166.217,255,0.0662435,-38.049813296710376,-48.89118382863085,-33.93129400000001
64.697967,10,166.217,255,1.60963,-36.42932702545454,-47.46941049683605,-33.89425663
64.731333,11,166.181,255,1.66828,-37.25540495237647,-47.552069873816485,-34.80755026000016
64.7647,8,166.205,255,1.58362,-35.96887180480921,-45.57774981901228,-35.78253400000017
64.798067,10,166.259,255,3.96085,-35.635789910191384,-46.60857448232977,-36.757517740000175
64.831433,11,166.054,255,0.991897,-39.44904375024681,-50.53915465208907,-39.23245502000033
64.8648,11,166.052,255,1.55566,-48.67917058910558,-58.38553176792836,-41.799711999999985
64.898167,10,166.078,255,1.57259,-42.473459504617274,-56.346074255754,-44.36696897999964
64.931533,10,166.081,255,1.55825,-49.1355552054017,-60.87633660523259,-45.51327203999993
64.9649,10,166.026,255,3.47314,-46.242782665590916,-57.73997522598976,-46.57701199999994
64.998267,10,166.022,255,0.0385493,-60.320993639823016,-68.52632040114318,-47.640751959999946
65.031633,9,166.031,255,1.56235,-56.82437843613183,-64.27332919640926,-49.34471196000006
65.065,10,166.048,255,1.55443,-55.07529726919455,-62.218761798818505,-51.083800000000075
65.098367,10,166.05,255,1.54769,-56.68409512473647,-64.651657695074,-52.82288804000009
65.131733,9,166.144,255,3.72036,-56.89160611700126,-64.7135297586833,-47.99890490000001
65.1651,9,166.173,255,1.43924,-60.33488572962029,-67.38230356705537,-42.837030000000695
65.198467,9,166.163,255,0.0997287,-60.37609967824718,-71.09088751404073,-37.67515510000139
65.231833,10,166.165,255,1.59605,-29.236535709326418,-43.16337786519135,-35.49937030000039
65.2652,10,166.182,255,1.45378,-17.37793793203026,-28.649426032392675,-33.46732000000038
65.298567,8,166.547,255,3.67218,-17.492292337083462,-25.682274021797067,-31.43526969999949
65.331933,8,166.557,255,1.39957,-18.415580453287983,-25.944136185112328,-30.67708766999986
65.3653,8,166.551,255,0.119138,-18.807638338911477,-26.520873592743587,-29.976046999999955
65.398667,10,166.527,255,1.56688,-19.22545289284204,-27.488506924764444,-29.27500633000005
65.432033,10,166.526,255,1.49319,-18.712754338895714,-27.13187695425151,-28.959023329999997
65.4654,10,166.318,255,3.14886,-18.997270235691225,-27.607783152439975,-28.659053999999994
65.498767,6,166.33,255,1.42785,-19.60193856220071,-28.48277665529167,-28.35908466999999
65.532133,6,166.328,255,0.132429,-20.868302944030376,-29.45918868232316,-28.314260349999994
65.5655,6,166.332,255,1.48631,-21.557294546404847,-29.62331976066377,-28.279224999999993
65.598867,8,166.331,255,1.46035,-21.518113684995,-29.535210340927122,-28.244189649999996
65.632233,8,166.148,255,3.14511,-22.659371685572232,-29.482925266241843,-28.710056170000033
65.6656,8,166.147,255,1.35395,-23.364326079219726,-30.03313673866751,-29.193543999999967
65.698967,8,166.148,255,0.0968251,-24.957224527421,-31.569698261929314,-29.677031829999905
65.732333,8,166.142,255,1.43644,-24.665134410537668,-30.862260251816515,-30.442448929999905
65.7657,8,166.138,255,1.36679,-25.7613835374516,-33.610110129979574,-31.21689699999991
65.799067,10,165.703,255,3.29563,-32.638706931608795,-45.940876311721674,-31.991345069999916
65.832433,10,165.701,255,1.22912,-35.86845913227672,-47.5472558340679,-32.817014069999864
65.8658,10,165.694,255,0.122757,-35.81434061083819,-44.810703690855036,-33.64418199999976
65.899167,10,165.697,255,1.35707,-38.462419705388406,-52.639360921250365,-34.471349929999995
65.932533,11,165.707,255,1.30614,-53.64003925101714,-63.64750174068223,-34.071673639999965
65.9659,10,165.931,255,3.87201,-54.60092388374787,-64.83719891013682,-33.64057199999996
65.999267,9,165.937,255,1.21014,-40.30756181717601,-54.853582938120795,-33.20947035999996
66.032633,9,165.939,255,0.0919325,-17.05551521769071,-31.30416672310463,-33.09165843999998
66.066,10,165.923,255,1.53489,-14.97917542933487,-25.795932983265335,-32.980879999999985
66.099367,10,165.93,255,1.21759,-18.340323139783806,-26.636282410631466,-32.87010155999998
66.132733,9,166.228,255,3.74488,-25.720496992830654,-35.086456503308135,-31.461462989999802
66.1661,9,166.223,255,1.14064,-37.25729325341113,-53.834065404023654,-30.027682999999993
66.199467,9,166.207,255,0.115953,-18.357262804443447,-26.32594543536139,-28.593903010000187
66.232833,9,166.209,255,1.29376,-19.534184146955162,-24.543543219377906,-27.909086720000033
66.2662,9,166.16,255,1.26631,-18.52188128705354,-22.381755910330916,-27.236408000000026
66.299567,9,165.788,255,4.34807,-18.068604948202502,-24.27379214686095,-26.56372928000002
66.332933,9,165.779,255,1.14356,-15.383965618262023,-23.05640792293993,-26.733826189999984
66.3663,9,165.765,255,0.13374,-15.842618095485882,-25.80321429991098,-26.91500899999996
66.399667,10,165.714,255,1.27695,-44.17244532445277,-54.87913167197404,-27.096191809999933
66.433033,10,165.695,255,1.1746,-21.288482663710553,-40.54233755941398,-26.998240340000027
66.4664,10,165.916,255,3.46506,-24.75363181339826,-34.86857214268636,-26.897472000000025
66.499767,7,165.904,255,1.12384,-19.1454546047439,-25.71204220986284,-26.79670365999998
66.533133,7,165.895,255,0.11338,-22.958121251805885,-31.052418912066965,-27.494774970000176
66.5665,10,165.848,255,1.26161,-22.779222549664468,-33.491980826933755,-28.198485000000183
66.599867,10,165.819,255,1.18985,-22.051309653417423,-29.633850048280124,-28.90219503000019
66.633233,10,165.807,255,3.09678,-27.895236852157538,-36.54537184742342,-29.60754562000015
66.6666,10,165.802,255,1.08093,-40.00632915018233,-57.35329858080898,-30.312924000000052
66.699967,8,165.791,255,0.150793,-32.78438959555576,-43.40229531500461,-31.01830237999996
66.733333,8,165.762,255,1.16492,-39.40531340078161,-49.44441792424449,-30.708669769999993
66.7667,11,165.512,255,1.55078,-14.856350324847595,-26.194757205593973,-30.39802299999999
66.800067,11,165.773,255,3.38712,-15.637165292223166,-25.010045054000475,-30.08888038000002
66.833433,9,165.774,255,0.83701,-21.634657297988447,-35.603913261424964,-30.527309619999993
66.8668,9,165.77,255,0.0834397,-54.911612058641566,-64.6895123050202,-30.965751999999934
66.900167,8,165.761,255,1.11596,-31.83729243514495,-43.68038078094766,-31.39970542000013
66.933533,9,165.752,255,0.891937,-36.78207627717482,-45.92737722261159,-30.941256580000093
66.9669,9,166.137,255,3.26392,-26.84060503778179,-35.977563970940274,-30.482794000000087
67.000267,8,166.145,255,0.749756,-19.364835578446733,-27.683433566352846,-30.028923819999978
67.033633,9,166.137,255,0.12715,-19.346790295584444,-27.603748816161904,-30.14437017999999
67.067,9,166.097,255,1.10015,-21.39594912857939,-29.028201499273234,-30.259819999999987
67.100367,9,166.106,255,0.958822,-24.239222475110388,-30.470036554701696,-30.374616560000018
67.133733,9,165.748,255,2.70614,-23.060993168329766,-30.17616557769597,-30.430671440000015
67.1671,9,165.751,255,0.827464,-20.635989974219573,-28.124163547295243,-30.48672800000001
67.200467,9,165.738,255,0.163538,-21.54565797590589,-28.77343374471476,-30.54221482
67.233833,10,165.727,255,0.952994,-23.095614724102724,-29.388256108184393,-30.557563180000002
67.2672,10,165.726,255,0.836781,-24.381787548258288,-30.500343083157365,-30.572912000000002
67.300567,9,165.536,255,2.5252,-23.833719763382387,-32.29319783350511,-30.593023620000032
67.333933,10,165.544,255,0.714765,-54.875385464210154,-63.00624845839762,-30.888646380000015
67.3673,10,165.529,255,0.172711,-59.24959427097585,-65.53070751720247,-31.184277999999978
67.400667,10,165.491,255,0.887225,-24.984937807482478,-37.14345582829501,-31.467603470000068
67.434033,9,165.483,255,0.772893,-32.655039887034,-45.116040091777265,-31.147623530000043
67.4674,9,165.446,255,2.2888,-21.83528140458447,-27.966389786106106,-30.82763400000004
67.500767,9,165.413,255,0.700217,-20.4442835393053,-26.60371056152441,-30.51947160999998
67.534133,9,165.408,255,0.118369,-19.900230806778147,-26.70702176079317,-30.713995389999994
67.5675,9,165.366,255,0.829569,-20.137486324145506,-28.490142701167457,-30.908524999999994
67.600867,9,165.378,255,0.625457,-20.694560053813234,-28.0897876997609,-31.091662230000004
67.634233,9,165.746,255,2.61305,-26.7545100329054,-35.62593481901183,-30.847756770000018
67.6676,9,165.759,255,0.574644,-32.582287280879555,-44.70259153616433,-30.603844000000052
67.700967,8,165.733,255,0.200497,-31.987473618243435,-41.294409721463666,-30.37067460000001
67.734333,9,165.416,255,1.27683,-23.262384761788297,-31.61810573094521,-30.49746540000002
67.7677,9,165.441,255,0.414639,-21.291374452725616,-28.454349689823093,-30.624260000000024
67.801067,9,165.483,255,2.59711,-22.53878439927,-30.145948560515926,-30.771893110000143
67.834433,9,165.493,255,0.337317,-27.984180638494408,-38.72512888543578,-31.550321890000095
67.8678,9,165.493,255,0.111467,-25.84448006567006,-36.65948234325503,-32.32877399999999
67.901167,9,165.506,255,0.526997,-30.821253924015178,-40.36127620105066,-33.08938267999996
67.934533,9,165.512,255,0.380603,-32.86410618702442,-44.7621175559192,-33.35764531999998
67.9679,9,165.332,255,3.93447,-24.244201531196424,-31.368845114003197,-33.62591599999999
68.001267,9,165.327,255,0.19619,-25.136091042748532,-32.5192171288082,-33.899140649999985
68.034633,9,165.321,255,0.236773,-37.575984524212515,-46.65120662129293,-34.29786435000002
68.068,10,165.286,255,0.579294,-50.97622297576459,-64.0003441607746,-34.69660000000002
68.101367,10,165.291,255,0.179142,-55.735057308956954,-65.26799401068719,-35.073094559999994
68.134733,10,165.243,255,2.85357,-54.852617356895415,-66.24417773994563,-34.92895344
68.1681,10,165.236,255,0.120217,-20.865809046125715,-30.67943252116444,-34.78480800000002
68.201467,10,165.23,255,0.111603,-24.747359785129674,-34.53813748813832,-34.654672409999954
68.234833,10,165.235,255,0.262547,-23.35067110786065,-29.68551600253101,-34.82917658999997
68.2682,10,165.236,255,0.209341,-25.19033097412294,-32.44122371522757,-35.00368599999997
68.301567,10,165.35,255,2.33818,-30.02196247991247,-42.506868430272874,-35.16775918999999
68.334933,10,165.344,255,0.0829894,-38.249407648290756,-48.20990513064209,-35.12004580999999
68.3683,10,165.344,255,0.184034,-25.103785924997986,-36.645791863122156,-35.072331
68.401667,10,165.328,255,0.119798,-18.65216167730799,-32.29911452163392,-35.02316590000001
68.435033,10,165.309,255,0.150586,-26.491378848969354,-40.5645192363972,-34.9464241
68.4684,10,165.497,255,2.19775,-29.559393712792577,-41.6416674758827,-34.869679999999995
68.501767,10,165.49,255,0.0349382,-17.85721100243746,-32.59484478747542,-34.81603059000001
68.535133,10,165.487,255,0.0565636,-16.676667842450424,-31.936143794402938,-35.17538241000004
68.5685,10,165.482,255,0.141092,-24.038139806973618,-37.6060816527599,-35.53474500000004
68.601867,10,165.479,255,0.0379677,-20.037213332769884,-35.52988128176879,-35.88561274000003
68.635233,10,165.525,255,1.91475,-23.254261238774333,-37.605505738164936,-36.09314926000002
68.6686,11,165.513,255,0.0909646,-44.60608239408511,-57.977749127268396,-36.30069199999999
68.701967,11,165.383,255,0.906549,-57.334104777070124,-63.371892003281815,-36.516791189999935
68.735333,11,165.382,255,0.0585916,-33.604643325793674,-44.8197537424234,-36.86946980999996
68.7687,11,165.382,255,0.106536,-55.774212335655605,-64.81443314614715,-37.22215899999996
68.802067,11,165.331,255,2.16593,-59.521165820840885,-64.53267695246785,-37.56715894999997
68.835433,11,165.329,255,0.0110916,-56.98882805006252,-67.08960438970571,-37.79571604999996
68.8688,11,165.329,255,0.0149186,-50.517827676702375,-64.28473967825248,-38.02427999999993
68.902167,11,165.327,255,0.0621799,-39.85403488768952,-48.62020835229996,-38.10607303999999
68.935533,11,165.326,255,0.0611719,-27.84291969202505,-37.0081272735172,-36.07475095999982
68.9689,11,165.351,255,2.11044,-24.870923901003103,-31.761644432080256,-34.0433679999998
69.002267,11,165.348,255,0.0504395,-19.834885661932248,-26.37527825228523,-32.10044337999992
69.035633,11,165.35,255,0.0997852,-19.155518679510923,-25.94878474377737,-31.37106261999986
69.069,11,165.345,255,0.0761209,-19.60284235953654,-26.09426081840326,-30.641659999999856
69.102367,11,165.344,255,0.00684462,-19.762314575446364,-25.98159139056838,-29.94234194999994
69.135733,11,165.381,255,1.43237,-20.44418649988279,-27.129562883279394,-29.637043049999956
69.1691,11,165.378,255,0.0270692,-20.768750564524446,-28.247112581024734,-29.331735
69.202467,11,165.372,255,0.067054,-22.057328421084872,-29.58979537556851,-29.032643790000026
69.235833,11,165.368,255,0.0673958,-21.489932716307923,-29.992026972624288,-28.81142721000001
69.2692,11,165.37,255,0.0673741,-22.1468665835559,-28.724926394084743,-28.590204000000007
69.302567,11,165.332,255,0.862582,-21.980126567055724,-28.354251623353566,-28.408127539999988
69.335933,11,165.327,255,0.0264833,-21.71885719105653,-28.900542023718007,-28.695742459999973
69.3693,11,165.325,255,0.0265799,-20.715508045423363,-29.349062483569774,-28.983365999999936
69.402667,11,165.316,255,0.0994238,-20.10013034977041,-28.875265098341057,-29.295339249999795
69.436033,11,165.315,255,0.00735135,-20.577867052219446,-28.757328993765412,-29.887585749999843
69.4694,11,165.365,255,0.520664,-21.99149073033628,-30.39934144754747,-30.479849999999846
69.502767,11,165.363,255,0.0433789,-37.51908006145465,-46.62355739502234,-31.04599377000005
69.536133,11,165.36,255,0.0489844,-56.547315807256524,-63.684281917315325,-31.32326523000007
69.5695,11,165.352,255,0.178352,-43.74420875783773,-60.861670639989974,-31.600545000000075
69.602867,11,165.352,255,0.0187023,-40.54930346826674,-50.47333208605988,-31.906580780000162
69.636233,11,165.301,255,0.601871,-19.95625506342289,-32.68931857741537,-32.51851322000012
69.6696,10,165.299,255,0.745379,-22.407318509843915,-33.093612455002,-33.130464000000046
69.702967,10,165.289,255,0.170421,-28.670646117188248,-40.934881813340205,-33.69072964
69.736333,10,165.289,255,0.0210894,-27.82120040817407,-39.57436102259282,-33.72142636
69.7697,10,165.289,255,0.00629123,-28.44990584156029,-39.97167775882456,-33.752124
69.803067,10,165.341,255,0.475251,-28.693900717011754,-41.02178950405541,-33.78055206
69.836433,10,165.337,255,0.0259928,-15.700307786574758,-26.50081434139611,-33.78655794
69.8698,10,165.336,255,0.0660297,-22.643732458853957,-37.77115459109113,-33.792564
69.903167,10,165.335,255,0.0718349,-56.00736766764755,-65.58425971611913,-33.81573519999995
69.936533,10,165.333,255,0.0883181,-57.707658505836434,-67.95511399653094,-34.002584799999966
69.9699,10,165.433,255,0.478471,-57.625927441944185,-68.17305940570958,-34.18943999999996
70.003267,10,165.431,255,0.0201009,-44.31200609086022,-56.85257236610532,-34.37541310999997
70.036633,10,165.43,255,0.0278255,-24.50281350611916,-36.27723935757448,-34.55325388999998
70.07,10,165.434,255,0.155334,-24.240974050673234,-34.345586198612445,-34.731099999999984
70.103367,10,165.435,255,0.00443034,-29.482060252744947,-42.80649687203813,-35.126521650000775
70.136733,10,165.367,255,0.764946,-30.76010720292477,-43.35760578793388,-37.46047335000064
70.1701,10,165.359,255,0.112918,-28.590493059482498,-41.16163696006377,-39.79449500000033
70.203467,10,165.358,255,0.0150597,-36.487730835890304,-46.76249968021527,-41.856807859999996
70.236833,10,165.359,255,0.0447667,-49.40982491994067,-60.113915514202795,-41.575866139999974
70.2702,11,165.35,255,0.106338,-53.15311211250155,-62.346442832090844,-41.294915999999965
70.303567,11,165.305,255,0.856459,-53.66584679000681,-61.707775892941115,-40.89907278999985
70.336933,11,165.303,255,0.0172363,-53.04341963422768,-61.03213869990067,-39.543412209999936
70.3703,11,165.303,255,0.0179015,-30.956077829935587,-43.55366734053082,-38.187711000000114
70.403667,11,165.3,255,0.0417459,-21.061646567008424,-31.611437003000386,-36.8188819300003
70.437033,11,165.301,255,0.120613,-23.349885459641765,-31.1364339393456,-35.34377107000018
70.4704,11,165.289,255,0.898813,-23.331917915014298,-30.866763823512866,-33.868616000000166
70.503767,11,165.287,255,0.059197,-19.804906096184006,-27.861434801630775,-32.49196798000006
70.537133,11,165.282,255,0.0495551,-19.994756597618803,-28.259778519336063,-31.889378020000013
70.5705,11,165.281,255,0.0529698,-19.889876676197613,-28.021181616433974,-31.286770000000008
70.603867,11,165.281,255,0.00503906,-20.439621355599318,-28.36633665288517,-30.681145720000014
70.637233,10,165.218,255,1.25765,-20.729462386349795,-27.872856052735212,-30.052530280000052
70.6706,10,165.224,255,0.227377,-21.14504557202555,-30.31120689242058,-29.423896000000134
70.703967,10,165.224,255,0.030089,-18.04570205835994,-26.07602898092112,-28.89388134000002
70.737333,10,165.218,255,0.0766764,-17.329056915155054,-25.668399789434655,-29.094744660000035
70.7707,10,165.218,255,0.00786458,-22.315246127455968,-30.55635285346777,-29.29561400000004
70.804067,10,165.274,255,0.574845,-33.17985979538688,-44.90328324483125,-29.47021052
70.837433,10,165.271,255,0.021594,-49.478126473586705,-60.54076354404032,-29.45552948
70.8708,10,165.27,255,0.0308171,-51.106097918341035,-60.11698918913063,-29.440848000000003
70.904167,10,165.27,255,0.0687218,-25.63304071579263,-36.727397698214304,-29.41845757000001
70.937533,10,165.268,255,0.0656478,-19.63725230111559,-26.127934624824245,-29.342049430000007
70.9709,10,165.311,255,0.751966,-20.927528699761,-26.165215974124607,-29.265639000000004
71.004267,10,165.306,255,0.0732411,-21.76967867244777,-27.2627472662417,-29.267954719999985
71.037633,10,165.303,255,0.0838357,-21.674284884685783,-27.297166488960787,-29.80714928000003
71.071,10,165.302,255,0.0639214,-21.954442188009818,-29.969444537967135,-30.346360000000033
71.104367,10,165.3,255,0.121246,-27.299006391035086,-36.046844513708315,-30.73080423999997
71.137733,10,165.233,255,0.899423,-32.77829033336289,-43.26711727898923,-30.08750776000001
71.1711,10,165.227,255,0.0182075,-24.111408499179408,-29.959584969671234,-29.444192000000093
71.204467,10,165.223,255,0.0290994,-23.091449037780855,-28.83286002062511,-28.87730661000002
71.237833,10,165.222,255,0.008801,-20.417506554305803,-26.91291328997352,-28.804902390000013
71.2712,12,165.216,255,0.0889334,-18.82373638305057,-25.110883969204146,-28.732496000000012
71.304567,12,165.156,255,0.913776,-18.869833204753196,-25.59927631627056,-28.68123482000002
71.337933,12,165.154,255,0.0177962,-18.71607754598269,-26.959298317896373,-28.763315180000017
71.3713,12,165.152,255,0.0275955,-18.688661034125563,-27.83444625805148,-28.845398000000007
71.404667,12,165.151,255,0.00660916,-24.347583025221752,-33.62407051938502,-28.835120890000034
71.438033,12,165.148,255,0.0400184,-30.580343785449756,-38.15069416078375,-28.256888109999988
71.4714,12,165.261,255,0.805991,-15.22970073787084,-25.673890462616306,-27.67863799999998
71.504767,12,165.258,255,0.0525174,-14.082968017859557,-23.50811896709329,-27.22213707000001
71.538133,12,165.259,255,0.0473448,-13.501667614165935,-25.559479147893256,-27.496071930000035
71.5715,12,165.253,255,0.0860091,-18.28197315539192,-26.04874895064005,-27.770015000000036
71.604867,11,165.298,255,0.724565,-25.35605966629137,-31.53716100154662,-28.06678430000005
71.638233,11,165.219,255,1.16858,-22.742964753351426,-33.473527854691916,-28.497205700000027
71.6716,11,165.213,255,0.0297721,-20.768712132330663,-31.117165091126658,-28.92763999999997
71.704967,11,165.211,255,0.0266461,-21.799307433111007,-34.47515102249837,-29.341186499999942
71.738333,11,165.213,255,0.00929362,-37.632277752071474,-46.71968880340126,-29.65816349999997
71.7717,11,165.205,255,0.0728874,-35.93344395073656,-46.363848780304274,-29.97514999999997
71.805067,11,165.179,255,1.05848,-27.915502639010814,-38.931037623917184,-30.5261812299998
71.838433,11,165.169,255,0.0823264,-36.19025133514479,-46.718146550761844,-32.38433376999969
71.8718,11,165.167,255,0.0183539,-26.252446075989123,-35.416606411432824,-34.242541999999446
71.905167,11,165.163,255,0.0954677,-24.284497490200696,-34.12665205230973,-35.96759664000002
71.938533,11,165.161,255,0.0102203,-27.38145002085972,-39.247437599775004,-36.965907360000095
71.9719,11,165.113,255,0.877579,-37.63510628414937,-49.30534419190198,-37.964248000000104
72.005267,11,165.103,255,0.0790527,-31.412464330101482,-48.28110138091382,-38.62808146999987
72.038633,11,165.102,255,0.0385883,-53.47381328902818,-61.50127303450233,-37.50731752999978
72.072,11,165.097,255,0.125707,-34.08714436637567,-48.369369835647674,-36.38651999999977
72.105367,11,165.097,255,0.0260352,-18.277575551326613,-31.845165596418884,-35.37376017999991
72.138733,11,165.164,255,0.81837,-15.419758768480756,-31.731566130220635,-34.92465381999994
72.1721,11,165.16,255,0.0461339,-18.859802288565767,-33.21630389912198,-34.475534
72.205467,11,165.157,255,0.0504742,-15.368522518492354,-29.657693824637658,-34.127663019999986
72.238833,11,165.151,255,0.106512,-19.65009907110935,-34.309265473303,-34.29649498
72.2722,11,165.151,255,0.0175662,-25.46645333272428,-39.07709395092159,-34.465332
72.305567,11,165.254,255,1.05177,-51.96971097412419,-62.14379496273357,-34.61000824
72.338933,11,165.254,255,0.0778537,-47.06201288398341,-58.83137233131839,-34.63403176
72.3723,11,165.253,255,0.0728212,-49.534500850088264,-61.27646339487972,-34.658055999999995
72.405667,11,165.251,255,0.0801356,-55.48258735033259,-64.89963916302636,-34.88473215999959
72.439033,11,165.249,255,0.0903961,-55.94341975755867,-64.3442677924343,-36.101923839999685
72.4724,11,165.054,255,0.832389,-54.78361668360393,-61.320949343676126,-37.3191519999997
72.505767,11,165.046,255,0.100153,-56.89038691684329,-65.10305122350442,-39.77305564000155
72.539133,11,165.043,255,0.0541829,-57.21181820089925,-63.23622942992268,-48.14525236000225
72.5725,10,165.033,255,0.801004,-56.83282885267013,-62.92769925931791,-56.51770000000232
72.605867,10,165.037,255,0.107845,-55.528744914877734,-61.91888303749893,-63.538977540000175
72.639233,10,165.096,255,0.879663,-53.990341351005384,-62.75436772882427,-64.22698446000014
72.6726,10,165.094,255,0.0165755,-56.60893502653056,-63.747400139542464,-64.91501200000005
72.705967,10,165.093,255,0.00630534,-59.01011738939751,-65.75708902489211,-63.86258498000038
72.739333,10,165.093,255,0.0118197,-60.24654975757021,-67.56879920633746,-54.81839701999962
72.7727,10,165.089,255,0.0606,-54.030614233675465,-63.576332456569595,-45.773937999999546
72.806067,10,165.153,255,0.694038,-29.923367428143198,-42.87448186153518,-38.00360964999994
72.839433,10,165.152,255,0.0153711,-31.289703570429555,-40.83603157010146,-35.966615350000055
72.8728,10,165.149,255,0.043992,-20.11684927992885,-28.90777870854071,-33.92956000000032
72.906167,10,165.142,255,0.121094,-20.099068009000074,-27.818002293488966,-32.05037985000032
72.939533,10,165.141,255,0.0198806,-19.911391324895657,-27.440547543992867,-30.867555150000218
72.9729,10,165.098,255,0.55316,-19.048635967937187,-27.180855960061965,-29.684695000000207
73.006267,10,165.095,255,0.0375065,-18.86780431683305,-26.450046112783433,-28.64961071000007
73.039633,10,165.092,255,0.0509549,-16.930150213613334,-23.79986363282293,-28.253556290000034
73.073,10,165.087,255,0.0527865,-17.74646579735595,-24.45449990676385,-27.85749000000003
73.106367,10,165.083,255,0.0828961,-21.246817390849923,-27.838851277644988,-27.426277869999808
73.139733,10,165.102,255,0.640595,-20.406444151877285,-27.61114459288419,-26.846043129999842
73.1731,10,165.101,255,0.0120334,-17.45977917878332,-25.771247879200796,-26.26579099999992
73.206467,10,165.1,255,0.0153103,-14.530288354426768,-22.59724348970964,-25.827489520000004
73.239833,10,165.097,255,0.0293739,-13.532352021655338,-21.782324375644126,-25.979638480000016
73.2732,10,165.089,255,0.137674,-23.51150546646101,-31.871009563962417,-26.13179200000002
73.306567,10,164.852,255,1.34217,-30.835518834254938,-37.18298958882519,-26.29077520000002
73.339933,10,164.85,255,0.021123,-24.442098446864208,-32.42043705817112,-26.477624800000008
73.3733,10,164.85,255,0.0211013,-21.40774797168846,-27.529537816068313,-26.664479999999983
73.406667,10,164.85,255,0.00804362,-19.67493351760203,-26.750467899404754,-26.791465540000022
73.440033,10,164.85,255,0.0514692,-19.623780813162124,-26.281704336176983,-26.67868846000001
73.4734,10,164.795,255,1.75692,-20.23939575493365,-26.786065941171007,-26.56590800000001
73.506767,10,164.791,255,0.0250792,-19.486209604293972,-26.31180052929643,-26.609783589999935
73.540133,11,164.834,255,0.872976,-17.993901314911096,-24.591109729198827,-27.26942940999999
73.5735,11,164.839,255,0.112872,-18.623242312740206,-25.900695848364045,-27.929094999999997
73.606867,11,164.837,255,0.0120052,-22.135136602165183,-28.963064063562918,-28.45959232
73.640233,11,165.155,255,1.69726,-24.85579223886702,-31.04941640029991,-28.491623679999996
73.6736,11,165.153,255,0.015357,-25.01755678638748,-31.686495506258026,-28.523655999999992
73.706967,11,165.153,255,0.0794293,-25.08049486584153,-31.54386041499066,-28.604108970000027
73.740333,11,165.154,255,0.0854709,-24.903431742230442,-31.073851313317338,-28.86803403000005
73.7737,11,165.133,255,0.189044,-25.281625178596652,-31.030579589649836,-29.131967000000053
73.807067,11,165.038,255,1.43947,-26.02301024862885,-30.95476258013405,-29.433284400000076
73.840433,11,165.036,255,0.018916,-24.290378946559294,-30.263768739135767,-29.87371560000005
73.8738,11,165.034,255,0.0182986,-19.850436183002735,-28.264481893919893,-30.31415999999999
73.907167,11,165.03,255,0.053457,-20.652924830403595,-28.265649241222498,-30.73145498999996
73.940533,11,165.031,255,0.0709559,-20.155412471757323,-27.68648451971118,-31.064114009999987
73.9739,11,165.103,255,1.17742,-21.882254979234784,-30.343977154690528,-31.39678299999999
74.007267,11,165.102,255,0.0143132,-29.638801675733955,-40.07749653239425,-31.513331410000017
74.040633,11,165.1,255,0.0225977,-53.65666835939563,-61.381098717620155,-30.85368558999996
74.074,11,165.106,255,0.0758344,-52.07040961535751,-59.80229021810395,-30.194019999999956
74.107367,11,165.11,255,0.0863336,-21.919182323441845,-30.817474971404838,-29.62430547999999
74.140733,11,165.123,255,0.920575,-16.79947450417177,-24.419499760382507,-29.372058520000003
74.1741,11,165.119,255,0.0192546,-17.471371337552124,-25.75043847339775,-29.119804000000038
74.207467,11,165.115,255,0.0762576,-19.130708712852343,-27.21395785600425,-28.97111676999995
74.240833,11,165.107,255,0.111293,-19.097427501195316,-27.150066435100534,-29.181656229999966
74.2742,11,165.103,255,0.0780111,-18.569148979515518,-27.732981955000206,-29.392201999999966
74.307567,11,164.998,255,0.576207,-23.42054221262844,-31.7269877059489,-29.52859116999997
74.340933,12,164.981,255,0.12105,-23.73081632698966,-33.315590118402554,-29.412143829999977
74.3743,12,164.977,255,0.0231109,-25.114788684151776,-34.14854320109633,-29.295692999999993
74.407667,12,164.975,255,0.0102572,-26.272058769382244,-33.89868080856852,-29.28665683999998
74.441033,12,164.97,255,0.110374,-24.34665409211081,-32.662882626494216,-29.63766716000001
74.4744,12,164.906,255,0.504873,-24.417167360176272,-32.80622734283302,-29.988688000000014
74.507767,10,164.89,255,0.789061,-24.380419897013375,-32.19227532128575,-30.225766949999993
74.541133,10,164.885,255,0.0600575,-21.72782958796244,-29.177449642807087,-30.08729804999998
74.5745,10,164.876,255,0.122498,-18.69932416486203,-26.416435075844973,-29.94882499999998
74.607867,10,164.875,255,0.0162826,-16.841754042656962,-24.677987632541168,-29.789189719999975
74.641233,10,164.948,255,0.301732,-18.924556823091578,-27.678931008438553,-29.560966279999988
74.6746,10,164.949,255,0.0239724,-20.544357990437476,-27.925005270098207,-29.33273600000002
74.707967,10,164.95,255,0.0155707,-20.54793308597002,-27.285603480382512,-29.180670239999984
74.741333,10,164.949,255,0.0152322,-21.291431348896136,-28.53416174429298,-29.271425759999993
74.7747,10,164.948,255,0.026454,-23.938145836552174,-31.097213352582887,-29.362183999999992
74.808067,10,164.942,255,1.15453,-28.28502656175792,-36.521351274127326,-29.527642659999955
74.841433,10,164.939,255,0.063176,-33.597808520296134,-43.536546039467176,-29.927367339999932
74.8748,10,164.938,255,0.0766037,-32.711409438757045,-44.09368255088369,-30.327103999999878
74.908167,11,164.938,255,0.0692622,-34.03034675494546,-44.5458945245153,-30.95984517000003
74.941533,11,164.931,255,0.107498,-35.73681824689474,-45.458430376084046,-32.31150183000014
74.9749,11,164.94,255,1.10409,-36.482738265351436,-47.658981969766884,-33.663199000000155
75.008267,11,164.94,255,0.00550781,-36.94782441428954,-49.377730670229944,-35.35814201000033
75.041633,11,164.94,255,0.0140289,-41.40894220811839,-51.847025947689346,-38.09515499000056
75.075,11,164.941,255,0.167378,-42.119302541977255,-53.34143551075803,-40.832250000000585
75.108367,11,164.935,255,0.0742589,-48.37555909037299,-59.038914199681834,-43.24922359000027
75.141733,11,164.928,255,1.66663,-52.56682076234011,-60.65110477148067,-44.709653410000186
75.1751,11,164.925,255,0.0225304,-54.37811062941763,-62.52639172368024,-46.17012699999999
75.208467,11,164.917,255,0.103743,-56.410452894343415,-64.04210827670904,-46.287057030000405
75.241833,11,164.917,255,0.0131445,-57.7794503377714,-63.18899914755846,-42.45296997000008
75.2752,11,164.917,255,0.0520475,-56.108977305864705,-65.93158699020324,-38.61876800000005
75.308567,11,165.099,255,1.53635,-56.559044136087,-64.25443281948583,-35.21797056000009
75.341933,11,165.095,255,0.0247276,-27.655388448604775,-42.38965700717571,-33.071869440000214
75.3753,11,165.093,255,0.0227528,-13.050938227628475,-24.899590355880534,-30.9257040000005
75.408667,11,165.086,255,0.0952507,-14.33496835325551,-25.40884021994093,-29.216615370000152
75.442033,11,165.087,255,0.00755317,-19.087158894530095,-25.563936093096054,-28.753161630000115
75.4754,9,164.878,255,1.5038,-16.693147999438192,-21.468419831248557,-28.28969400000011
75.508767,9,164.879,255,0.169772,-19.43296276806215,-26.56110201073965,-27.73347150999984
75.542133,9,164.875,255,0.0305284,-33.03750324120861,-56.46426937854073,-26.917005489999774
75.5755,9,164.873,255,0.0908388,-23.64867655224245,-34.88133851042934,-26.100514999999767
75.608867,9,164.865,255,0.135496,-21.675677111746857,-31.474172759351813,-25.346093509999854
75.642233,9,164.931,255,0.90724,-17.379766951995833,-26.738980362438845,-24.763189489999885
75.6756,9,164.929,255,0.0207715,-13.100361016687353,-18.961032059857708,-24.180267999999966
75.708967,9,164.93,255,0.0142925,-13.322797109548691,-19.71833963465052,-23.797938299999995
75.742333,9,164.93,255,0.00643989,-14.537711604668864,-21.389604434049147,-23.96143170000001
75.7757,9,164.93,255,0.0085319,-17.31766587315451,-24.72498160891618,-24.12493000000001
75.809067,9,165.039,255,0.924349,-19.767973338333167,-26.765351883659857,-24.277003880000002
75.842433,9,165.036,255,0.0219737,-19.791547374630767,-26.686364542117666,-24.398456119999995
75.8758,9,165.038,255,0.0302626,-20.12880746643856,-26.93687180078753,-24.51991199999998
75.909167,9,165.037,255,0.0306033,-20.898754687667093,-28.748041824544295,-24.77841452999984
75.942533,9,165.036,255,0.0550358,-29.468653869502276,-41.86179023933367,-25.39868846999989
75.9759,9,164.843,255,0.93268,-33.29366243168075,-43.69877169493443,-26.018980999999894
76.009267,9,164.837,255,0.0267665,-33.040913125714056,-44.915643643760234,-26.999667159999692
76.042633,9,164.833,255,0.0371756,-31.228407006796754,-46.17974956541475,-28.917544839999856
76.076,9,164.827,255,0.0640755,-37.54588150830797,-52.03010917033734,-30.835479999999873
76.109367,9,164.824,255,0.0443088,-59.45802003979762,-66.79467522387829,-32.73524318000061
76.142733,9,165.012,255,1.10724,-62.79983663769813,-69.54311991173384,-34.5883908200005
76.1761,9,165.012,255,0.072628,-61.86470684755877,-69.0541440008425,-36.44159400000025
76.209467,9,165.009,255,0.0737337,-55.504227826841515,-66.47328381399737,-37.27671599999993
76.242833,9,165.004,255,0.0650326,-59.13280004317362,-69.83856981488847,-35.54168399999978
76.2762,9,165.003,255,0.0512077,-29.745945455632423,-35.078752915998514,-33.806599999999776
76.309567,9,165.056,255,1.03354,-25.150469863503368,-32.978798388486545,-32.11772460999985
76.342933,9,165.052,255,0.0675738,-20.86823866291682,-28.088273972062108,-30.54385038999994
76.3763,9,165.051,255,0.0729243,-12.078283888815932,-22.398227294506448,-28.96992900000015
76.409667,9,165.052,255,0.0119477,-13.621539882576391,-22.90554806862617,-27.82251565000002
76.443033,11,165.032,255,0.753051,-16.20875523689882,-24.10545681353698,-27.720749350000013
76.4764,12,164.907,255,1.12227,-16.614801574743133,-23.974688056672505,-27.61898000000001
76.509767,12,164.902,255,0.0477789,-25.906378052591176,-32.172821852441714,-27.365040790000055
76.543133,12,164.899,255,0.0181641,-26.74656452524254,-33.76902022219098,-26.74343221
76.5765,12,164.897,255,0.0709809,-23.339286895472693,-31.436661384222955,-26.121805
76.609867,12,164.893,255,0.011352,-20.09144946472711,-26.27040641100762,-25.732249629999995
76.643233,12,164.934,255,1.25621,-16.856051392988093,-23.24320483322419,-25.895409369999985
76.6766,12,164.93,255,0.013431,-15.034777928139563,-22.62582369821381,-26.05857399999996
76.709967,12,164.929,255,0.036378,-16.698138645917616,-27.40526702634348,-26.400646280000085
76.743333,12,164.924,255,0.0651335,-28.382682468475114,-38.594027668588396,-27.162725720000147
76.7767,12,164.923,255,0.0509527,-24.744186243508185,-37.347817469438304,-27.924828000000154
76.810067,12,164.958,255,1.16816,-23.796725276521567,-34.217742874655315,-28.33247120999993
76.843433,12,164.955,255,0.0223459,-29.229105919420135,-40.75192714667346,-27.919733789999956
76.8768,12,164.955,255,0.0627517,-27.20096156124354,-40.96136646421083,-27.50698400000001
76.910167,12,164.953,255,0.0400825,-19.634642811512457,-28.6691987532929,-27.357051159999948
76.943533,12,164.952,255,0.0441233,-16.8591304842258,-26.265334313457398,-27.806824839999987
76.9769,12,164.865,255,0.893007,-16.178410571415252,-23.584700987202996,-28.25661199999999
77.010267,12,164.857,255,0.0731207,-16.68601435466162,-25.555689332723443,-28.527342680000004
77.043633,12,164.854,255,0.0527507,-22.08720891590483,-29.330233428303508,-28.395213319999993
77.077,12,164.854,255,0.12119,-18.061979570946075,-27.217239790605927,-28.26307999999999
77.110367,11,164.848,255,0.0640278,-18.410772742229785,-27.299508180986546,-28.09476584999999
77.143733,11,164.755,255,0.75424,-21.660770310677698,-27.966194669166565,-27.846189150000004
77.1771,11,164.745,255,0.0809169,-21.853328375474643,-27.85013137041207,-27.597605000000037
77.210467,11,164.734,255,0.0945638,-20.65094237723813,-27.035011451485857,-27.50382777999994
77.243833,11,164.732,255,0.0133898,-21.233442313879742,-27.15772882955984,-27.74873421999996
77.2772,11,164.731,255,0.0606912,-22.60220149465621,-28.129304514249533,-27.993647999999965
77.310567,11,164.902,255,1.3934,-23.07215560999396,-28.22099707668872,-28.277554010000088
77.343933,11,164.9,255,0.0249902,-23.239564299053374,-28.453653057842182,-28.645580990000067
77.3773,11,164.899,255,0.0181055,-23.89588923339429,-28.274370646556992,-29.013619000000016
77.410667,10,164.872,255,0.799395,-25.21722794975175,-29.856765638042784,-29.432111919999976
77.444033,11,164.876,255,0.15182,-28.868481825670585,-34.97560723906812,-29.95796008000002
77.4774,11,165.05,255,1.54928,-38.23740188619071,-44.202946656510456,-30.483824000000027
77.510767,11,165.048,255,0.0202159,-42.37216045994395,-48.680119661274624,-30.913107930000013
77.544133,11,165.047,255,0.0196712,-59.90992492997271,-68.14319943001948,-31.139663070000033
77.5775,11,165.048,255,0.0498123,-41.06382647629924,-52.63828415651283,-31.366225000000032
77.610867,11,165.045,255,0.0451801,-18.972215679229503,-26.61629108587646,-31.598003090000027
77.644233,11,165.138,255,2.01358,-20.473023067641016,-29.205117815964847,-31.840573910000014
77.6776,11,165.134,255,0.0831999,-25.303235361365154,-35.84633037538096,-32.083151999999984
77.710967,11,165.132,255,0.0122895,-23.461944271832362,-33.52441594810858,-32.103319330000076
77.744333,11,165.13,255,0.0675543,-24.701629398255267,-34.03326185871564,-31.669227670000037
77.7777,11,165.125,255,0.0643457,-27.020771598227817,-36.38177590507631,-31.235123000000033
77.811067,11,165.015,255,2.19694,-21.715830050627098,-31.98975941443073,-30.89077170000002
77.844433,11,165.007,255,0.0704069,-18.689393430741067,-27.789652823793954,-30.727278300000027
77.8778,11,165.006,255,0.081607,-21.40170893503026,-28.451839530867872,-30.56378000000005
77.911167,11,164.992,255,0.148275,-22.521981626418366,-29.644741038062193,-30.45779175
77.944533,11,164.991,255,0.0437836,-36.5944750798827,-45.745021126570236,-30.46613325
77.9779,11,165.01,255,1.75378,-32.44528642115953,-44.12108218885461,-30.474475
78.011267,11,165.008,255,0.0158974,-27.69330163638577,-38.26081061172936,-30.456226629999993
78.044633,11,165.005,255,0.0250684,-16.790943239336244,-27.710504681353726,-30.385824369999984
78.078,11,164.997,255,0.0579405,-20.170709672948846,-28.316904143439857,-30.315419999999982
78.111367,11,164.998,255,0.0100857,-22.257953226867915,-29.435112824880477,-30.445302170000094
78.144733,11,165.036,255,1.28263,-21.175460595977906,-26.821250517601293,-30.962808830000064
78.1781,11,165.033,255,0.0642925,-26.810173789584358,-35.29941542331453,-31.480330999999993
78.211467,11,165.028,255,0.0746398,-28.164004202315713,-39.991935522617545,-31.70452731000003
78.244833,11,165.028,255,0.133445,-33.7915335590125,-45.16909999099885,-31.368531690000005
78.2782,11,165.027,255,0.0258149,-29.13910919327177,-39.969475982473284,-31.032526
78.311567,11,164.981,255,1.40416,-21.59322801865582,-28.28421849414106,-30.973202949999976
78.344933,11,164.979,255,0.049362,-18.645638152955478,-28.965095623165933,-31.43532204999995
78.3783,9,164.983,255,0.748295,-21.96469239397235,-31.538976970329166,-31.89745499999989
78.411667,9,164.982,255,0.157717,-28.50685479861814,-37.115948940791384,-32.156232140000036
78.445033,9,164.98,255,0.0210221,-32.85935448324146,-43.701617310785636,-32.036781860000026
78.4784,9,164.911,255,1.14643,-34.59506753930533,-44.842922798481425,-31.917328000000026
78.511767,9,164.909,255,0.02463,-34.141849120656026,-44.3279444311613,-31.623369529999877
78.545133,9,164.909,255,0.0393099,-25.87369057882087,-39.92466245830381,-31.009101469999823
78.5785,9,164.912,255,0.0724089,-14.091540588664484,-24.133723303192035,-30.394814999999817
78.611867,9,164.91,255,0.0495247,-13.643082471945469,-25.61566920705074,-30.15683110000011
78.645233,9,164.983,255,0.952163,-17.377204616650744,-33.078473042610774,-30.600598900000087
78.6786,9,164.979,255,0.0228234,-26.21446188211307,-40.305534409815415,-31.044380000000025
78.711967,9,164.977,255,0.0323546,-30.444120709699227,-43.97957038110048,-31.359276509999997
78.745333,9,164.976,255,0.0445898,-31.372969058127296,-42.74679525255811,-31.443692490000007
78.7787,9,164.979,255,0.0822635,-44.844395029625346,-54.97766060352484,-31.528111000000006
78.812067,9,164.996,255,0.729823,-47.50786057785692,-57.71619387231643,-31.87245269000002
78.845433,9,164.992,255,0.0251454,-47.71442119739371,-57.606483799559356,-32.67557230999997
78.8788,9,164.987,255,0.0736447,-47.03406185881698,-57.09354265421407,-33.478715999999864
78.912167,9,164.977,255,0.0789985,-49.49349971185442,-60.941302581915465,-35.80431639999875
78.945533,11,164.978,255,0.0906988,-52.42441122911708,-63.418859530326095,-40.782523599999166
78.9789,11,164.857,255,1.39678,-51.27271439755196,-62.56899061088356,-45.760879999999204
79.012267,11,164.853,255,0.0317643,-62.434906181119196,-69.91295099953122,-47.213823270000695
79.045633,11,164.851,255,0.01514,-49.70082212233744,-63.820069231610056,-42.60297573000031
79.079,11,164.846,255,0.116423,-60.302351749039744,-70.20920357335616,-37.99199000000028
79.112367,11,164.843,255,0.0316189,-34.29166500434955,-49.18841629882062,-34.18275687999922
79.145733,11,164.872,255,1.87101,-18.024252226868466,-26.02638454907525,-31.73502711999936
79.1791,11,164.855,255,0.159861,-17.943032890592065,-28.113281520039383,-29.287223999999686
79.212467,11,164.854,255,0.0763553,-11.855215346083368,-22.744919516382968,-27.627709289999984
79.245833,11,164.854,255,0.00779731,-11.273207195612649,-22.05508029405145,-27.289711709999956
79.2792,11,164.853,255,0.0171311,-15.516699821404833,-26.885690755310737,-26.951703999999953
79.312567,11,165.01,255,1.99183,-25.401381300893817,-37.13850280621455,-26.556516439999953
79.345933,9,164.985,255,0.859774,-16.765997302629405,-30.040227631696794,-26.066703559999983
79.3793,10,164.983,255,0.0600271,-14.495982684620097,-23.750982705010767,-25.57687600000005
79.412667,10,164.98,255,0.102479,-15.237069852997669,-22.957449317723704,-25.29618060999999
79.446033,11,164.972,255,0.15171,-17.053380676103668,-25.348049720071145,-25.357240389999994
79.4794,11,164.807,255,1.78551,-19.34182859166528,-26.606378606009347,-25.418301999999994
79.512767,11,164.801,255,0.0259939,-21.09975775100775,-29.86694913452704,-25.766621109999935
79.546133,11,164.803,255,0.0278819,-21.96870426100403,-29.358832384381234,-26.578415890000002
79.5795,11,164.801,255,0.0520302,-30.107607363549903,-43.044652681348424,-27.39023500000001
79.612867,11,164.8,255,0.0106196,-34.4881337032291,-48.75530068555886,-27.99026328999999
79.646233,11,164.826,255,1.96925,-21.29695587747258,-28.270806514015153,-28.252853709999975
79.6796,11,164.818,255,0.0760536,-26.336121329533253,-33.92850574077388,-28.51545199999994
79.712967,11,164.818,255,0.057322,-28.39305736036424,-38.191888699635136,-28.89630933000007
79.746333,11,164.815,255,0.0964605,-26.215297651991904,-39.612108323719326,-29.463197670000113
79.7797,11,164.814,255,0.0105653,-15.819761577479508,-26.51605914666619,-30.03010300000012
79.813067,11,164.979,255,1.69552,-14.39095905526627,-26.420348686963756,-30.315022469999974
79.846433,11,164.976,255,0.0835362,-20.37847804799918,-29.24259038033219,-30.161872529999982
79.8798,11,164.969,255,0.105439,-22.40818698354633,-29.94097610786088,-30.008718000000005
79.913167,11,164.969,255,0.056326,-19.01199755610682,-28.099312668228716,-29.883872520000008
79.946533,11,164.965,255,0.0975239,-19.67705304809306,-29.630707681618446,-29.802459480000003
79.9799,11,164.994,255,1.5744,-28.822593885810875,-36.98698859007189,-29.721044000000003
80.013267,11,164.991,255,0.0294803,-22.176573857966538,-30.537691381568465,-29.65952902
80.046633,11,164.989,255,0.0234494,-21.639492445366862,-29.312098345943546,-29.628164979999998
80.08,11,164.982,255,0.0949316,-22.7550942337694,-29.474972076829786,-29.596799999999998
80.113367,11,164.982,255,0.0123134,-22.462383656072635,-29.804175029484707,-29.773960220000017
80.146733,11,164.997,255,2.33036,-22.629545962218174,-30.187201767215115,-30.26310577999999
80.1801,11,164.993,255,0.0710569,-23.84470287910758,-31.876818004125123,-30.752265999999924
80.213467,11,164.991,255,0.0538032,-25.655982970937796,-33.391340667291026,-31.241964899999886
80.246833,11,164.986,255,0.108828,-26.469561390193746,-34.20493021590978,-31.73244509999993
80.2802,11,164.984,255,0.0191254,-25.074752671322752,-32.31755990615915,-32.22293999999993
80.313567,11,165.063,255,2.61175,-26.66580737510089,-33.59695220901986,-32.63189723000007
80.346933,12,165.068,255,0.173805,-31.635914477735238,-35.74436212327746,-32.921847770000056
80.3803,12,165.064,255,0.0282693,-33.32876400295331,-37.66709672769927,-33.211807000000015
80.413667,12,165.066,255,0.0412706,-30.185124462359205,-35.72163774735098,-33.13262056000002
80.447033,12,165.055,255,0.110245,-25.86053395434212,-32.31625865536846,-32.52135543999997
80.4804,12,165.102,255,1.67713,-24.116019218008855,-30.10381976047626,-31.910071999999964
80.513767,12,165.098,255,0.026709,-19.236647659963417,-26.790797421178443,-31.450363229999983
80.547133,12,165.099,255,0.0271799,-18.574541678259912,-26.160934668041442,-31.206457769999965
80.5805,12,165.098,255,0.0255979,-18.693371908733223,-26.62095387554524,-30.962544999999963
80.613867,12,165.095,255,0.0335048,-20.077570006562205,-27.446303569982263,-30.684103399999966
80.647233,12,165.077,255,1.57112,-23.08664950780478,-33.3747261961749,-30.357116599999983
80.6806,12,165.076,255,0.0763249,-20.09056382403573,-30.93281316808728,-30.03012000000003
80.713967,12,165.076,255,0.0397276,-20.02366701246875,-28.08507652261725,-29.838742970000002
80.747333,12,165.072,255,0.0640799,-21.152284734917682,-30.020497478554315,-29.83574003
80.7807,12,165.074,255,0.0499816,-22.599126540195574,-31.88362844916276,-29.832736999999998
80.814067,12,165.103,255,1.71276,-28.65665282187243,-36.183235112220636,-30.00599347999995
80.847433,12,165.101,255,0.0593273,-22.08364581413767,-32.646739525804755,-30.421066519999926
80.8808,12,165.098,255,0.0404839,-19.262514103829158,-32.48975671302763,-30.83615199999987
80.914167,12,165.095,255,0.0589865,-20.04142608789189,-30.076209141986293,-31.217520020000013
80.947533,12,165.086,255,0.138139,-23.971167195612555,-30.934526766605277,-31.55318198000004
80.9809,12,165.041,255,1.71409,-24.82656645375706,-31.05683667472927,-31.888854000000045
81.014267,12,165.034,255,0.0755675,-27.400124720995855,-35.16903081887244,-32.374329520000096
81.047633,12,165.032,255,0.0169596,-27.06500266907235,-35.943206125526956,-33.06033448000015
81.081,12,165.033,255,0.0901465,-29.33138827605356,-37.9926337347791,-33.74636000000016
81.114367,12,165.034,255,0.0512587,-25.91408809402797,-36.938133002811846,-34.29733572000006
81.147733,12,165.197,255,1.04207,-25.681630428772234,-37.262698958936745,-34.66970028000004
81.1811,12,165.19,255,0.134869,-26.389389795866062,-37.574372645964274,-35.042075999999994
81.214467,12,165.19,255,0.0762771,-28.29709456602455,-37.805769250738244,-35.773667329999896
81.247833,12,165.183,255,0.108564,-30.61378899053087,-41.441898310583305,-36.974509669999996
81.2812,12,165.168,255,0.800189,-36.10211840078703,-46.94749514273616,-38.175388
81.314567,12,165.092,255,1.28522,-39.19845893672075,-49.33321760982472,-39.26788784999995
81.347933,12,165.09,255,0.0310677,-36.18515159682188,-46.01986243819444,-40.2204871499999
81.3813,12,165.085,255,0.0827582,-39.372104963765636,-49.53391062027643,-41.17311499999977
81.414667,12,165.085,255,0.00934462,-42.45285969680508,-53.96485329704855,-42.24381219999962
81.448033,12,165.081,255,0.0676747,-56.6517189114086,-65.02762472035226,-43.46500779999972
81.4814,12,165.195,255,1.10099,-57.32340471583956,-65.61668382327927,-44.68623999999973
81.514767,12,165.204,255,0.0681879,-59.218961834762766,-66.71701244292817,-46.06001531000033
81.548133,12,165.212,255,0.0605794,-57.22282227937926,-63.521161417147546,-47.62588169000046
81.5815,12,165.229,255,0.12502,-59.46610403286012,-66.7869695753526,-49.191795000000475
81.614867,12,165.229,255,0.0139442,-60.556932959686904,-67.16802642497542,-50.18666684000007
81.648233,12,165.235,255,0.890662,-57.93865994965542,-63.81972362265034,-50.470945160000056
81.6816,12,165.229,255,0.103671,-48.09250864060222,-60.37206950321044,-50.755232000000014
81.714967,12,165.23,255,0.00749891,-56.88667680518443,-65.1014295577763,-48.85643222000007
81.748333,12,165.228,255,0.0205089,-42.564829821303135,-56.50763837771876,-44.273945779999686
81.7817,12,165.23,255,0.121602,-25.303961560352942,-37.56349125739499,-39.69132199999965
81.815067,12,165.184,255,1.36884,-20.731617085309853,-31.41067565510459,-35.60590921999993
81.848433,12,165.185,255,0.00911024,-19.90462211395483,-29.000800854685032,-32.12450078000013
81.8818,12,165.184,255,0.0111285,-24.917253954344254,-32.10387754860723,-28.6429880000006
81.915167,12,165.183,255,0.0333843,-18.028278489945805,-25.246509274505442,-26.51558498000012
81.948533,13,165.177,255,0.0993077,-12.59873868107258,-19.024593503890664,-26.013093020000078
81.9819,13,165.186,255,1.06118,-13.452868926170858,-20.83046215089321,-25.510586000000075
82.015267,13,165.185,255,0.00516168,-22.0623220222177,-30.93260109524676,-25.07479577000005
82.048633,13,165.185,255,0.0140072,-18.916176780904653,-27.56298434299213,-24.71811323000002
82.082,13,165.178,255,0.0692936,-13.02685821154029,-19.952892541483077,-24.361420000000017
82.115367,13,165.181,255,0.015612,-14.852818320539312,-22.403203408899287,-24.119979269999966
82.148733,13,165.326,255,2.02799,-20.286452663166408,-26.86903604049825,-24.013541730000018
82.1821,13,165.321,255,0.050727,-23.04150238541268,-29.81436321000351,-23.907100999999987
82.215467,13,165.321,255,0.028877,-21.588934190774147,-30.771923073872724,-24.096698650000032
82.248833,10,165.331,255,0.732931,-16.1968896200254,-26.015027451038684,-24.628886350000077
82.2822,10,165.326,255,0.0591558,-14.880042312927737,-24.66361393306461,-25.16109000000008
82.315567,10,165.384,255,1.48948,-14.10105332339568,-24.92997004725074,-25.64705966000004
82.348933,10,165.38,255,0.0172895,-16.95274532358319,-25.943620075657524,-26.080150340000014
82.3823,10,165.378,255,0.0333268,-19.02492804692357,-26.784427272395142,-26.513253999999954
82.415667,10,165.374,255,0.066926,-22.626124794495034,-30.09654029273724,-27.0231259599999
82.449033,10,165.372,255,0.0493761,-35.20987022851888,-42.263395459334994,-27.619710039999948
82.4824,10,165.3,255,1.37894,-30.674836220174786,-45.742676706322385,-28.216311999999952
82.515767,10,165.296,255,0.061161,-28.89034620855034,-39.84475711686133,-28.71090146999997
82.549133,10,165.294,255,0.0856424,-27.69177084418886,-38.27721411611501,-29.091607530000005
82.5825,10,165.289,255,0.0490603,-20.63328192336187,-28.446908610714907,-29.47232500000001
82.615867,10,165.285,255,0.0872819,-21.53116954071143,-31.88566887554475,-30.210367309999956
82.649233,10,165.404,255,1.73503,-22.371172927346024,-32.18082843883004,-31.34247568999989
82.6826,10,165.402,255,0.0118056,-22.14860048811694,-31.867125273519804,-32.47461799999974
82.715967,10,165.402,255,0.0163987,-24.26591591234717,-34.56456168369779,-33.204391910000034
82.749333,10,165.398,255,0.0568262,-24.163550499367407,-34.46505092617087,-33.49567708999994
82.7827,10,165.4,255,0.00731554,-25.409805977828796,-35.82580457354376,-33.786971000000065
82.816067,10,165.383,255,2.18993,-24.608294624947384,-34.10572638513111,-34.20262349000009
82.849433,10,165.383,255,0.0397689,-27.768343536327656,-36.3928419970005,-34.75216151000006
82.8828,10,165.382,255,0.0457802,-37.103322453009916,-45.728531007457235,-35.301715999999985
82.916167,10,165.383,255,0.0286502,-48.73526974210198,-58.106426586575516,-36.14922829999989
82.949533,10,165.379,255,0.0522309,-54.11008703510998,-61.54307613603342,-37.31370169999999
82.9829,10,165.393,255,2.18685,-58.67945706341991,-66.0353659002063,-38.47821
83.016267,10,165.393,255,0.00909071,-53.83283217662817,-60.36533149453942,-39.71103970000001
83.049633,10,165.39,255,0.0627789,-55.26540404762349,-62.46713783303633,-41.01565030000011
83.083,10,165.393,255,0.103774,-56.396899649931946,-64.05939994295234,-42.320300000000124
83.116367,10,165.394,255,0.00432834,-59.537275691745215,-67.75072036717766,-46.28442353000021
83.149733,10,165.004,255,1.90659,-57.0094995796184,-63.94401995565549,-53.010675469999825
83.1831,10,165.002,255,0.00829319,-61.55980521023744,-69.38216061060311,-59.737128999998916
83.216467,10,164.984,255,0.775655,-60.90612846533589,-68.3141688250604,-63.54793550999982
83.249833,10,164.981,255,0.0519086,-59.81559881798157,-67.06738867632302,-64.36640348999988
83.2832,10,164.981,255,0.0333464,-59.43902119476867,-69.25071688173246,-65.18489599999988
83.316567,10,164.822,255,1.21548,-58.02877626508181,-66.23950632020758,-61.027655729997875
83.349933,10,164.817,255,0.0558626,-52.86943473085201,-61.38740067075934,-51.82497927000233
83.3833,10,164.813,255,0.0426747,-52.34011821108078,-62.23855703501511,-42.62202699999965
83.416667,10,164.809,255,0.0802778,-45.96729840676673,-56.688306226304,-37.11931540000005
83.450033,10,164.805,255,0.0596322,-28.409010276050054,-37.18262520657998,-35.324224599999894
83.4834,10,164.871,255,0.919466,-20.175815583809847,-26.200192332802335,-33.52907999999988
83.516767,10,164.868,255,0.0166916,-21.65446577565323,-27.97989793606164,-32.49700156999998
83.550133,10,164.866,255,0.0109169,-20.41097277247575,-27.349753185900358,-32.220397429999956
83.5835,10,164.86,255,0.0625239,-19.805321607884526,-27.2325977515586,-31.943784999999952
83.616867,10,164.861,255,0.00704319,-23.402787009749588,-32.016078658479316,-31.806662659999997
83.650233,10,164.961,255,1.92711,-24.387756661042438,-36.20560377359106,-31.80599534
83.6836,10,164.96,255,0.0417524,-40.50568420952216,-50.28478334269028,-31.805328
83.716967,10,164.959,255,0.0506912,-47.9240429405141,-56.31642351591299,-32.00622861999994
83.750333,10,164.955,255,0.0836806,-52.12720729408443,-62.15675599990614,-32.40194937999997
83.7837,10,164.953,255,0.0477452,-54.25891425823843,-63.079547693948314,-32.79768199999997
83.817067,10,165.068,255,2.44461,-55.02581467169766,-61.85656409065353,-34.082093309999735
83.850433,10,165.064,255,0.0399805,-55.59595298270036,-64.14714996488786,-36.21518168999961
83.8838,10,165.06,255,0.0459907,-57.74391516387777,-64.32848764215053,-38.348333999999326
83.917167,10,165.059,255,0.00866428,-57.268073014906946,-64.61521754464887,-43.439532080000376
83.950533,10,165.057,253,0.0744803,-55.833618734121,-63.04304911011042,-51.32191591999768
83.9839,10,164.921,253,1.98391,-58.690478547743545,-65.60208385501366,-59.2045360000011
84.017267,10,164.92,253,0.00701389,-60.96820213640681,-68.17701125186248,-63.60163946000017
84.050633,10,164.918,253,0.0558051,-61.954084734357615,-69.2884761274098,-64.74876254000027
84.084,10,164.912,253,0.0415582,-61.11458359541548,-68.54477678976234,-65.89592000000027
84.117367,10,164.911,253,0.00644965,-58.86864388600358,-67.05977134705165,-60.892033399998155
84.150733,10,164.884,254,1.55196,-56.994841395302544,-66.06217598326486,-50.22158659999878
84.1841,11,164.88,252,0.76337,-39.21876793029378,-54.657642639535844,-39.550820000000215
84.217467,11,164.881,252,0.0588216,-15.575439885717458,-25.965664487320335,-34.38041170000001
84.250833,11,164.884,252,0.0990951,-21.11398902662345,-29.58912373375765,-34.216918299999996
84.2842,11,164.884,253,0.0748166,-48.86694709647175,-60.19411721572391,-34.053419999999996
84.317567,11,164.647,255,1.67027,-49.97251762285864,-58.625887017626994,-33.0512731200001
84.350933,11,164.645,255,0.0116287,-35.44778395035763,-45.452710338020495,-31.2948868800002
84.3843,11,164.645,255,0.00511176,-18.62066981953883,-30.097220857507207,-29.538448000000436
84.417667,11,164.644,255,0.00190864,-11.88627245980392,-21.955267695588727,-28.43692481000016
84.451033,11,164.644,255,0.0117155,-14.615214464703513,-24.420022767225962,-27.917416190000115
84.4844,11,164.369,255,3.2313,-18.607958170111456,-27.114846742418784,-27.397892000000112
84.517767,11,164.367,255,0.0538563,-18.936177710133784,-24.32195631217724,-27.145761159999996
84.551133,11,164.363,255,0.0555729,-19.083798232409816,-25.36483170946376,-27.128410840000004
84.5845,11,164.361,255,0.0485775,-26.282838047764493,-32.8893743310212,-27.111059999999995
84.617867,11,164.354,255,0.0993707,-31.245790031078627,-42.246369078610755,-27.017774409999962
84.651233,11,164.088,255,3.94334,-16.527007480242194,-24.842482329395647,-26.85861858999997
84.6846,11,164.099,255,0.199677,-17.513140277457435,-24.842887229222566,-26.699457999999993
84.717967,11,164.114,255,0.413971,-20.282920925045165,-27.676612453944035,-26.903769819999997
84.751333,11,164.126,255,0.462501,-23.8391755902123,-31.649939569680715,-27.41960818000004
84.7847,11,164.123,255,0.0300184,-26.329947146533343,-32.03342750330469,-27.935462000000044
84.818067,11,164.312,255,4.35138,-25.37322549167959,-31.54119720887823,-28.203255910000003
84.851433,9,164.321,255,1.13108,-17.146158849107383,-27.664682686964255,-28.260979089999996
84.8848,11,164.308,255,1.78374,-16.161541445460102,-26.940835659963383,-28.31870399999999
84.918167,9,164.278,255,2.14437,-14.78906878727806,-26.316089186565527,-28.41312624999997
84.951533,11,164.27,255,0.0933171,-13.67360944539247,-25.550631419237078,-28.53824874999998
84.9849,7,164.539,255,4.28433,-18.606770827027265,-30.47677866736903,-28.66337499999998
85.018267,7,164.491,255,3.02024,-16.13424744492303,-27.1495127073217,-28.896824559999956
85.051633,7,164.437,255,3.2405,-22.887682499928932,-29.858085722542153,-29.219807439999983
85.085,7,164.395,255,3.6078,-34.12983155291745,-42.001983824735674,-29.542799999999986
85.118367,8,164.388,255,0.180318,-49.862387255614145,-61.91392035625641,-29.026053319999622
85.151733,9,164.16,255,5.09174,-59.395866794506304,-67.51032229474188,-27.823542680000205
85.1851,11,164.106,255,4.04905,-26.014285559549208,-41.32513079383141,-26.620995999999856
85.218467,8,164.048,255,4.39858,-10.105345314708911,-19.382941221055674,-25.82564666999997
85.251833,10,163.943,255,4.66703,-26.235043072375767,-34.816795132236145,-25.35885632999993
85.2852,10,163.943,255,0.00995985,-11.059378088262564,-20.69279014882286,-24.892051999999925
85.318567,11,163.486,255,6.68975,-12.167066781043728,-21.006146956124816,-24.740329660000008
85.351933,5,163.344,255,4.99807,-15.188388518046029,-23.50720170516535,-24.83976034
85.3853,8,163.175,255,5.1991,-26.568176991136625,-39.70173290394736,-24.93919399999999
85.418667,6,163.027,255,5.28915,-29.079898,-45.657095,-24.894145080000026
85.452033,6,163.021,255,0.0351063,-27.820663643510503,-39.70799258191606,-24.735322920000012
85.4854,5,162.714,255,6.33587,-32.62901312206917,-44.376240073130184,-24.576496000000013
85.518767,8,162.593,255,5.45329,-19.95632738803787,-28.71694912389535,-24.839363569999964
85.552133,8,162.465,255,5.60506,-18.313308537336624,-27.470433931233295,-25.430275430000012
85.5855,7,162.352,255,5.58684,-17.022727842169406,-26.835978158064986,-26.021205000000016
85.618867,7,162.315,255,0.238666,-19.854299998358524,-27.013637394646643,-26.570249829999977
85.652233,7,162.301,255,7.13541,-20.122303343786896,-25.373952673651882,-27.08708916999995
85.6856,7,162.192,255,5.72133,-18.79700871054284,-26.087965812918725,-27.60394399999988
85.718967,7,162.076,255,5.83416,-16.66558131292711,-25.420916042841473,-27.830414060000003
85.752333,7,161.958,255,5.86753,-15.5653147313081,-23.935563275160053,-27.83641994
85.7857,7,161.949,255,0.0990647,-22.00839426840032,-31.85110116677862,-27.842426
85.819067,1,162.14,255,7.17659,-53.86832756978035,-62.57831293808234,-27.89018879000001
85.852433,2,162.022,255,5.89447,-28.00574904481185,-39.53946036148989,-27.969266210000008
85.8858,1,161.915,255,5.96632,-22.652817745559364,-32.83633893029692,-28.048346
85.919167,1,161.783,255,6.04883,-21.561837479235006,-29.996759743882983,-28.051524470000004
85.952533,2,161.755,255,0.122879,-23.46322666788373,-31.230034867762775,-27.99847253
85.9859,2,161.471,255,6.92711,-13.996932193447272,-25.8400579242526,-27.945418999999998
86.019267,5,161.397,255,6.1718,-13.494903729291586,-24.580064396708128,-28.345525310000006
86.052633,0,161.284,255,6.20086,-18.588415945345364,-27.999478193025233,-29.07724169000007
86.086,6,161.113,255,6.26443,-19.72206610448603,-28.683953642103866,-29.808980000000073
86.119367,5,160.666,255,1.8685,-28.60287128920574,-36.4035718168155,-30.035433279999996
86.152733,0,160.038,255,6.951,-27.6701471573648,-36.89732924160078,-29.896630720000005
86.1861,0,159.93,255,6.2561,-23.162766809787048,-30.524357499015757,-29.75782400000002
86.219467,4,159.853,255,6.28703,-24.634106939342708,-32.40820088459193,-29.814660629999956
86.252833,4,159.761,255,6.39306,-24.976955172972108,-32.291100946139665,-30.011186369999976
86.2862,4,159.746,255,0.0958518,-22.65308993428116,-31.52180125275468,-30.20771799999998
86.319567,5,159.692,255,7.45254,-21.653721258847533,-31.17766598237465,-30.996542720000274
86.352933,5,159.524,255,6.41245,-23.011661604977697,-32.39541358064934,-32.20305727999969
86.3863,4,159.363,255,6.47472,-22.86119368940236,-33.661095526368825,-33.40960800000004
86.419667,5,159.19,255,6.51368,-28.141735897201468,-39.556956928983205,-34.174831239999996
86.453033,7,159.158,255,0.122184,-34.5592124535234,-39.486363586040895,-34.63261276000003
86.4864,7,159.139,255,7.20453,-40.751560680514324,-47.99383335071211,-35.09040800000003
86.519767,7,158.976,255,6.5606,-55.079059568555785,-62.001193541789725,-34.78499936999993
86.553133,7,158.814,255,6.58382,-57.4260208259117,-63.877243511671395,-33.95451962999986
86.5865,5,158.66,255,6.55211,-56.218672296582625,-64.00090669301062,-33.12401499999985
86.619867,5,158.647,255,0.0471864,-41.627988758222365,-51.21206447773115,-32.01378300999987
86.653233,6,158.701,255,7.25115,-18.872954138003248,-26.74157748586845,-30.713509989999945
86.6866,6,158.625,255,4.98688,-17.132079628996014,-24.94342709609037,-29.413198000000122
86.719967,7,158.557,255,5.05997,-17.775161728167557,-25.238780042047605,-28.546369580000082
86.753333,4,158.439,255,5.11429,-15.282654762632056,-22.25040172016504,-27.970472420000032
86.7867,3,158.433,255,0.0494607,-14.763718243142893,-23.71956597778065,-27.39455800000003
86.820067,3,158.471,255,7.41636,-18.624168232773535,-25.179201471641036,-26.87523252000006
86.853433,5,158.333,255,6.5568,-18.906309005203195,-25.49147947517931,-26.39342748000009
86.8868,3,158.168,255,6.69426,-15.59225734925478,-24.947433391909637,-25.911608000000154
86.920167,4,158.034,255,6.77151,-15.00812767430739,-23.50274440739696,-25.760325650000002
86.953533,4,158.018,255,0.0622526,-16.33393250285865,-24.519469402361864,-25.82538934999998
86.9869,5,157.777,255,7.5001,-22.047955347538572,-30.79117169845059,-25.89045500000001
87.020267,5,157.592,255,6.97276,-25.402341230204343,-34.936702585148275,-26.081378720000043
87.053633,5,157.352,255,7.07186,-20.681440873201137,-31.286127730886435,-26.353645280000066
87.087,5,156.669,255,7.6432,-17.749869583743415,-28.32608015872063,-26.625920000000068
87.120367,5,156.668,255,0.0791092,-19.14134825959822,-27.193149995125452,-26.973959960000066
87.153733,3,156.348,255,8.38215,-19.7851587266207,-26.604452015469,-27.370348040000046
87.1871,5,156.174,255,7.36857,-24.080473232549572,-34.956150327003336,-27.766747999999993
87.220467,5,155.972,254,7.48347,-35.75153288159268,-47.443512885717695,-28.171130089999973
87.253833,5,155.806,255,7.62654,-26.234145192555665,-35.997369355956536,-28.580530910000004
87.2872,5,155.799,255,0.0519108,-19.480681656307105,-27.053144827778524,-28.98994400000001
87.320567,4,155.772,255,8.1887,-19.13851432155207,-27.00873385009854,-29.23687778999999
87.353933,4,155.533,255,7.96868,-20.132785683401295,-27.05490005179764,-29.382687209999983
87.3873,4,155.311,255,7.9486,-25.833170504359195,-35.28723076366358,-29.528500999999963
87.420667,7,155.03,255,7.94593,-28.2436064100682,-39.17042352003803,-30.07608126999976
87.454033,7,155.022,255,0.0520009,-24.233751499205905,-34.033102688763876,-30.87052572999983
87.4874,3,154.964,255,8.76116,-25.82768937378544,-35.71836966628937,-31.664993999999837
87.520767,3,154.741,255,7.70778,-38.09833958675338,-49.664187347325125,-31.482582589999822
87.554133,6,154.518,255,7.78695,-37.12780511742161,-44.993433041200376,-30.707490410000087
87.5875,4,154.238,255,7.77439,-41.00816886069205,-51.00263252653068,-29.93237499999975
87.620867,6,154.203,255,0.139758,-15.03427830328589,-24.323341450896965,-29.87988380000009
87.654233,6,154.085,255,8.91733,-16.801294500048122,-25.132971711448448,-30.260256200000068
87.6876,4,153.787,255,7.93256,-26.805699579711533,-36.04734490366942,-30.64064000000002
87.720967,6,153.477,255,7.93268,-28.303061090465917,-38.02204532745851,-30.61531235
87.754333,5,153.178,255,7.94083,-25.798891256175313,-36.54674434252052,-30.350052649999977
87.7877,3,153.173,255,0.0505599,-24.686635299725506,-34.854064606152264,-30.084784999999975
87.821067,7,152.925,255,8.68269,-26.078290534901797,-35.03723127366412,-29.909684109999997
87.854433,7,152.619,255,7.79309,-19.87615505118832,-26.622995703792295,-29.787230890000007
87.8878,7,152.303,255,7.8007,-20.64890401106266,-29.30989410214218,-29.664774000000023
87.921167,7,151.965,255,7.74003,-27.490360594150044,-39.50676973491796,-29.84733357999992
87.954533,7,151.927,255,0.27242,-27.7239424557251,-38.96962306960955,-30.205684419999947
87.9879,8,151.577,255,8.44174,-22.16572077246573,-29.586054281114038,-30.56404599999995
88.021267,8,151.256,255,7.71183,-20.66631603051612,-27.852057759387055,-30.165727720000103
88.054633,8,150.646,255,7.85728,-20.49509937880266,-28.421945972718238,-29.336916280000036
88.088,8,150.36,255,7.59378,-18.530530852911212,-24.705322804068125,-28.508080000000028
88.121367,8,150.348,255,0.146302,-15.93201638925529,-25.720719953311846,-28.307860860000048
88.154733,9,150.281,255,8.48951,-13.918274062623102,-24.436686464704316,-28.460677139999973
88.1881,10,149.982,255,7.88098,-14.629604508227343,-26.0967856416833,-28.613498000000018
88.221467,8,149.542,255,7.91077,-22.612177401518665,-34.111547266616626,-28.635584829999996
88.254833,9,149.14,254,7.80646,-26.05166429250458,-36.85376064843185,-28.58520216999999
88.2882,9,149.137,254,0.0663563,-45.482004867543,-56.409593407618765,-28.53481799999999
88.321567,4,148.985,255,8.27479,-41.75539323751167,-52.57870307696159,-28.626344690000014
88.354933,6,148.636,255,7.6788,-21.313962121683723,-29.010429856285835,-28.795510310000004
88.3883,9,148.315,255,7.66718,-21.603053501195316,-29.35051013739276,-28.96468099999998
88.421667,6,148.082,255,7.58501,-20.606419736008085,-28.503678055029386,-29.688743559999843
88.455033,6,148.071,255,0.0909212,-22.851735402803723,-31.31374993723378,-30.71241243999993
88.4884,6,148.036,255,7.73867,-27.772240569606794,-35.12475799859344,-31.736111999999935
88.521767,1,147.85,255,7.32611,-25.204198431913163,-35.643647200534474,-31.788132680000025
88.555133,9,147.674,255,7.14781,-19.71976577096514,-32.19959752777332,-31.322343319999987
88.5885,9,147.452,255,7.02984,-18.814015176159252,-27.465870327427325,-30.856539999999985
88.621867,9,147.446,255,0.123553,-19.452358554211465,-26.488941081375746,-30.751542179999998
88.655233,7,147.255,255,7.33875,-20.845752880138598,-28.602413453710007,-30.836291819999992
88.6886,8,147.108,255,6.88457,-22.146376876060526,-29.36004235297427,-30.92104399999998
88.721967,5,146.968,255,6.62956,-23.769460931092777,-31.595713747855722,-31.09102814000003
88.755333,8,146.825,255,6.45342,-34.97498420921058,-44.729366425914556,-31.305237859999956
88.7887,8,146.82,255,0.12762,-37.06031032667961,-49.12481981999935,-31.51945400000005
88.822067,9,146.519,255,6.58904,-32.148166338765,-40.70346642046776,-31.72793272000003
88.855433,9,146.453,255,4.84117,-23.354028228086637,-30.751527833317674,-31.933467280000016
88.8888,10,146.363,255,4.63236,-23.26479498312477,-31.980086437913172,-32.13900799999999
88.922167,9,146.204,255,4.43491,-27.82424790662969,-37.62549816630952,-32.81892251999992
88.955533,9,146.197,255,0.139514,-38.50062346168009,-50.14573618731626,-33.73848948
88.9889,8,146.188,254,5.93741,-44.338268461419666,-55.62654855957401,-34.65808400000001
89.022267,6,145.76,255,4.15957,-36.098246420055126,-52.2982538857179,-34.869587919999994
89.055633,10,145.672,255,3.52719,-27.742857745943315,-37.209273623321906,-34.728116079999985
89.089,8,145.655,255,3.20902,-23.563902059112408,-34.65205185778007,-34.58663999999998
89.122367,9,145.648,255,0.0651259,-32.761110796194444,-39.355119238305264,-34.01571751999998
89.155733,8,145.751,253,4.55622,-22.443381826935198,-32.945930084236544,-33.233618480000025
89.1891,8,145.69,253,2.55933,-19.851107030045938,-27.849130231461515,-32.451496000000134
89.222467,8,145.682,253,2.26488,-19.030410386396593,-26.999021507429664,-30.969975810000378
89.255833,6,145.677,254,1.77968,-19.990917971594374,-28.05259818205664,-29.149193190000226
89.2892,6,145.682,254,0.133555,-20.17853665410517,-29.626946949843553,-27.328356000000213
89.322567,6,145.765,255,2.55535,-16.2477082293982,-25.25338016283698,-26.55643296999994
89.355933,6,145.748,255,1.25205,-11.607248756996357,-20.17412796517162,-26.286502030000072
89.3893,6,145.775,255,0.601536,-12.657742693339472,-20.106525289504948,-26.01656299999999
89.422667,8,145.75,255,0.194397,-17.622218528618152,-27.91186009323725,-25.80238479
89.456033,9,145.707,255,0.183587,-42.30328028248511,-53.89928134393796,-25.614534209999988
89.4894,9,145.764,255,1.19554,-51.093745931515286,-62.52636052102438,-25.426677999999985
89.522767,9,145.737,253,0.170799,-47.6138632460979,-55.748590019125515,-25.204443619999978
89.556133,9,145.743,253,0.11661,-18.08886939248754,-27.62289378118101,-24.966210379999957
89.5895,10,145.702,253,0.288091,-13.333711669244813,-21.352770363240236,-24.727969999999956
89.622867,10,145.705,253,0.0506521,-15.111341430673226,-21.916722149993934,-24.974281350000044
89.656233,10,145.8,253,0.882995,-20.50656566685376,-27.23194951849227,-25.443073650000017
89.6896,10,145.798,253,0.0503765,-20.951189807162386,-27.62905709365344,-25.911879999999954
89.722967,11,145.745,253,0.289386,-17.646897841700703,-23.439449575680833,-25.99897481000001
89.756333,11,145.742,253,0.0760992,-19.480690602043893,-26.91835360045036,-25.913224190000005
89.7897,11,145.734,253,0.0818403,-29.90111508667075,-37.93253765874244,-25.827471000000003
89.823067,11,145.787,253,0.831866,-25.53500584016416,-37.03944407884451,-25.69535314000002
89.856433,11,145.788,253,0.0471929,-15.074877987906161,-22.050268292692106,-25.542536860000027
89.8898,11,145.791,253,0.0783344,-17.440520348129603,-22.783553127121,-25.38971600000005
89.923167,11,145.762,253,0.211692,-15.969267177003216,-24.13841664866668,-25.486403730000013
89.956533,11,145.76,253,0.0578874,-18.45866923492992,-25.384750012749553,-25.692939269999943
89.9899,10,145.682,254,1.5702,-20.396264655697898,-26.628649585665457,-25.899481000000034
90.023267,10,145.696,254,0.21213,-20.201447743882948,-26.533382583294248,-26.072052910000025
90.056633,10,145.697,255,0.0705979,-20.30054412839253,-26.777621525242473,-26.229874090000038
90.09,10,145.693,254,0.164821,-19.608003338473672,-27.686301531124457,-26.387700000000038
90.123367,10,145.694,254,0.00831706,-23.85599398467171,-30.921030251019346,-26.52309359000002
90.156733,10,145.691,253,0.684206,-18.526377323770678,-27.154312847747683,-26.648883410000014
90.1901,10,145.69,253,0.211089,-18.830433324005064,-25.67697549332021,-26.774676999999997
90.223467,10,145.684,253,0.197543,-20.056669749542994,-26.79748945717908,-27.104868159999974
90.256833,10,145.667,254,0.244693,-19.753849963718004,-26.630859469975917,-27.52127584000001
90.2902,9,145.74,254,0.528333,-18.898399084517024,-26.75706174869921,-27.93769600000001
90.323567,9,145.74,254,0.00433594,-18.806026087141955,-27.141835585852828,-28.224968999999984
90.356933,9,145.742,254,0.0723828,-26.587134041767225,-34.14317043791381,-28.458530999999972
90.3903,9,145.747,254,0.130385,-28.81771493423591,-36.82668739631549,-28.692099999999943
90.423667,9,145.748,254,0.0715527,-21.75359686471822,-31.43726203047123,-28.315770410000184
90.457033,9,145.64,254,0.662408,-19.831655171838488,-28.747318354645635,-27.68949059000013
90.4904,12,145.621,253,0.191489,-18.66777182309106,-25.61446866010419,-27.06319200000012
90.523767,12,145.623,253,0.0890148,-17.425495450922725,-24.312190662416143,-26.595181629999903
90.557133,12,145.625,253,0.0810558,-15.416229441851142,-22.185374962640612,-26.19111937000004
90.5905,12,145.618,253,0.128433,-14.440033396456336,-21.25489352493661,-25.787044999999868
90.623867,12,145.694,253,0.585268,-14.74774869483913,-21.157530521492564,-25.772957410000032
90.657233,12,145.694,253,0.0114345,-16.876584514203415,-24.921443832381634,-25.914095590000024
90.6906,12,145.695,253,0.086811,-24.341651346741024,-35.77005527848993,-26.055238000000006
90.723967,12,145.697,253,0.190994,-53.58177208325004,-63.028185407052035,-26.20404985
90.757333,12,145.698,253,0.0666634,-59.838743683261185,-66.97430195846785,-26.355865150000014
90.7907,12,145.668,253,0.648415,-61.07927089176899,-67.78049213935493,-26.507685000000016
90.824067,12,145.667,253,0.00719184,-62.13974092138883,-69.38897344142816,-27.215211880000005
90.857433,12,145.669,253,0.0812695,-61.78175915777579,-69.5281816998214,-28.137448119999952
90.8908,12,145.669,253,0.0678841,-46.455368848116336,-58.903906769929364,-29.059711999999827
90.924167,12,145.671,253,0.0826845,-30.058873322598792,-41.72554517986271,-32.84963209999894
90.957533,10,145.723,255,1.69175,-31.64481685009097,-42.447575168189516,-37.73107789999935
90.9909,10,145.73,255,0.0989453,-35.568415991984246,-46.03248346125721,-42.61266999999939
91.024267,10,145.727,255,0.117068,-35.27205439839685,-44.941764849106995,-42.688910760000205
91.057633,10,145.716,255,0.218678,-35.708780305300856,-46.80085532175393,-40.96322124000006
91.091,10,145.718,255,0.0988184,-39.71048162480562,-50.084064359583216,-39.23748000000004
91.124367,10,145.745,255,0.615889,-40.59020297928109,-50.74669382899775,-37.43035297999944
91.157733,10,145.743,255,0.0467632,-39.37472217193328,-51.77375606149939,-35.59322102000033
91.1911,10,145.736,255,0.124686,-16.249544449537957,-24.56775044274078,-33.756033999999794
91.224467,10,145.741,255,0.156197,-20.79978695593982,-31.306442937189882,-33.151494439999986
91.257833,11,145.727,255,0.175461,-28.117439320350126,-35.8004588893746,-32.99534155999997
91.2912,11,145.814,255,0.592958,-25.81222873971163,-37.437056466813885,-32.839183999999975
91.324567,11,145.815,255,0.0111719,-27.66108305062572,-36.4216662002064,-32.81568824
91.357933,11,145.813,255,0.0190332,-21.113275236243048,-32.38038153651474,-32.83971176
91.3913,11,145.814,253,0.135356,-26.591618341912483,-39.864014826795746,-32.863735999999996
91.424667,11,145.813,253,0.0062717,-50.64990149948434,-58.1874144572044,-32.12678329000014
91.458033,11,145.87,253,0.585298,-36.192242308677585,-47.51699810800229,-31.12146571000006
91.4914,11,145.869,253,0.0101476,-21.467671336130223,-33.29867613794893,-30.116118000000053
91.524767,11,145.868,253,0.0211372,-14.862768282520591,-22.398703970328224,-30.264169479999975
91.558133,11,145.861,253,0.128168,-23.379825482421868,-31.35165661582387,-30.81270652000002
91.5915,11,145.862,253,0.0686339,-27.74964093376321,-37.31811498073161,-31.361260000000026
91.624867,11,145.892,253,0.421681,-33.70536278250631,-43.877524871378824,-31.127248990000027
91.658233,11,145.891,253,0.0135156,-40.396179164533834,-52.3025842507383,-30.625758010000055
91.6916,11,145.891,253,0.0296766,-34.05764653649779,-45.407679016034876,-30.124252000000123
91.724967,11,145.891,253,0.0109711,-20.484111767541943,-30.862331835229167,-29.90487308999998
91.758333,11,145.885,253,0.0637044,-18.651688566727444,-26.30204691773284,-29.780417910000025
91.7917,11,145.887,253,0.523199,-21.3701604112422,-30.24509911475377,-29.65595899999997
91.825067,11,145.886,253,0.0116026,-30.079300846857027,-38.19958797618713,-29.702457030000016
91.858433,11,145.886,253,0.0168099,-30.0926147151366,-42.45720110565862,-29.80555797000001
91.8918,12,145.882,253,0.154927,-16.981459451083666,-25.3691239805449,-29.908661999999996
91.925167,6,145.924,253,1.24134,-15.559903781793967,-25.435697864483352,-29.43418338000005
91.958533,6,145.953,254,0.4877,-24.84422316879907,-32.21986866886958,-28.771534619999994
91.9919,6,145.953,254,0.00862196,-23.74872234058329,-31.427062834442783,-28.10886599999999
92.025267,6,145.953,254,0.123719,-15.941720483663884,-25.674596548867825,-28.058922130000006
92.058633,8,145.961,255,0.203342,-16.25935164788618,-25.19378185581717,-28.205398870000018
92.092,8,145.957,255,0.125433,-18.986465759433223,-26.7944045617117,-28.35188000000002
92.125367,8,145.99,255,0.473392,-21.10560525527305,-32.5244279964372,-28.027042269999992
92.158733,8,145.989,255,0.0089388,-20.878127768996322,-31.954061056485116,-27.55357873000002
92.1921,8,145.988,255,0.0225141,-17.1936325025784,-28.58062289880097,-27.08010100000008
92.225467,8,145.988,255,0.0891678,-16.34086253972719,-25.044912042469385,-27.001616439999992
92.258833,8,145.987,255,0.00883789,-16.8078027282271,-25.619749318458645,-27.045659559999997
92.2922,8,146.062,255,0.450817,-17.548176156658695,-26.54902674476159,-27.089703999999998
92.325567,6,146.056,255,0.143533,-17.46257130045933,-26.6852922129933,-27.444643160000098
92.358933,6,146.041,254,0.20217,-18.04057531866116,-27.26624940149049,-27.89441683999988
92.3923,6,146.041,254,0.00713433,-18.99107034372395,-28.96192469532257,-28.344204000000012
92.425667,6,146.039,254,0.0360417,-27.62563447044711,-37.82867415314637,-28.6225356
92.459033,6,146.033,254,0.328763,-31.2747698011531,-40.92482527844178,-28.849424400000018
92.4924,6,146.032,254,0.0205339,-34.69677810261099,-45.54436765593212,-29.07632000000002
92.525767,6,146.031,255,0.0372515,-36.30885307584505,-46.662227938639845,-29.661634570000068
92.559133,6,146.034,255,0.103205,-37.462084911498884,-47.669248617822205,-30.35264443000013
92.5925,6,146.036,255,0.0944564,-36.72232868733843,-47.502495031875206,-31.043675000000135
92.625867,6,146.069,254,0.33191,-36.33976056893114,-49.574395135330064,-30.548962289999928
92.659233,6,146.067,255,0.0184679,-23.479091420896843,-29.041926776589797,-29.710474709999975
92.6926,6,146.069,255,0.0301519,-19.90725585871628,-24.108079435662667,-28.871962000000085
92.725967,6,146.057,254,0.149456,-17.005382905030267,-21.753712676136306,-27.858691380000135
92.759333,6,146.057,254,0.0569813,-17.982203551795642,-24.439206694290522,-26.795650620000046
92.7927,6,146.069,254,0.423487,-15.58693097089023,-23.813553055407287,-25.732578000000036
92.826067,6,146.069,254,0.019528,-12.7969412276179,-21.612733142214413,-25.19892615000005
92.859433,6,146.068,254,0.173561,-13.779888201799466,-22.59759768621302,-24.813548850000075
92.8928,7,146.096,255,0.990358,-13.65076434302049,-22.805788133636597,-24.428160000000126
92.926167,7,146.107,253,0.100788,-14.065966279707657,-23.799605873858006,-24.3607002
92.959533,7,146.163,253,0.395651,-16.528654361582113,-25.738444805662063,-24.380719799999994
92.9929,7,146.156,255,0.126198,-18.093584379131105,-28.17770824876962,-24.400740000000003
93.026267,7,146.155,255,0.0224544,-24.35671499250136,-31.782096162276815,-24.658476550000056
93.059633,7,146.143,255,0.120668,-27.98472139418002,-35.12959500492425,-24.980458450000082
93.093,7,146.142,255,0.0325043,-32.369009943658014,-39.48670391783068,-25.302450000000086
93.126367,7,146.113,255,0.33466,-42.44158005995665,-54.301660540010076,-25.792135670000086
93.159733,10,146.113,255,0.120671,-18.77514449676466,-28.24306245410819,-26.326325330000053
93.1931,10,146.099,253,0.181208,-15.49929763924434,-22.203450145033557,-26.860530999999984
93.226467,10,146.098,253,0.0248145,-17.364188627073556,-23.89105785450406,-27.57180089999996
93.259833,10,146.097,253,0.0647255,-19.981845025218995,-30.031869303754384,-28.32920910000002
93.2932,10,146.11,253,0.287961,-34.288243257019644,-48.7393401493461,-29.086640000000028
93.326567,10,146.109,253,0.0165788,-31.619098371349484,-43.858636046828764,-29.081066660000012
93.359933,10,146.106,252,0.0974132,-24.614591164486967,-33.439547877701926,-28.880203340000026
93.3933,10,146.102,252,0.050523,-22.096600994329055,-28.57786840664838,-28.67933400000005
93.426667,10,146.097,253,0.153851,-21.660811748370918,-27.552454337926857,-28.61819974000001
93.460033,10,146.13,253,0.280219,-22.05295394820232,-29.212117920779992,-28.592174260000004
93.4934,10,146.131,253,0.0113585,-20.994233803263693,-29.173585719589735,-28.566148000000005
93.526767,10,146.13,253,0.017538,-19.26611389059709,-27.91930272053976,-28.896658180000102
93.560133,10,146.13,253,0.00361654,-18.656769005906405,-26.947984930670685,-29.31506781999996
93.5935,10,146.13,253,0.0528906,-20.146760196588453,-28.183251539046157,-29.733490000000142
93.626867,10,146.173,253,0.261151,-24.06259475446478,-30.774690793699804,-29.380023269999878
93.660233,10,146.171,253,0.0666786,-21.133165423080275,-28.19631570647758,-28.839827729999907
93.6936,12,146.169,253,0.018622,-16.02234450063171,-26.387993217128347,-28.299615999999983
93.726967,12,146.164,253,0.126573,-15.862579453079539,-25.932043078841275,-28.311958100000005
93.760333,12,146.164,253,0.00734375,-17.948615430318952,-26.731684587962175,-28.455431900000015
93.7937,12,146.198,253,0.261253,-20.11979817619762,-27.5175325008906,-28.598910000000018
93.827067,12,146.198,253,0.0109874,-21.155432135799252,-30.30925124820718,-28.97056291
93.860433,8,146.235,254,1.13298,-34.25226088693875,-43.094662575979605,-29.395312089999976
93.8938,8,146.251,255,0.188459,-57.87790056161813,-65.7306680288755,-29.82007399999992
93.927167,8,146.249,255,0.0200412,-61.834030049872744,-69.15274986790975,-30.076943849999953
93.960533,8,146.309,255,0.235122,-47.54436115806402,-57.258682375427014,-30.29549114999997
93.9939,8,146.303,254,0.102233,-18.464358070078426,-27.59941384396354,-30.514044999999975
94.027267,9,146.294,254,0.231659,-23.740255383533054,-33.24731333712614,-31.08761518999993
94.060633,9,146.294,254,0.00746745,-37.1868558574038,-47.34323350639821,-31.740587809999983
94.094,9,146.297,254,0.0511675,-35.91260724047305,-48.217662443772724,-32.39357999999999
94.127367,9,146.286,254,0.213122,-34.812291838466194,-44.8178409029672,-31.511283489999634
94.160733,9,146.283,254,0.0884679,-19.864012722495822,-27.51318618244254,-30.292423510000226
94.1941,9,146.273,254,0.144109,-17.699535102236208,-25.13929405887573,-29.07352699999987
94.227467,9,146.275,255,0.132113,-18.602173943468017,-26.01322476852811,-28.67040038999998
94.260833,9,146.275,255,0.0193099,-16.08752027422303,-22.647917878732514,-28.44251060999996
94.2942,9,146.292,255,0.288774,-15.814027010874632,-23.988242288647193,-28.21461399999996
94.327567,9,146.29,255,0.0144792,-24.821489719450327,-35.43212440064889,-28.216350500000004
94.360933,9,146.288,255,0.0206293,-33.62990337151779,-53.65037094965312,-28.266399500000002
94.3943,9,146.287,255,0.0168685,-30.66127100224989,-42.04423022781597,-28.316449999999993
94.427667,9,146.278,254,0.115867,-34.10679257832674,-41.64991892350353,-28.168681450000026
94.461033,9,146.246,254,0.30875,-23.385801270847445,-31.239109557726987,-27.98016355000001
94.4944,9,146.243,254,0.0811719,-19.34190863804249,-27.085016973188143,-27.791640000000008
94.527767,9,146.242,254,0.116497,-19.992039766745993,-27.366628390755707,-28.45584101999997
94.561133,9,146.241,254,0.00856988,-19.814575969814108,-27.74588943854947,-29.29199298000004
94.5945,9,146.238,254,0.0843066,-19.201447078469727,-27.456774361974222,-30.128170000000043
94.627867,9,146.212,254,0.344995,-22.41505019846257,-30.328903223211803,-30.453266239999987
94.661233,9,146.211,254,0.0107888,-30.606338644029364,-39.31107454530736,-30.677485759999975
94.6946,9,146.211,254,0.0302669,-23.290959732774493,-34.60587715233959,-30.901711999999943
94.727967,9,146.201,254,0.120584,-24.787506865466707,-35.203875104157824,-30.557369129999927
94.761333,9,146.201,254,0.0111491,-38.6331705218898,-51.45911940648713,-30.103257870000082
94.7947,9,146.241,254,0.439048,-58.540346322176624,-69.51977473294882,-29.649132999999885
94.828067,8,146.279,255,1.07135,-17.521784704073394,-27.01050120601843,-30.005302420000074
94.861433,8,146.292,255,0.0950879,-17.66723951333651,-25.505403433975847,-30.514467580000044
94.8948,8,146.292,255,0.00603082,-22.896333551400655,-31.68154047541637,-31.023647999999977
94.928167,9,146.292,255,0.103699,-27.15015284615364,-38.34161885979456,-30.97371347000001
94.961533,9,146.3,255,0.387414,-28.396691445741574,-37.95768368710459,-30.820563529999998
94.9949,9,146.3,255,0.0106988,-33.025850948109195,-43.43987008606476,-30.667408999999996
95.028267,9,146.302,255,0.0733105,-20.851206378568442,-27.95081844691322,-30.374050149999988
95.061633,9,146.296,255,0.102192,-21.501780070685424,-28.94589695959525,-30.05540484999996
95.095,9,146.292,255,0.0943457,-20.666339124736336,-27.815436420334688,-29.736749999999958
95.128367,9,146.346,255,0.347518,-22.269485315646374,-30.367502175588257,-30.075358540000007
95.161733,10,146.338,255,0.198442,-19.20094934299008,-28.21188526437944,-30.52980345999998
95.1951,10,146.336,255,0.0287739,-18.719586234179168,-27.530970996108394,-30.98426199999992
95.228467,8,146.34,254,0.0759646,-24.36314531397274,-33.768458786761265,-30.838351510000045
95.261833,8,146.34,254,0.00924588,-27.42281319396268,-37.79526456370114,-30.589107490000025
95.2952,8,146.375,254,0.24819,-26.09120691314023,-35.15744524431783,-30.339856000000022
95.328567,8,146.375,254,0.0148155,-21.76196755310756,-29.48451446554772,-30.251722389999987
95.361933,10,146.363,254,0.158582,-21.35765519261224,-28.14793336258341,-30.190662610000015
95.3953,10,146.363,254,0.0554959,-22.143025446376907,-29.20826609871552,-30.129600999999997
95.428667,10,146.359,254,0.160171,-22.295877493601665,-29.221956537477396,-30.078859509999997
95.462033,10,146.327,254,0.249781,-20.69418771866507,-28.119869704509444,-30.029811489999997
95.4954,10,146.327,254,0.00962782,-20.087288726339498,-27.45692700014114,-29.980761999999995
95.528767,10,146.325,254,0.039145,-21.915429589951003,-28.66734157616936,-29.73724758999997
95.562133,10,146.324,254,0.00602431,-19.462215612806872,-27.716278885435788,-29.462645409999947
95.5955,10,146.318,254,0.0682227,-18.577748678948115,-27.562682975952757,-29.188034999999946
95.628867,10,146.358,254,0.230279,-19.54570265701026,-28.298655121079985,-29.38568871000002
95.662233,10,146.356,254,0.0168891,-19.904985652463402,-29.068277805840726,-29.656954290000005
95.6956,10,146.349,255,0.120595,-22.77038672943217,-33.51083040584817,-29.92822799999997
95.728967,10,146.35,255,0.0109863,-45.85896730487771,-53.809230155109695,-30.129111899999977
95.762333,10,146.349,255,0.0247624,-39.28132632864603,-49.4007794263819,-30.319298099999994
95.7957,11,146.402,255,1.07058,-30.330299780482296,-41.501978211927316,-30.509489999999992
95.829067,11,146.406,255,0.0722515,-22.080332372804143,-28.547025323491667,-30.929311199999933
95.862433,11,146.406,255,0.12437,-23.718843647306173,-30.42736102067142,-31.383088799999907
95.8958,11,146.408,255,0.096722,-26.033282394815906,-33.22294695059534,-31.836879999999848
95.929167,11,146.4,254,0.140842,-25.411506838091217,-31.781532169221084,-31.985584380000006
95.962533,11,146.388,254,0.157472,-27.29255870966558,-32.14852413340233,-32.09035361999997
95.9959,11,146.387,254,0.0100163,-23.759141403833386,-30.149733407396447,-32.195126000000016
96.029267,11,146.385,254,0.0163509,-17.855382866972896,-29.041057611512887,-32.137759199999984
96.062633,10,146.384,254,0.123801,-17.52130697670257,-30.242187451178832,-32.05768079999998
96.096,10,146.383,254,0.0483702,-24.309255,-34.305278,-31.977599999999978
96.129367,10,146.386,254,0.197738,-33.78830874733961,-40.546613681432355,-31.469642009999912
96.162733,10,146.387,254,0.0680588,-27.421485915719103,-37.94912592706431,-30.903420989999944
96.1961,10,146.382,254,0.121128,-16.944121461772703,-25.115591109782606,-30.33718300000002
96.229467,10,146.383,254,0.0513563,-17.73224117483806,-25.842508288459392,-30.370303789999994
96.262833,10,146.37,253,0.169081,-20.211747920967582,-29.774659180377924,-30.482747210000007
96.2962,10,146.385,253,0.163364,-25.998407868333143,-36.5426782725237,-30.595194000000006
96.329567,10,146.384,253,0.00692383,-28.673619956405428,-38.83480195978046,-30.963099669999973
96.362933,10,146.383,253,0.0124816,-53.674520698920325,-65.73897345127527,-31.363825329999948
96.3963,10,146.382,253,0.0314811,-38.78846614062642,-50.5105318869358,-31.764562999999896
96.429667,10,146.382,253,0.00233615,-27.30028985023195,-35.78434669230763,-31.74462261000002
96.463033,10,146.402,253,0.186367,-21.376189391928573,-33.17092408114152,-31.672218390000012
96.4964,10,146.402,253,0.00837782,-25.029387563071797,-33.56014082266964,-31.59981200000001
96.529767,10,146.401,253,0.0164627,-23.9894665881967,-32.326884780809024,-32.88894819000037
96.563133,10,146.399,254,0.155864,-26.41747972802673,-35.83325390015428,-34.34270480999987
96.5965,10,146.397,254,0.0541895,-29.58949893798339,-41.64012785904467,-35.7965050000005
96.629867,10,146.374,254,0.178215,-22.816349803637973,-34.21039484746719,-35.98155503000001
96.663233,10,146.373,254,0.0973991,-48.461469789818864,-57.203837808850096,-36.017923970000005
96.6966,10,146.372,254,0.0227474,-56.03786058998362,-66.45677217382084,-36.054294
96.729967,10,146.372,254,0.0482172,-29.25395651270023,-45.42222732473814,-34.67771997999996
96.763333,7,146.433,255,1.25922,-26.7929405185845,-40.073159628883225,-33.14088201999983
96.7967,7,146.453,255,0.262176,-14.851709489453294,-25.670780743554367,-31.60399799999982
96.830067,7,146.452,255,0.0079286,-14.445075074954367,-24.672355604556646,-31.59271356
96.863433,7,146.451,255,0.11583,-18.00746979834952,-30.34948064226058,-31.748866439999993
96.8968,7,146.448,255,0.086811,-26.094069810903452,-36.74762113598646,-31.905023999999973
96.930167,7,146.456,254,0.136557,-41.11041583697442,-51.16406689762868,-31.870224450000013
96.963533,7,146.473,254,0.136317,-32.60607911911182,-48.885659628275775,-31.815170550000005
96.9969,7,146.472,254,0.030089,-30.106331084047344,-43.88481389210048,-31.760115000000006
97.030267,7,146.466,253,0.106038,-27.109588109407625,-37.18483541935033,-31.45535670000003
97.063633,8,146.465,253,0.0633691,-33.72716631049026,-46.615563232305185,-31.125033300000005
97.097,10,146.448,254,0.237891,-21.166387864576187,-29.21508590451456,-30.794700000000002
97.130367,10,146.447,254,0.171161,-20.870384129277237,-27.765264417643117,-30.973317620000067
97.163733,10,146.446,254,0.0100087,-26.757752765291475,-35.07361195555984,-31.202208379999956
97.1971,10,146.442,255,0.0529188,-19.872413958795278,-31.927006852197838,-31.431106000000025
97.230467,10,146.447,255,0.103505,-19.74168348905471,-27.275276307317377,-31.28769687999998
97.263833,10,146.445,255,0.0843023,-18.698050042328646,-26.27384298453106,-31.108855119999966
97.2972,10,146.467,255,0.283026,-17.60093299301544,-26.771932542211648,-30.930007999999965
97.330567,10,146.468,255,0.013827,-34.849926183897374,-44.076666634326884,-31.03818501000001
97.363933,10,146.467,255,0.0284993,-45.23388493521729,-56.25597082323107,-31.172649990000004
97.3973,10,146.467,255,0.0139193,-50.03993292537364,-59.7887476713541,-31.307118999999986
97.430667,10,146.467,254,0.176791,-53.72979820333746,-64.60136149339084,-31.68324396999995
97.464033,10,146.497,254,0.149472,-56.84721810429721,-64.31635005821882,-32.08063302999998
97.4974,10,146.496,254,0.0103201,-44.573289506848795,-57.436066059769345,-32.47803399999999
97.530767,10,146.493,254,0.0412359,-31.18980733033349,-43.18076926934818,-32.595455269999995
97.564133,10,146.489,254,0.0736806,-32.872538157307794,-43.994570148401785,-32.689213730000006
97.5975,10,146.486,254,0.0649392,-23.998784635681794,-37.066917148314836,-32.78297500000001
97.630867,10,146.504,254,0.119066,-14.729376336458708,-24.941045073217055,-32.856364049999996
97.664233,12,146.499,254,0.122728,-25.81338452046219,-32.246664006422584,-32.928100949999994
97.6976,12,146.499,254,0.0203819,-22.25139699446894,-29.593531601950037,-32.999839999999985
97.730967,9,146.507,254,1.02082,-28.87263941232449,-38.641232253837735,-32.18375515999985
97.764333,9,146.514,254,0.0963845,-31.598239387927734,-44.950740893691666,-31.298888840000153
97.7977,9,146.496,254,0.206905,-21.63545743453594,-31.830670143156702,-30.41399599999977
97.831067,9,146.501,254,0.0685775,-15.052893803224958,-26.51536907481034,-30.20915978999998
97.864433,9,146.499,254,0.0758008,-17.0752413365228,-27.987061328224733,-30.05467520999999
97.8978,9,146.493,254,0.203011,-21.416833874847757,-28.47058713462077,-29.90018600000001
97.931167,9,146.491,254,0.0291699,-25.406756496039442,-33.9061861090803,-29.818004230000003
97.964533,9,146.469,254,0.151485,-26.369773881871833,-38.01033483096452,-29.740928769999996
97.9979,9,146.467,254,0.0122081,-19.53843027633072,-29.442902600897746,-29.663850999999998
98.031267,9,146.465,254,0.0263661,-17.049032449350708,-24.988028032203232,-29.68182491
98.064633,10,146.469,254,0.0804221,-18.920908782918477,-28.46096744405381,-29.706182090000002
98.098,10,146.464,253,0.199408,-36.05101981034262,-46.88928727520922,-29.73054
98.131367,10,146.483,253,0.159581,-41.25704879651188,-52.88007667313515,-29.89667675
98.164733,10,146.482,253,0.0285211,-31.071803801251605,-41.748899189195065,-30.07184824999999
98.1981,10,146.484,253,0.0712077,-17.696705886191044,-25.199682310161865,-30.24702499999997
98.231467,10,146.481,253,0.0801053,-21.334274521726762,-31.380152911029686,-30.120433220000027
98.264833,10,146.478,253,0.0790668,-21.69473891459644,-30.252013842411184,-29.975624780000015
98.2982,10,146.492,253,0.120344,-19.89996675746613,-28.693349214879277,-29.830812000000012
98.331567,10,146.49,253,0.0762706,-18.6879244670489,-27.811092630824646,-30.08816280000006
98.364933,10,146.488,253,0.012704,-26.575061036234395,-37.181971456475125,-30.368437199999924
98.3983,10,146.486,253,0.11087,-37.72631053974622,-48.1132160291536,-30.648720000000004
98.431667,10,146.485,253,0.00593533,-28.16811445788153,-39.103282459990865,-30.5109984
98.465033,12,146.48,253,0.109479,-16.57060456969909,-27.3486497532567,-30.350841599999985
98.4984,12,146.478,253,0.00622721,-14.418602364929772,-25.06953962734018,-30.190679999999983
98.531767,12,146.474,253,0.071849,-27.38755463935594,-36.757277147089916,-30.318962760000016
98.565133,12,146.469,252,0.081735,-48.523194386865974,-58.253623288286384,-30.46176924000003
98.5985,12,146.47,252,0.0770822,-57.08919310494991,-66.30794917188494,-30.60458000000003
98.631867,12,146.476,252,0.200616,-36.883669073316184,-47.45225138649157,-30.655932470000003
98.665233,12,146.476,252,0.0267893,-17.702591758979644,-27.7424486642947,-30.70297853
98.6986,10,146.497,255,0.926209,-15.311346953967915,-26.030847674494616,-30.750025999999995
98.731967,10,146.498,255,0.0662099,-23.543933520414534,-30.837612188909432,-30.994949199999972
98.765333,10,146.494,255,0.1187,-38.709468042238,-47.9040166251844,-31.248530799999994
98.7987,10,146.483,255,0.15195,-37.24985617569246,-49.689835650730714,-31.502119999999994
98.832067,10,146.482,253,0.104406,-34.24154715970467,-45.593714057047656,-31.51296201
98.865433,10,146.473,253,0.140798,-21.356441172221487,-29.364650276051215,-31.51396299
98.8988,10,146.471,253,0.0230664,-20.666253580602824,-27.892611597993714,-31.514964
98.932167,11,146.469,253,0.0517361,-23.54178395434333,-30.64906063183825,-31.800642960000026
98.965533,11,146.479,253,0.1119,-26.442486705821505,-35.583332722227325,-32.096933039999925
98.9989,11,146.478,253,0.00934245,-26.24019789518527,-36.48852816636247,-32.393232000000054
99.032267,11,146.479,253,0.0884342,-26.370101334863772,-35.74430447248426,-32.80311080000008
99.065633,11,146.475,253,0.0518218,-25.342680051235252,-33.105042915389205,-33.21684920000011
99.099,11,146.473,253,0.0501172,-21.57153551457777,-31.288818140667768,-33.630600000000115
99.132367,11,146.483,253,0.105729,-29.022209090144482,-39.80790376023317,-33.984471850000055
99.165733,11,146.483,253,0.00921441,-30.528521514669634,-40.836306809129056,-34.336483150000035
99.1991,11,146.483,253,0.0154785,-26.380432696948343,-35.71390637884967,-34.688504999999985
99.232467,11,146.478,253,0.0905914,-29.026860904659337,-40.64417179394413,-34.77819349
99.265833,11,146.478,253,0.00591797,-42.57885098354953,-50.34148015174032,-34.86060751
99.2992,11,146.493,253,0.135697,-39.231737146247426,-53.471076172589825,-34.94302400000001
99.332567,12,146.487,254,0.183849,-19.661988016406212,-29.171944509538932,-35.16319889999998
99.365933,12,146.486,254,0.0195801,-19.76512395143902,-30.869670186181683,-35.38675109999997
99.3993,12,146.485,254,0.0477908,-24.231573764027946,-35.0218525874941,-35.61030999999994
99.432667,12,146.484,254,0.0197786,-46.985841031303295,-58.60409989340179,-36.02007079999989
99.466033,12,146.504,254,0.168927,-60.99370919664291,-68.95138452388314,-36.43380919999992
99.4994,12,146.501,254,0.0398242,-51.81374558500845,-68.96044941855345,-36.84755999999992
99.532767,12,146.501,254,0.003074,-55.86312723737828,-65.11164691065156,-37.02538840000005
99.566133,11,146.5,253,0.0452799,-58.54941588492102,-64.27705152819664,-37.19889159999998
99.5995,12,146.497,253,0.122533,-57.93782363526017,-63.033088915248726,-37.37240000000006
99.632867,10,165.402,255,35.0437,-58.71266156246213,-64.91893885267017,-39.767060260000534
99.666233,0,166.251,255,6.01224,-59.716816245769785,-66.03475753864899,-42.19543774000039
99.6996,0,165.101,255,1.81765,-58.72100932264566,-64.14601848549196,-44.623888000000065
99.732967,0,165.072,255,0.341785,-56.26303761411893,-64.66793704415696,-51.50585029000024
99.766333,0,165.081,255,0.800859,-56.13514382491921,-61.91533096756165,-58.441640710000826
99.7997,0,164.563,255,4.01206,-57.57304943381432,-64.26206426924158,-65.37763900000087
99.833067,0,164.53,255,0.317717,-58.83574528251943,-64.40499201096885,-55.83767387000006
99.866433,0,164.518,255,0.0587782,-55.99095066776044,-62.381950254148364,-46.148521130000624
99.8998,0,164.385,255,0.722425,-34.5552026426638,-45.68394558571039,-36.459078000001924
99.933167,0,164.371,255,0.664502,-19.618571472297933,-28.56173348617248,-33.97317560000047
99.966533,0,164.153,255,4.49194,-18.089256991562188,-28.772087594571207,-31.530784400000265
99.9999,0,164.164,255,0.515189,-23.30125306693561,-31.035567070310588,-29.088320000000245
100.033267,0,164.153,255,0.355642,-19.957134445835273,-27.561132750105696,-27.84313493000011
100.066633,0,164.147,255,0.850127,-14.751796196588597,-21.10821126202429,-26.60158607000001
100.1,0,164.151,255,0.585688,-13.11296272441702,-18.90500072741656,-25.36
100.133367,0,165.016,255,4.98619,-16.038979374707953,-22.13893373441514,-24.753387939999822
100.166733,0,165.012,255,0.488242,-17.242987198565643,-22.694750075516957,-24.14679406000012
100.2001,0,164.985,255,0.317128,-16.30289170807154,-20.570391771866362,-23.542224000000008
100.233467,0,165.028,255,1.06082,-15.479033583602858,-19.964083720948828,-23.616966080000008
100.266833,0,165.052,255,0.896744,-18.706283970658635,-26.57987027858573,-23.691705920000015
100.3002,0,165.808,255,5.02417,-31.764250643419388,-41.18066343430698,-23.766712000000023
100.333567,0,165.816,255,0.726748,-42.2961681206116,-52.26613552332061,-23.885498520000006
100.366933,0,165.814,255,0.249353,-41.70545613786155,-53.32425747639808,-24.00428148
100.4003,0,165.833,255,0.986635,-36.768520513988335,-47.097404614348925,-24.12757099999992
100.433667,0,165.862,255,0.931352,-17.66132576782428,-25.19116407129749,-24.747196189999926
100.467033,0,165.185,255,6.7115,-16.8712189112172,-23.06279031964543,-25.366802809999978
100.5004,0,165.185,255,0.687652,-18.089374068485323,-24.562382619743904,-25.992875999999967
100.533767,0,165.178,255,0.0966558,-21.899669679229362,-28.93723316636198,-27.15037722999998
100.567133,0,165.207,255,1.00043,-24.892214113621417,-32.52126446648532,-28.307843770000076
100.6005,2,165.221,255,0.957716,-23.48405284910765,-30.035008508227556,-29.447985
100.633867,7,166.017,255,6.53453,-23.614463396173388,-31.29771575578641,-29.44698399
100.667233,7,166.019,255,0.880182,-41.52457443524002,-51.65670049289712,-29.44598301
100.7006,7,166.016,255,0.0445291,-55.7917262968017,-62.86964117043108,-29.45130599999991
100.733967,7,166.027,255,0.875842,-58.87024419495597,-64.96402653949265,-29.801993170000063
100.767333,7,166.026,255,0.761319,-31.959342059433226,-43.724988031592005,-30.152669829999944
100.8007,7,166.01,255,5.53971,-17.885447349270695,-25.320238466881527,-30.50228600000008
100.834067,7,166.015,255,0.847763,-20.543732310584833,-27.271233815319093,-30.80192166000004
100.867433,7,166.006,255,0.196825,-24.17178289457652,-31.766910937467816,-31.101548340000022
100.9008,7,166.008,255,0.911707,-23.765208664010252,-30.68538280167766,-31.400247999999984
100.934167,8,166.02,255,0.963538,-23.562228792340697,-30.224889858763653,-31.660844269999984
100.967533,8,166.284,255,5.67747,-25.40687227177266,-33.45769929849048,-31.921432730000006
101.0009,8,166.302,255,0.882683,-30.66858564355541,-40.537909575773185,-32.16744899999998
101.034267,8,166.285,255,0.0904492,-40.62332295509523,-52.024670794600326,-31.88749986999998
101.067633,9,166.301,255,0.998219,-45.36535061773209,-57.995377796843044,-31.60755912999996
101.101,9,166.28,255,0.970535,-26.603759700512043,-42.32202849819758,-31.312399999999887
101.134367,9,166.595,255,4.94215,-29.346142245110748,-40.45753169525894,-30.524938799999994
101.167733,9,166.61,255,0.874374,-21.364108692120244,-32.06469063427566,-29.73750120000004
101.2011,9,166.595,255,0.0970323,-16.50517313204889,-23.59004232231749,-28.976483999999996
101.234467,9,166.592,255,1.0435,-16.256955287019398,-24.250231703838868,-28.991165479999996
101.267833,9,166.609,255,0.93704,-17.410301004921862,-23.692576281395347,-29.00584652
101.3012,9,166.545,255,3.74006,-20.11413438700489,-27.07607446927139,-28.99835200000005
101.334567,9,166.569,255,0.945556,-30.55421991300929,-37.451985509335465,-28.396411319999878
101.367933,9,166.552,255,0.101519,-55.020954414840006,-62.96724908310136,-27.794488680000168
101.4013,9,166.555,255,1.05764,-54.98960036167637,-62.226180713462355,-27.207432999999998
101.434667,9,166.574,255,0.942147,-38.498086761676774,-48.6500557527245,-26.987544469999996
101.468033,9,166.655,255,3.82091,-15.369188951813028,-23.23537060710407,-26.767662529999974
101.5014,9,166.658,255,0.928924,-14.249165882388706,-21.486192523461106,-26.563384000000017
101.534767,9,166.631,255,0.128145,-31.89265643883048,-41.57264021393124,-26.71553752000002
101.568133,10,166.601,255,1.05804,-39.89704655763276,-50.266099929169926,-26.86768648000003
101.6015,10,166.392,255,1.57692,-25.348752342318008,-35.37059212379363,-27.012249999999998
101.634867,9,166.139,255,4.84101,-15.762122054001253,-24.071374513758165,-26.9955665
101.668233,10,166.138,255,0.983351,-14.565646629042844,-23.762034163119903,-26.978883500000002
101.7016,10,166.133,255,0.0554015,-24.06781922617576,-34.08777248971099,-26.972391999999978
101.734967,10,166.154,255,1.04464,-26.19096447979811,-36.963860844567066,-27.16825628999998
101.768333,10,166.166,255,0.900941,-18.91342826447265,-28.08433847166402,-27.36411471
101.8017,7,165.658,255,6.29372,-21.54235959848098,-28.948077376675474,-27.566846999999996
101.835067,7,165.654,255,0.918488,-20.482975243003903,-27.66130725298834,-27.897513969999952
101.868433,9,165.655,255,0.182059,-18.313111863122955,-26.354376634369416,-28.22817102999993
101.9018,9,165.678,255,1.01194,-19.375622849528018,-28.944717792432233,-28.579393999999763
101.935167,10,165.684,255,1.01973,-42.96351801378223,-55.8388804304616,-29.29111211000007
101.968533,9,164.828,255,5.27355,-37.52458856518216,-51.69364743608657,-30.002808889999827
102.0019,9,164.84,255,0.909891,-27.465086156939954,-39.610947758965,-30.638830999999882
102.035267,10,164.829,255,0.105207,-27.72015484713824,-38.16351330637981,-30.021207829999877
102.068633,10,164.833,255,1.02192,-18.681692920545277,-29.23620518801666,-29.403603169999826
102.102,10,164.823,255,0.982097,-15.296703659744992,-25.337707296475344,-28.816159999999968
102.135367,6,165.177,255,5.08433,-15.148199822903512,-25.660284012890944,-28.702044859999983
102.168733,10,165.183,255,0.976069,-15.948917984719206,-26.78071510593418,-28.58793313999999
102.2021,10,165.159,255,0.194367,-18.10321514025218,-28.203164438428797,-28.44899600000002
102.235467,9,165.167,255,0.94116,-17.455980050060933,-27.0926299149714,-27.940482920000015
102.268833,9,165.146,255,1.1484,-17.644430265035364,-25.81556409332938,-27.431985079999972
102.3022,9,165.704,255,4.5161,-18.63466734297404,-25.58556061184046,-26.940807999999986
102.335567,9,165.716,255,0.965941,-17.034575566680736,-24.797853679182488,-26.69522688000002
102.368933,9,165.696,255,0.116323,-18.36180271425885,-25.099148517671306,-26.449653120000036
102.4023,9,165.697,255,1.04666,-18.153864837903587,-25.54973002723476,-26.250370999999888
102.435667,9,165.654,255,1.07916,-18.170248118871402,-25.19576484719247,-26.67646758999989
102.469033,9,165.303,255,5.20127,-19.277134501288888,-26.538270001874707,-27.10255140999993
102.5024,9,165.313,255,0.980271,-26.78469896334508,-35.60281050942178,-27.531407999999924
102.535767,9,165.294,255,0.133977,-37.352005846997464,-49.3140928720301,-27.995876640000127
102.569133,10,165.12,255,1.59688,-34.13419587212972,-51.405819243368974,-28.460331359999966
102.6025,10,165.147,255,0.978594,-34.006109288706284,-44.005799682180836,-28.971850000000384
102.635867,10,165.249,255,5.79086,-33.594398095488,-44.37604558051108,-30.064285580000238
102.669233,10,165.25,255,0.921427,-39.02005797749971,-49.77931431036429,-31.156688420000176
102.7026,9,165.222,255,0.241456,-42.08499820376925,-51.313106768950334,-32.48307200000015
102.735967,10,165.212,255,1.16838,-46.04794602029774,-57.54470641958539,-36.57787024000018
102.769333,9,165.197,255,1.0348,-55.752634183237696,-63.3886557949654,-40.672545760000524
102.8027,9,165.202,255,4.39363,-56.62259210125163,-63.212933578399635,-44.524209000000134
102.836067,9,165.194,255,1.11308,-55.362127089579516,-63.463788264754115,-45.61430888999999
102.869433,9,165.18,255,0.193088,-53.391874610012124,-61.22425016415123,-46.70437610999993
102.9028,8,165.192,255,1.01535,-53.450006924530015,-61.28960076440265,-47.882843999999594
102.936167,8,165.202,255,1.12579,-53.66339734892705,-60.216827439485975,-50.02600640999961
102.969533,4,165.01,255,4.58738,-51.727325361130696,-59.041598304458034,-52.16910458999979
103.0029,8,165.007,255,1.11202,-53.648892320286905,-61.062834781475594,-53.523119000000634
103.036267,8,165.001,255,0.0737294,-59.9180904692241,-66.71597895630934,-46.58645337000058
103.069633,9,164.993,255,1.11912,-29.802780956314834,-45.98422679778914,-39.64999563
103.103,9,164.956,255,1.10452,-23.055610729809466,-36.11760515159778,-33.08776000000002
103.136367,8,164.927,255,3.922,-17.50212639186118,-28.3373623795811,-30.315629639999205
103.169733,6,164.907,255,1.14433,-18.453636439554874,-27.5909730172986,-27.543582360000546
103.2031,6,164.888,255,0.0880154,-14.101396844050994,-24.662651264319674,-25.008291999999976
103.236467,8,164.855,255,1.12964,-11.391197550977667,-16.478665690058264,-24.785400439999975
103.269833,9,164.844,255,1.07316,-12.589909938408358,-19.94790272185353,-24.562515559999955
103.3032,9,165.332,255,4.0163,-14.16578839277153,-22.87297035438023,-24.360776
103.336567,10,165.327,255,1.03399,-20.122520444830066,-30.152456795162905,-24.35844031
103.369933,10,165.299,255,0.135462,-29.769009869639365,-38.0133249983134,-24.35610469
103.4033,8,165.276,255,1.12374,-31.065402898045463,-39.49381367008875,-24.372776999999978
103.436667,9,165.226,255,1.13066,-38.487874131061396,-48.906417646224746,-24.562635229999977
103.470033,6,165.116,255,4.12205,-52.53826684784138,-62.552741389115454,-24.752487769999995
103.5034,8,165.105,255,1.04254,-33.39983084441895,-48.9704966161344,-25.18391599999995
103.536767,9,164.837,255,1.16834,-35.73349463211926,-45.48841479243426,-27.74449957999997
103.570133,10,164.839,255,0.997781,-35.41959503285926,-45.27014730131704,-30.305006420000186
103.6035,7,171.392,255,27.3921,-36.293710735104796,-45.746165908873124,-33.02323000000027
103.636867,7,171.459,255,0.455398,-37.575998574462126,-47.21583199226551,-37.086663259999725
103.670233,7,171.453,254,0.0230035,-37.42529871644871,-46.63371613078331,-41.149974739999486
103.7036,7,171.447,254,0.0256695,-37.80385299624886,-46.78774945307788,-44.671788000000234
103.736967,7,171.44,254,0.0294379,-39.644563792809045,-48.40221546922537,-43.71515610999982
103.770333,7,171.441,254,0.0136079,-39.94761513771368,-49.964113425048374,-42.758552890000146
103.8037,7,171.405,255,0.462779,-51.30364140116341,-59.049700308302285,-41.33660899999864
103.837067,7,171.381,254,0.158699,-54.95673049067187,-63.22342364676087,-36.183743189999326
103.870433,7,171.367,255,0.123075,-16.82358824665095,-34.783078216558806,-31.03103180999963
103.9038,8,171.37,255,0.14982,-11.287234336692418,-24.353837555683466,-26.38949400000003
103.937167,8,171.358,255,0.120904,-11.068538499788833,-20.166857934608526,-25.726491710000026
103.970533,8,171.358,254,0.544354,-12.038571181963063,-19.67164939111278,-25.06350928999997
104.0039,8,171.356,254,0.137605,-17.16242387202916,-24.281277442413057,-24.425778999999977
104.037267,8,171.353,254,0.0168652,-14.651293593231005,-21.87996692687689,-23.978994869999973
104.070633,8,171.349,254,0.156465,-13.893514215722453,-21.0404683922094,-23.532224129999936
104.104,8,171.335,254,0.228191,-14.130061739664544,-20.758318433486583,-23.091279999999944
104.137367,8,171.32,255,0.446809,-16.138078461022722,-21.540452981671447,-22.69321169
104.170733,8,171.319,255,0.0129709,-19.944834936153892,-28.518089203064182,-22.295155310000023
104.2041,8,171.316,255,0.0754525,-12.243505347161754,-19.27075277452805,-21.993805999999935
104.237467,8,171.325,255,0.147826,-14.733104529037758,-22.081604541834807,-22.382865219999935
104.270833,8,171.324,255,0.186587,-18.14837110786142,-25.778534770871737,-22.77191277999997
104.3042,8,171.377,253,0.466061,-15.41425163427553,-23.142958213472095,-23.144591999999975
104.337567,8,171.376,253,0.0128125,-18.22098390132722,-28.494811129846667,-23.40351992000005
104.370933,8,171.375,253,0.0261664,-18.98452154183668,-25.97279867351105,-23.66244007999993
104.4043,8,171.381,253,0.100156,-18.60657815253355,-25.008889005437567,-23.889505000000003
104.437667,8,171.38,253,0.0138802,-20.048357388038195,-27.151813862092133,-23.90118345
104.471033,10,171.383,254,0.492423,-18.287941303365525,-26.385349770882172,-23.912861550000002
104.5044,10,171.474,253,0.865075,-16.920198279098155,-22.997429515914142,-24.00554400000008
104.537767,10,171.435,253,0.1976,-14.249359085309734,-22.34119232811474,-24.631508920000083
104.571133,10,171.431,253,0.0369434,-13.590654409084367,-22.272510714104886,-25.257455080000135
104.6045,10,171.431,253,0.0316699,-18.086406410188655,-27.29475682684813,-25.789864999999985
104.637867,10,171.41,255,0.426246,-29.293482000421733,-34.85513524384745,-25.722129989999996
104.671233,10,171.408,255,0.00585395,-44.98481419049814,-53.91503780397857,-25.65439701
104.7046,10,171.406,255,0.00930664,-21.597770433832878,-39.346395320203634,-25.601703999999994
104.737967,10,171.406,255,0.00216037,-13.348375202118875,-21.476811403112624,-25.643079079999996
104.771333,10,171.406,255,0.00131619,-17.84003422387826,-26.217252715651686,-25.68445292
104.8047,10,171.37,253,0.458917,-20.064024523718007,-27.223822071716505,-25.837311999999983
104.838067,10,171.369,253,0.00658746,-19.982234935405234,-26.476627544742815,-26.670152319999872
104.871433,10,171.368,253,0.00279405,-19.972418946376706,-27.139394085684778,-27.502967679999824
104.9048,10,171.368,253,0.000195313,-23.560930479536268,-30.599580973044507,-28.192528000000053
104.938167,10,171.369,253,0.00132053,-34.904979303462575,-42.45749722921584,-28.029363369999984
104.971533,10,171.412,255,0.43491,-33.798002486343954,-43.53534228899622,-27.86620363000004
105.0049,10,171.414,255,0.0165321,-20.802793690198243,-27.575738024187867,-27.819904000000125
105.038267,10,171.412,255,0.0456131,-20.657801303895386,-27.532823460413447,-28.45254232000013
105.071633,10,171.412,255,0.00923177,-21.326950656917116,-28.456730974406245,-29.085161680000184
105.105,10,171.424,253,0.228774,-22.43455063113486,-29.611800870294847,-29.721500000000184
105.138367,10,171.432,255,0.369273,-22.038174506586046,-29.44674694918671,-30.378829900000095
105.171733,10,171.433,255,0.0457498,-22.815070848028995,-30.161952507851797,-31.036140100000054
105.2051,10,171.419,255,0.123309,-23.43010070890104,-33.91695114339353,-31.621865999999994
105.238467,10,171.419,255,0.0346745,-24.584780592945187,-36.59815279693912,-31.810723219999996
105.271833,10,171.417,254,0.12714,-52.017380674306665,-61.47841870036967,-31.99957478000001
105.3052,10,171.427,255,0.298975,-58.75430527121025,-64.73657609013782,-32.23819600000002
105.338567,10,171.426,255,0.0150499,-43.427281391643966,-52.98612157038151,-32.746375409999956
105.371933,10,171.426,255,0.0323969,-33.2703961709025,-42.91603178588442,-33.25453958999993
105.4053,10,171.425,255,0.00616102,-28.685582060188743,-34.73932879918496,-33.549129000000214
105.438667,10,171.425,255,0.0190625,-26.381039836036877,-32.705779618355955,-32.71261831000021
105.472033,9,171.472,255,1.00337,-22.509297426240806,-29.000869246519294,-31.876132690000137
105.5054,10,171.427,255,0.214464,-18.572835304304164,-25.97767281714719,-31.074776000000096
105.538767,10,171.421,255,0.0478787,-16.42522622509869,-23.65003174415341,-30.45548447999983
105.572133,10,171.422,255,0.0137804,-20.98110980763099,-27.84341180294353,-29.836211520000038
105.6055,10,171.414,255,0.131993,-14.168272038719254,-25.302679246706358,-29.259929999999876
105.638867,10,171.388,254,0.359104,-15.193175707415465,-26.25300309580963,-28.901568419999922
105.672233,10,171.386,254,0.0267752,-28.573486913467182,-34.35114406065694,-28.543217579999943
105.7056,10,171.385,254,0.132855,-26.839313318645853,-33.581796485656675,-28.20227199999999
105.738967,10,171.38,254,0.0900846,-20.54704383213707,-29.142083404863275,-27.947681789999987
105.772333,10,171.381,254,0.0215766,-17.77251963268176,-25.61888554661791,-27.693099209999964
105.8057,10,171.38,255,0.401512,-18.033993177940307,-26.058519705479835,-27.54424400000004
105.839067,10,171.376,255,0.0921984,-19.532427768152406,-27.599169475507342,-27.908611639999997
105.872433,10,171.377,255,0.015446,-19.33890897290614,-27.438990634088118,-28.272968359999975
105.9058,10,171.377,255,0.0286556,-24.341420229877038,-33.16969844667749,-28.543782000000032
105.939167,10,171.376,255,0.0138064,-39.94791946125591,-49.90401153916311,-28.369939930000033
105.972533,10,171.299,254,0.46498,-20.451480486099832,-32.6790518348546,-28.196103070000017
106.0059,10,171.298,254,0.0140842,-13.270541095762542,-25.8115145925282,-28.11317999999997
106.039267,10,171.298,254,0.00847656,-12.852871054422664,-25.509881640415898,-28.453523399999977
106.072633,10,171.298,254,0.00855903,-18.921334376674466,-28.631428372642944,-28.793856600000005
106.106,10,171.309,254,0.109264,-32.2543378153562,-42.991511931233056,-29.180819999999997
106.139367,10,171.203,255,0.849245,-48.72340828105191,-55.849006834721635,-29.780424989999915
106.172733,10,171.232,255,0.0589377,-36.876671830131784,-55.864742708203565,-30.38001200999988
106.2061,10,171.276,255,0.0712012,-29.81387116808986,-40.489580373066566,-30.76209099999993
106.239467,10,171.289,255,0.0160753,-32.24336966910429,-42.484983272395745,-30.171828769999927
106.272833,10,171.308,255,0.0350358,-28.56042500880837,-39.7266065622922,-29.581584229999876
106.3062,10,171.27,255,0.707289,-17.11068047855406,-27.71237068363541,-29.106022000000003
106.339567,10,171.273,255,0.0272559,-14.427736537920673,-25.109668609543405,-29.13304927
106.372933,10,171.284,255,0.0354785,-15.52177436441307,-25.692193569822464,-29.16007573
106.4063,10,171.288,255,0.00587023,-18.484404744351743,-27.853995092200243,-29.174125000000004
106.439667,10,171.564,255,0.923037,-16.61775969380771,-24.85938390521732,-29.132416250000002
106.473033,10,171.641,255,0.615371,-17.31653390344065,-24.574819469579108,-29.09070875
106.5064,10,171.631,255,0.0424653,-35.48791383851977,-47.1007243138396,-29.02148
106.539767,10,171.615,255,0.169457,-29.62761966615172,-46.28921823006723,-28.83629315
106.573133,10,171.616,255,0.0324403,-25.681965550790203,-38.521832251723524,-28.651111849999985
106.6065,11,171.638,255,0.280336,-27.618612421365892,-39.78497795495234,-28.606130000000032
106.639867,11,171.624,254,0.512687,-30.459287992969035,-44.51228199606303,-29.14066933999996
106.673233,11,171.62,254,0.0325228,-18.79803339595932,-27.08354971269892,-29.67519265999993
106.7066,11,171.617,253,0.0440321,-22.46113126733102,-30.807087604554813,-30.32034799999974
106.739967,11,171.62,253,0.101784,-25.78951889298276,-33.057364036422655,-31.41411825999975
106.773333,11,171.625,254,0.102753,-24.74534,-32.002285,-32.50785573999984
106.8067,11,171.642,255,0.478883,-25.826138087047955,-34.22125287540422,-33.34561899999995
106.840067,11,171.637,255,0.0256662,-22.632357364863683,-30.6655171460586,-33.164436189999975
106.873433,11,171.636,255,0.014133,-36.16176140051496,-46.20965784095901,-32.98325880999999
106.9068,11,171.637,255,0.0518023,-29.662617863926435,-43.367548059762655,-32.91964799999998
106.940167,11,171.637,255,0.0095497,-25.14469560343144,-33.621271807997196,-33.315380619999985
106.973533,11,171.683,255,0.549697,-23.55089315955746,-33.94662782769284,-33.71110138000002
107.0069,11,171.679,255,0.0258561,-26.500224525290392,-35.340782427507136,-34.148441000000034
107.040267,11,171.678,255,0.0128961,-33.74749675007088,-46.303721876723166,-34.74537663000004
107.073633,11,171.678,255,0.004949,-54.244139675949675,-63.31786131842807,-35.34229437000009
107.107,11,171.68,255,0.293203,-32.925114959735524,-45.50713217896298,-35.68393999999992
107.140367,11,171.717,255,0.593382,-41.6721377299951,-52.79757900623377,-35.06398114
107.173733,11,171.713,255,0.0617426,-37.255809707884005,-47.55433334414551,-34.44404086000004
107.2071,11,171.713,255,0.00982639,-39.858026952467696,-49.123876043922074,-33.84410400000009
107.240467,11,171.712,255,0.0174674,-19.650921943285653,-29.80127389997445,-33.31824008000009
107.273833,11,171.713,255,0.00532444,-17.71926586799799,-27.80342111259561,-32.79239192000004
107.3072,11,171.679,255,0.656059,-19.673528689214155,-32.23636636197465,-32.277616000000044
107.340567,11,171.676,255,0.0253885,-16.825554909719006,-29.681993406976584,-31.80313726000011
107.373933,11,171.675,255,0.00991862,-13.66976775755827,-27.76653296507757,-31.328672740000137
107.4073,10,171.736,255,0.893401,-16.64243300604741,-27.856273544789794,-30.91076899999999
107.440667,10,171.717,255,0.10718,-21.653541392490517,-29.500665770074516,-30.69488450999999
107.474033,11,171.685,255,0.754516,-21.72129955083671,-30.15891870974569,-30.47900648999997
107.5074,11,171.682,255,0.040077,-22.66725393503039,-30.89009140852266,-30.39580400000005
107.540767,11,171.679,255,0.0447721,-25.7809332398642,-34.21024482792001,-30.778189820000055
107.574133,11,171.672,255,0.144697,-26.615906967093217,-32.31331123217546,-31.160564180000087
107.6075,11,171.664,255,0.141801,-30.019032244820544,-40.42997207354474,-31.59935000000013
107.640867,11,171.662,255,0.472011,-38.49752235930382,-51.2653994764458,-32.23265566000004
107.674233,11,171.657,255,0.0332031,-36.36358960626324,-46.626671179245314,-32.865942340000004
107.7076,11,171.653,255,0.055829,-40.90097074649587,-50.22351150386729,-33.317228000000014
107.740967,11,171.654,255,0.017857,-43.2412597064778,-52.335792212899406,-33.15139401000001
107.774333,11,171.655,255,0.017296,-22.168381772322093,-35.04298539619161,-32.98556499
107.8077,11,171.694,255,0.383771,-17.84243241483089,-27.970345543873876,-32.773993000000004
107.841067,11,171.69,255,0.0276986,-17.15639691768554,-28.011739968921162,-32.40995903000005
107.874433,11,171.69,255,0.0131955,-19.487204280022347,-29.62193169335308,-32.04593597000008
107.9078,11,171.69,255,0.00486545,-20.366557782121653,-30.23428922069102,-31.650390000000158
107.941167,11,171.69,255,0.0158507,-18.99584848429778,-29.403022331770842,-31.151553350000153
107.974533,11,171.718,255,0.251829,-18.468323356255517,-28.306241343927823,-30.652731650000113
108.0079,11,171.715,255,0.124778,-19.748206889566465,-28.073865448392535,-30.140701999999884
108.041267,11,171.714,255,0.0136664,-21.952462048797404,-28.476277353254964,-29.58614245999988
108.074633,11,171.714,255,0.00768121,-22.375111930720934,-31.06783903337405,-29.031599539999835
108.108,11,171.72,255,0.156705,-18.270479593305758,-26.531428995921456,-28.67464000000007
108.141367,11,171.709,255,0.264408,-15.243694836452237,-25.16030630755305,-28.944245360000036
108.174733,11,171.707,254,0.0219336,-23.532662454086,-31.890317760371854,-29.21384264000002
108.2081,11,171.705,253,0.0232292,-24.475318869919846,-34.34850040852179,-29.386896
108.241467,11,171.704,253,0.00897678,-25.168687000703038,-33.77610118295622,-29.25876672
108.274833,11,171.705,253,0.0198926,-24.257205475179067,-31.12749028645731,-29.13064127999999
108.3082,11,171.724,255,0.371299,-18.36104422261184,-28.48876249435117,-28.862127999999966
108.341567,11,171.719,255,0.0226866,-19.518325551961496,-28.61248348980456,-28.16275568000006
108.374933,9,171.786,255,0.831808,-15.093263890128641,-25.39311132352169,-27.4634043200001
108.4083,9,171.742,255,0.206693,-12.501410879623156,-21.472590435569323,-26.825037000000112
108.441667,9,171.739,255,0.0560254,-16.74002325677313,-25.803957030467853,-26.370912130000107
108.475033,9,171.713,255,0.546855,-14.925542407257664,-24.15239054741538,-25.91680087000007
108.5084,9,171.708,255,0.0274599,-17.815370722462067,-25.42682051181235,-25.56473600000001
108.541767,9,171.694,255,0.182799,-13.915409037266915,-22.826283529836857,-25.51602018000001
108.575133,9,171.692,255,0.0342036,-12.957316359425866,-21.31811107387182,-25.467305820000004
108.6085,9,171.688,255,0.128688,-16.33356413195567,-27.86078630900528,-25.484635000000072
108.641867,9,171.747,255,0.615181,-25.365482428894655,-35.327171007407344,-25.695180770000047
108.675233,9,171.746,255,0.0199078,-43.1551947188892,-54.28515707289359,-25.905720230000032
108.7086,9,171.746,255,0.00825195,-49.431504486125455,-58.079901036655116,-26.269518000000044
108.741967,9,171.744,255,0.01176,-47.187710208409285,-56.98180327422285,-27.07466371000005
108.775333,9,171.745,255,0.0533268,-44.26283602812286,-53.75819460551109,-27.879785290000118
108.8087,9,171.767,255,0.395124,-32.81800622655016,-44.50685958936849,-29.18909600000032
108.842067,9,171.764,255,0.0155317,-40.10843334695584,-50.17734150426395,-31.92785935999995
108.875433,10,171.764,255,0.0343012,-41.69041484980991,-52.49318199915611,-34.66654063999979
108.9088,10,171.763,255,0.00779514,-43.375396096610984,-53.8229484493039,-37.93119199999918
108.942167,10,171.762,255,0.0185059,-42.56199219547146,-52.94262052646123,-42.66396727999921
108.975533,10,171.794,255,0.26545,-43.24043086274904,-52.78696569483919,-47.39660071999961
109.0089,11,171.792,255,0.189551,-43.50257368860339,-53.663863501522954,-50.836740000000006
109.042267,11,171.792,255,0.180305,-44.59557981859085,-53.81290173791795,-50.7232922
109.075633,11,171.793,255,0.0251053,-43.36942959583742,-53.48650987498243,-50.6098478
109.109,11,171.786,254,0.37898,-43.90402816411246,-54.161083447615454,-50.77053999999999
109.142367,11,171.738,255,0.403916,-43.7994621572138,-54.418296580950255,-51.67345101999987
109.175733,11,171.735,255,0.0210862,-44.28334130225459,-55.13007540894388,-52.576334979999814
109.2091,11,171.733,255,0.0164063,-44.88846293414266,-54.5771124165653,-51.775634999999326
109.242467,11,171.734,255,0.0569553,-47.215911491538904,-56.79315338719353,-46.43190994999929
109.275833,11,171.735,255,0.0369824,-47.512697306834305,-57.892989561638664,-41.08834504999884
109.3092,11,171.749,255,0.659677,-48.879422261332486,-56.326693308816836,-37.07539999999991
109.342567,9,171.752,255,0.874817,-27.521919973281285,-40.18715953529501,-36.55821149999998
109.375933,10,171.73,255,0.302759,-16.792660344677643,-24.363402392209977,-36.041038500000006
109.4093,10,171.729,255,0.0438542,-36.133787515187784,-48.14772254237435,-35.32008700000013
109.442667,10,171.728,255,0.0162424,-31.097643880325123,-45.93156274476003,-34.071827530000114
109.476033,10,171.728,255,0.559869,-22.364353642542515,-34.571694823474246,-32.82360547000001
109.5094,10,171.726,255,0.0161426,-26.60570688454627,-37.222874319788694,-31.741162
109.542767,10,171.725,255,0.0154579,-20.648012338520964,-26.43517080050665,-31.081496409999996
109.576133,10,171.725,255,0.0353624,-18.868604977781054,-25.578813403037636,-30.42185058999994
109.6095,10,171.736,255,0.113611,-21.148551561544576,-26.919021776506753,-29.99892500000001
109.642867,10,171.748,255,0.40383,-22.354271069938413,-27.822191049969366,-30.170765049999986
109.676233,10,171.745,255,0.0562109,-22.41105420194065,-28.317382208409434,-30.342599949999975
109.7096,10,171.75,255,0.0880024,-24.903288746870626,-31.952355056625347,-30.191976000000217
109.742967,10,171.748,255,0.0284473,-35.05047268293132,-43.70289584507074,-29.24301852000021
109.776333,10,171.76,255,0.16739,-24.53327558154775,-37.496428144619344,-28.294089480000128
109.8097,10,171.772,255,0.488078,-14.571392694087518,-21.94957630895667,-27.70267400000007
109.843067,10,171.768,255,0.0265994,-14.33074056429116,-25.632417162473924,-27.983624140000035
109.876433,10,171.767,255,0.0330349,-34.38673580246552,-47.86991846181963,-28.26456586000002
109.9098,10,171.763,255,0.0552713,-53.44225074402309,-61.34551923863268,-28.55639399999999
109.943167,10,171.766,255,0.0154905,-26.861297782401188,-35.92110315065669,-28.874381509999996
109.976533,10,171.679,255,0.680125,-24.962350360926752,-32.782960191995066,-29.19235949000002
110.0099,10,171.675,255,0.0248568,-29.126494810668312,-39.19999976229245,-29.357490999999985
110.043267,10,171.673,255,0.0214399,-27.99381499681277,-38.407087302896976,-29.160292029999983
110.076633,9,171.674,255,0.128405,-25.231876035953444,-34.925493638025266,-28.96309896999997
110.11,9,171.666,255,0.123447,-22.703139223118054,-33.934057008530985,-29.152700000000138
110.143367,9,171.701,255,0.603499,-22.328924417803456,-32.31491768330815,-30.246136589999992
110.176733,9,171.699,255,0.0125922,-24.920473949751464,-34.249587673103896,-31.339540409999927
110.2101,9,171.698,255,0.0179872,-29.75147576472956,-43.75315073463572,-31.95787300000007
110.243467,9,171.696,255,0.0352973,-36.85660609272241,-48.8824970497838,-31.48172591000007
110.276833,10,171.693,255,0.118771,-15.087786364224158,-25.283037239487832,-31.00559309000003
110.3102,10,171.864,255,1.20448,-15.934451170244563,-26.460328395143666,-30.573306000000034
110.343567,10,171.824,255,0.204439,-22.77934255491464,-30.19726481830939,-30.24063701000008
110.376933,10,171.82,255,0.0480143,-23.906541932314628,-31.431907299615652,-29.9079779900001
110.4103,10,171.822,255,0.0128809,-19.931211950217676,-28.18779021670609,-29.72435000000001
110.443667,10,171.82,255,0.0324143,-19.272492318427613,-27.2703568008731,-29.874501500000008
110.477033,10,171.79,255,0.20343,-36.65481784147508,-47.4146642688417,-30.02464850000002
110.5104,10,171.786,255,0.0235786,-50.40544186845719,-61.610674153512875,-30.074647999999975
110.543767,10,171.785,255,0.0593207,-34.24129798396814,-48.72676363558841,-29.903475289999975
110.577133,10,171.778,255,0.109371,-17.343256238128767,-27.515989117985704,-29.732307709999958
110.6105,10,171.776,255,0.155968,-17.493852504382875,-26.9656147190741,-29.76074000000009
110.643867,10,171.744,255,0.188152,-19.576807100079783,-28.334856616087897,-30.223873960000027
110.677233,10,171.743,255,0.0153874,-21.866607705245155,-31.032897841325408,-30.686994040000002
110.7106,10,171.74,255,0.0222396,-41.14651291843616,-52.44714338845912,-31.134969999999964
110.743967,10,171.74,255,0.0611057,-51.460263920126316,-63.94122492996974,-31.55038914999997
110.777333,10,171.74,255,0.022895,-42.62359902798164,-51.26190193315286,-31.965795850000003
110.8107,10,171.736,255,0.293161,-30.006249748377165,-42.25378897810366,-32.181125
110.844067,10,171.734,255,0.0212066,-26.414389639716997,-38.844672785688374,-31.972581250000033
110.877433,10,171.734,255,0.0336057,-18.537369150276557,-29.264226103309237,-31.764043750000045
110.9108,11,171.729,255,0.114868,-19.278746639572145,-28.765030291660523,-31.735535999999893
110.944167,11,171.729,255,0.0366482,-23.087646592199306,-31.103610305802906,-32.083220139999895
110.977533,11,171.75,255,0.403704,-23.86114439769368,-29.84144445450687,-32.43089385999993
111.0109,11,171.748,255,0.0230349,-23.787725235867445,-30.48331071978977,-32.551094999999926
111.044267,11,171.748,255,0.0242003,-23.44230490629541,-30.29108226030092,-32.202409849999924
111.077633,10,171.751,255,0.162693,-23.363173619761856,-29.81808935267627,-31.853735149999892
111.111,10,171.757,254,0.103793,-23.36178536347453,-30.55301726634811,-31.696450000000063
111.144367,10,171.769,255,0.368328,-24.14617472213391,-31.353566136683355,-31.92835065000003
111.177733,10,171.763,255,0.137589,-25.824986259128764,-33.289913054891045,-32.16024435000001
111.2111,10,171.761,255,0.0152105,-32.05316989490476,-40.38809875479315,-32.23286
111.244467,10,171.761,255,0.0710862,-42.25505178123196,-51.21920806337723,-31.9859442
111.277833,8,171.779,255,0.932649,-62.039243899638834,-67.46294741841318,-31.73903579999998
111.3112,8,171.693,255,0.430505,-55.04357366863789,-62.33816396367383,-31.34136799999997
111.344567,8,171.687,255,0.0470475,-22.80559511442477,-34.54326009272174,-30.645332380000063
111.377933,8,171.681,255,0.0179731,-15.45601080874698,-23.20417605526641,-29.949317620000105
111.4113,8,171.682,255,0.0169531,-15.371454728495618,-22.654486445319357,-29.495440999999996
111.444667,8,171.673,255,0.0881684,-20.16902553902224,-28.906268877792357,-29.514460189999994
111.478033,8,171.737,255,0.23202,-26.316190076595152,-32.58300156429026,-29.53347881
111.5114,8,171.737,255,0.0178646,-22.140762379722627,-29.898790798959524,-29.44476800000004
111.544767,8,171.734,255,0.0441515,-24.32057380888568,-32.13427974152522,-29.148469040000037
111.578133,8,171.733,255,0.160859,-31.168431955843275,-38.26164489312587,-28.852178960000014
111.6115,10,171.734,255,0.108729,-23.42529326409366,-32.094805204046075,-28.706530000000047
111.644867,10,171.78,255,0.23904,-20.39229023118033,-27.088918915628152,-28.84733874000003
111.678233,10,171.781,255,0.0302941,-23.355829024328518,-29.681728956124324,-28.98814326000002
111.7116,10,171.781,255,0.0364171,-21.423834313630756,-28.603304806693437,-29.279752000000034
111.744967,10,171.781,255,0.0148947,-22.129932851357623,-30.392138923546423,-29.85433174000004
111.778333,10,171.785,255,0.105859,-24.314546901658236,-35.63452417736947,-30.42889426000009
111.8117,10,171.732,255,0.400306,-24.243280522242884,-34.61929810134535,-30.662769999999956
111.845067,10,171.727,255,0.0209082,-22.817134872035272,-34.35396396484488,-30.26570270000001
111.878433,10,171.726,255,0.0252778,-21.37688427094152,-31.992550449163012,-29.86864730000003
111.9118,10,171.726,255,0.114701,-19.967700539420754,-28.79547821079004,-29.719261999999947
111.945167,10,171.729,255,0.0434332,-20.85105673135412,-32.512458664789456,-30.022568029999952
111.978533,10,171.79,255,0.539326,-26.51967802793608,-41.55186340395535,-30.325864969999976
112.0119,10,171.787,255,0.0216981,-45.91912607083075,-57.111167219754606,-30.550511999999994
112.045267,11,171.789,255,0.109307,-32.76295124862829,-43.77490279219905,-30.633262159999994
112.078633,11,171.79,255,0.143474,-24.570639261425672,-31.745811379411972,-30.71600984
112.112,12,171.791,255,0.133437,-24.02325016903411,-32.386687336802396,-30.790719999999997
112.145367,12,171.776,255,0.619313,-23.091834247644627,-30.92286568288594,-30.85111426999999
112.178733,12,171.772,255,0.036212,-22.128674995781182,-29.758039863263487,-30.911506729999985
112.2121,12,171.771,255,0.0249729,-22.76774584207572,-30.726929362677648,-31.237254000000107
112.245467,10,171.868,255,0.880817,-23.09020606862614,-30.74985589874877,-32.029386580000114
112.278833,10,171.856,255,0.141627,-23.396513901847026,-31.952310861629883,-32.821495420000176
112.3122,10,171.841,255,0.367917,-24.76651147714871,-33.74983295612456,-33.36889600000002
112.345567,10,171.835,255,0.0357237,-26.18721825067951,-35.02885880575591,-33.491686560000005
112.378933,10,171.83,255,0.0435178,-28.478965557868303,-37.517323564477806,-33.61447344
112.4123,10,171.815,255,0.104536,-29.501951931799134,-39.240503314006006,-33.941935999999934
112.445667,10,171.807,255,0.152112,-32.11320012079955,-40.35141468241708,-34.61995343999994
112.479033,10,171.807,255,0.232031,-38.28687081541154,-45.63611651645157,-35.29795056
112.5124,10,171.803,255,0.0211534,-51.15280467365098,-61.447545796559254,-36.34858800000001
112.545767,10,171.8,255,0.0524251,-58.605975352958076,-66.19206477463239,-38.02928379000002
112.579133,9,171.789,255,0.179708,-60.11117437111581,-68.45830677696561,-39.70992921000017
112.6125,9,171.795,255,0.0722135,-57.58759385338191,-65.34228639111477,-40.217124999999925
112.645867,9,171.821,255,0.481655,-51.37295995800132,-59.11043701223597,-38.76532683000012
112.679233,9,171.82,255,0.0499588,-45.70805489190967,-53.98340589444078,-37.3135721700002
112.7126,9,171.804,255,0.0568045,-22.094934490554554,-29.811463491257992,-36.130910000000156
112.745967,9,171.803,255,0.0160742,-24.564197858347057,-31.764836817098132,-35.391830950000156
112.779333,9,171.809,255,0.168832,-19.73822451610285,-29.212098575681697,-34.6527740500001
112.8127,9,171.787,254,0.667979,-18.361612880938065,-27.697261308490965,-34.190808999999994
112.846067,9,171.784,254,0.0413086,-29.12155779792015,-36.36554095035982,-34.179797889999996
112.879433,9,171.773,254,0.0992285,-40.23414104218816,-51.787915538461995,-34.16878711
112.9128,12,171.771,255,0.147677,-40.73322678793432,-52.4637760586412,-34.149968
112.946167,12,171.77,255,0.031072,-38.21113326958505,-50.38258545774328,-34.11860302
112.979533,11,171.72,255,0.6721,-36.191696126987,-50.792914112642634,-34.087238979999995
113.0129,11,171.717,255,0.0208008,-39.513192247363335,-50.598513125298915,-33.796325999999944
113.046267,11,171.691,255,0.0731207,-46.275229282740604,-56.242173628761165,-33.093616979999936
113.079633,11,171.689,255,0.0291178,-28.481884089857207,-39.657250823508676,-32.39092901999988
113.113,11,171.705,255,0.154031,-21.504385085122447,-28.855372981626335,-31.82757999999996
113.146367,11,171.821,254,0.371411,-19.68251346275757,-25.92170793685857,-31.482565220000005
113.179733,11,171.815,254,0.094502,-18.422694338145668,-25.41998683941126,-31.137560780000026
113.2131,9,171.678,255,1.16584,-18.30365176046506,-26.539445057797998,-30.74119400000007
113.246467,10,171.663,255,0.0996105,-22.658465237365963,-31.231715953312875,-30.265380580000066
113.279833,10,171.657,255,0.0304807,-18.452627097971682,-28.40835753555618,-29.789581420000026
113.3132,10,171.632,254,0.230164,-17.474846934049097,-28.9196734490485,-29.414352000000022
113.346567,10,171.625,255,0.14416,-16.62380330455162,-29.338120404772003,-29.192795120000053
113.379933,9,171.351,255,0.663821,-16.601682189556662,-28.185978584513485,-28.971244880000068
113.4133,9,171.356,255,0.0151204,-19.446144515633495,-31.355064085642397,-28.89013600000001
113.446667,9,171.361,255,0.0345454,-19.45082432670794,-30.62242151523294,-29.020934640000007
113.480033,9,171.335,255,0.172434,-24.344544647073363,-31.909786985937682,-29.15172936000002
113.5134,9,171.342,255,0.0604395,-22.764077479609835,-30.853997675447534,-29.20346799999999
113.546767,10,171.403,255,0.836443,-19.33957372254214,-27.293029710307792,-29.13740133999999
113.580133,11,171.408,255,0.0204297,-18.54087772779362,-26.309631256083254,-29.071336659999982
113.6135,11,171.431,255,0.147403,-21.715557720854992,-29.39585933778652,-28.867569999999922
113.646867,11,171.43,255,0.298548,-18.380917223878527,-27.027443077767032,-28.461159939999977
113.680233,11,171.435,255,0.029541,-17.297728323442506,-26.230250236816232,-28.054762059999998
113.7136,11,171.437,255,0.589351,-14.976469187174553,-25.316128491210815,-27.729816000000017
113.746967,10,171.473,255,0.160662,-15.728223195612843,-25.54773030956738,-27.523274270000012
113.780333,10,171.482,255,0.0507205,-15.866261092954606,-25.2901934044438,-27.316738729999997
113.8137,10,171.513,255,0.399906,-14.914322022264367,-24.099072370581368,-27.148283000000003
113.847067,10,171.518,255,0.0348481,-22.64497289457659,-31.697033125955144,-27.034501530000018
113.880433,10,171.505,255,0.655484,-19.7761442047438,-28.948393701603244,-26.920723470000024
113.9138,10,171.512,255,0.020957,-23.926614014858494,-33.25968907809366,-26.706202000000108
113.947167,10,171.515,255,0.0454069,-24.394728165372634,-32.715992253400955,-26.348841430000107
113.980533,10,171.521,255,0.397598,-15.622779739558492,-21.749107983171793,-25.991491570000075
114.0139,10,171.522,255,0.0629568,-15.840814743789865,-22.036007092059975,-25.717947999999968
114.047267,10,171.59,255,0.775732,-17.564383459522944,-27.958619401913374,-25.561790439999964
114.080633,10,171.602,255,0.0304416,-16.297442540919388,-25.5271916159169,-25.405637559999953
114.114,10,171.654,255,0.143257,-15.000220761121726,-24.072782968452177,-25.347200000000022
114.147367,10,171.599,255,0.286564,-15.87850078822536,-23.554569990250382,-25.42394410000001
114.180733,10,171.785,255,0.916419,-17.936400541320943,-24.653478797731278,-25.500685900000008
114.2141,10,171.669,255,0.806951,-19.374679286772725,-27.454648646761676,-25.630728
114.247467,10,171.661,255,0.0401606,-21.6204894696957,-31.424363466320493,-25.83359936
114.280833,10,171.671,255,0.0400076,-26.702066051654405,-33.71101588909717,-26.036464640000016
114.3142,10,171.735,254,0.247284,-26.787074294051706,-33.899747952749316,-26.328938000000015
114.347567,10,171.727,255,0.148652,-22.09859171171429,-31.701179232597344,-26.742355129999957
114.380933,10,171.776,255,0.850464,-23.17150920025331,-31.32370504007881,-27.155759869999933
114.4143,10,171.78,255,0.0221495,-24.91301420278168,-34.570745271689695,-27.307201000000045
114.447667,10,171.786,255,0.0339062,-22.438576297617615,-32.70973929091348,-27.109334690000043
114.481033,10,171.82,255,0.406857,-16.906153200534376,-23.47340717240896,-26.911474310000028
114.5144,10,171.819,255,0.0213238,-15.900111189893547,-23.60271388463878,-26.66234400000004
114.547767,10,171.861,255,0.790385,-15.399813903717549,-22.415405646557353,-26.345691170000038
114.581133,10,171.894,255,0.0964996,-14.897278571883975,-21.658921777574744,-26.029047830000014
114.6145,10,171.93,255,0.0930208,-14.831313608588,-22.61395292668742,-25.87465000000002
114.647867,10,171.958,255,0.255633,-18.590173048281546,-27.40785937283425,-25.93137390000001
114.681233,10,171.968,255,0.055536,-24.038875240519832,-33.77805951493043,-25.988096100000007
114.7146,10,171.948,255,0.70045,-27.78285558170184,-36.523769970938794,-26.116652000000016
114.747967,10,171.965,255,0.0605566,-32.54179494379608,-39.18527352829002,-26.337541540000018
114.781333,10,171.982,255,0.0845367,-34.14302587550384,-42.69024014099607,-26.558424460000033
114.8147,10,172.033,255,0.227064,-33.16618103595371,-43.26463351188301,-27.26103300000014
114.848067,10,172.043,255,0.0387218,-33.475361214305764,-44.1076089934377,-28.575359129999963
114.881433,10,171.902,255,0.759019,-34.21924463183795,-44.98643362283795,-29.889645869999885
114.9148,10,171.911,255,0.0304883,-36.53712563007392,-46.70194077552256,-32.325811999999395
114.948167,10,171.933,255,0.0896094,-38.89623123006581,-49.28827803389086,-36.16935672999943
114.981533,10,171.868,255,0.170056,-38.560006274397594,-51.221838309834105,-40.01278626999975
115.0149,10,171.873,255,0.0348025,-42.63463807776768,-53.570949648291965,-42.61963099999994
115.048267,10,171.833,255,0.83712,-52.24355643714102,-59.375749654916284,-43.69371472999995
115.081633,11,171.861,255,0.140661,-53.92231130530101,-63.09034914807953,-44.76776627000004
115.115,11,171.889,255,0.167489,-54.051697769090424,-63.46947675038691,-46.09279999999997
115.148367,10,171.949,255,1.34832,-53.65698217798688,-62.401386574883894,-47.72511363999975
115.181733,10,171.936,255,0.11588,-51.086837225284675,-62.635056230489646,-49.35737835999965
115.2151,10,172.03,255,0.921467,-56.83129808831571,-67.3295487754209,-50.916759000000205
115.248467,10,172.028,255,0.0300228,-45.76969805006494,-59.93857301190556,-52.38791003000022
115.281833,10,172.033,255,0.0261632,-47.36255937842679,-60.82993767918413,-53.85901697000034
115.3152,10,172.042,255,0.621746,-46.16497444316309,-55.78371311390789,-54.74451200000003
115.348567,10,172.041,255,0.0215929,-40.32599706721958,-51.0435831632681,-54.930032520000005
115.381933,10,172.106,255,0.631598,-37.77722754619535,-48.01447584652968,-55.11554748
115.4153,10,172.114,255,0.129578,-52.10462745021983,-60.37703163616778,-55.090081000000026
115.448667,10,172.114,255,0.0315506,-51.45623553982077,-60.16021468424522,-54.815470590000025
115.482033,10,172.235,255,0.566643,-39.659999680603725,-51.764046032999104,-54.54086841
115.5154,10,172.233,255,0.0369694,-42.06540243950734,-53.613308693901075,-54.014929999999985
115.548767,10,172.299,255,0.68391,-42.731218108652854,-56.24803205924813,-53.19577014999998
115.582133,10,172.297,255,0.0192101,-45.942210462709895,-56.300820014063646,-52.37663484999992
115.6155,10,172.295,255,0.14074,-48.18009403407848,-59.61329354818708,-49.38747499999973
115.648867,10,172.299,255,0.406833,-43.04461798017169,-53.62719781535663,-43.896935150000466
115.682233,10,172.297,255,0.0160178,-33.28963472269748,-42.72340172185385,-38.40655985000079
115.7156,10,172.182,255,0.582849,-26.439186535228508,-34.18689019800511,-34.641692000000376
115.748967,10,172.177,255,0.109505,-22.3113789898757,-28.06997497900127,-32.84220969000037
115.782333,10,172.178,255,0.0169401,-20.41629480902838,-25.37395268977652,-31.042781310000215
115.8157,10,172.143,255,0.401079,-18.69056956384164,-23.15805705920107,-29.456661999999668
115.849067,10,172.141,255,0.022003,-19.936851418835,-25.512184418928886,-28.110637219999848
115.882433,10,172.197,255,0.778869,-21.29570238080046,-27.472889713790018,-26.764652779999928
115.9158,10,172.196,255,0.0139301,-15.513835027374807,-20.973405812590034,-26.054736000000002
115.949167,10,172.196,255,0.0486296,-14.725957430928572,-20.874038041203633,-26.05206664
115.982533,10,172.201,255,0.418517,-23.696463685980156,-34.27285202672014,-26.049397359999997
116.0159,10,172.2,255,0.0212424,-51.4186468124514,-60.10679049871182,-26.011429999999994
116.049267,10,172.209,255,0.682041,-41.92611942754942,-58.630761280971726,-25.93468589999999
116.082633,10,172.207,255,0.0205914,-30.140293397131405,-40.79476496995294,-25.857944099999987
116.116,10,172.247,255,0.984197,-18.857155700231036,-26.54133432424112,-25.883920000000018
116.149367,10,172.296,255,0.334376,-22.26399851450823,-27.74316005226661,-26.02139204
116.182733,10,172.286,255,0.160018,-19.86066639017519,-25.490333806036965,-26.15885995999999
116.2161,10,172.283,255,0.521148,-19.777151142970645,-24.905376539070087,-26.660835999999875
116.249467,10,172.285,255,0.0996267,-24.313386035905378,-30.463731327927455,-27.55373691999988
116.282833,10,172.287,255,0.0242947,-24.67147596648382,-31.153703106595376,-28.446611079999958
116.3162,10,172.264,255,0.117152,-25.57472375161707,-32.567306016686985,-28.32425800000013
116.349567,10,172.262,255,0.0177875,-21.110015220928013,-29.60179553157247,-27.12604903000029
116.382933,10,172.314,255,0.775148,-12.619776930346559,-22.886736442955627,-25.92787597000036
116.4163,10,172.312,255,0.0107183,-11.41501920320625,-20.80960538869355,-25.176612999999985
116.449667,10,172.309,255,0.0777832,-11.812247603918788,-21.85562764610516,-24.89332716999998
116.483033,10,172.349,255,0.162197,-12.642033940374306,-24.627726499648446,-24.61004982999996
116.5164,10,172.347,255,0.109789,-14.443738410565262,-24.778958894581432,-24.475840000000005
116.549767,11,172.307,255,0.718889,-13.107766530680156,-23.49755856864922,-24.495860200000003
116.583133,11,172.304,255,0.156385,-14.43490770310301,-23.42634367235398,-24.515879800000004
116.6165,11,172.301,255,0.113661,-18.546853588946547,-27.2738060647822,-24.608335000000032
116.649867,11,172.256,255,0.210944,-19.90562981691197,-27.490933190775262,-24.77483633000001
116.683233,11,172.254,255,0.0158702,-25.384631828390386,-32.224617545775764,-24.941332669999998
116.7166,11,172.266,255,0.570307,-31.460097477756314,-36.76596202779563,-25.40879199999995
116.749967,11,172.266,255,0.00801541,-43.74154175661805,-52.87828544939373,-26.180237039999955
116.783333,11,172.266,255,0.0767036,-28.201226560961395,-40.26960450447598,-26.951658960000017
116.8167,11,172.307,255,0.248653,-17.372616903951833,-26.73455032194288,-27.82597599999996
116.850067,11,172.308,255,0.0250608,-33.814037003936015,-44.012636037452005,-28.80296175999983
116.883433,11,172.346,255,0.593012,-28.2534301598488,-39.93229821961496,-29.779918239999773
116.9168,11,172.345,255,0.0324273,-40.184836447010966,-49.427162542542824,-30.364623999999942
116.950167,11,172.345,255,0.0475434,-20.67449712552743,-31.63650976816398,-30.562490309999944
116.983533,11,172.329,255,0.249715,-20.263321833872126,-28.397260772371226,-30.76035068999996
117.0169,11,172.333,255,0.0543989,-22.015547795397335,-29.399306309646644,-30.627652999999896
117.050267,11,172.387,255,0.64094,-22.668394263253834,-28.427959469834878,-30.17286078999989
117.083633,9,172.433,255,0.878437,-22.257944775944413,-27.677934823005305,-29.718082209999853
117.117,9,172.394,255,0.206549,-22.097101124173815,-27.032856450569543,-29.725690000000117
117.150367,9,172.408,255,0.208445,-22.23701594300185,-28.32813294150193,-30.17848019000006
117.183733,9,172.406,255,0.0150998,-25.254317428491785,-31.443138042048194,-30.631256810000032
117.2171,9,172.456,255,0.418689,-27.44630089434707,-35.34912557832574,-30.7665
117.250467,9,172.44,255,0.171815,-28.80850393338908,-38.27994700445286,-30.599664999999998
117.283833,9,172.442,255,0.118759,-30.417737028311567,-38.341449430767696,-30.432834999999983
117.3172,9,172.419,255,0.227432,-21.8464473388175,-29.7174412894572,-30.546704000000013
117.350567,9,172.407,255,0.150509,-19.838535310677823,-26.713862141839346,-30.92441843999996
117.383933,9,172.326,255,0.487381,-30.740241707306165,-42.05108995551317,-31.30212155999994
117.4173,9,172.326,255,0.0131434,-46.95642403056028,-56.86452784325378,-31.569634999999966
117.450667,11,172.324,255,0.0244368,-24.575219412506605,-34.075665023719615,-31.734801649999966
117.484033,11,172.321,255,0.249099,-24.038282025359006,-31.669656799980725,-31.89996334999998
117.5174,11,172.319,255,0.0200738,-22.788212414711495,-30.43647146055562,-31.792124000000044
117.550767,11,172.243,255,1.04246,-20.84464414428347,-28.440631590212273,-31.43376242000004
117.584133,11,172.23,255,0.213735,-19.818960605119003,-28.397962238269386,-31.07541158000001
117.6175,11,172.226,255,0.0703407,-18.958488066329092,-28.03814197970279,-31.057775000000095
117.650867,11,172.22,254,0.102491,-22.920620920686684,-32.3156655693999,-31.349068910000057
117.684233,11,172.222,254,0.132235,-31.32632803506385,-39.58664561576121,-31.640354090000038
117.7176,11,172.275,255,0.751534,-35.03803841675154,-45.3660865173413,-31.569967999999967
117.750967,11,172.257,255,0.172695,-24.92004521797389,-34.83860716875393,-31.175570059999966
117.784333,11,172.254,255,0.0193305,-19.02315070460289,-30.12088499100017,-30.781183939999934
117.8177,11,172.251,255,0.057321,-17.459460058219857,-28.154343475882683,-30.85353500000005
117.851067,11,172.25,255,0.0190885,-20.441100771819823,-28.698141370394854,-31.339024849999987
117.884433,11,172.366,255,0.501569,-34.47470128547055,-41.93657268625821,-31.82450014999996
117.9178,11,172.316,255,0.143379,-53.68740620844583,-59.57981816963463,-32.18343199999997
117.951167,11,172.313,255,0.0354481,-54.96745746388227,-62.09944376534009,-32.431682479999964
117.984533,11,172.306,255,0.115589,-45.42503232624282,-52.37177268744993,-32.67992551999999
118.0179,11,172.308,255,0.0155979,-38.80325241560365,-49.451624823423025,-32.73772000000001
118.051267,10,172.593,255,1.2898,-24.96099609168676,-33.79734109374942,-32.630945600000004
118.084633,10,172.602,255,0.319303,-18.97932313790843,-27.064144644213094,-32.5241744
118.118,10,172.588,255,0.119487,-22.234258316863006,-30.832874467655763,-33.00077999999998
118.151367,10,172.59,255,0.01838,-23.992321204611148,-34.49775610378047,-33.975430069999845
118.184733,10,172.589,255,0.0380588,-41.49825732876608,-53.549800716410104,-34.95005092999979
118.2181,10,172.505,255,0.342594,-56.38664829962917,-64.1649764499136,-35.27762599999997
118.251467,10,172.462,255,0.139514,-35.39810682407563,-50.987717808279015,-35.05940581999997
118.284833,10,172.457,255,0.0326942,-31.260802705292132,-41.401127680869905,-34.84119217999994
118.3182,10,172.454,255,0.0735221,-28.717576723386244,-40.0839183183799,-35.154776000000126
118.351567,10,172.452,255,0.118252,-29.287372391506395,-39.48246720855003,-35.91153956000003
118.384933,10,172.449,255,0.383919,-34.124353647172356,-48.10018404509898,-36.66828043999998
118.4183,10,172.454,255,0.152836,-47.0627939209675,-58.399599850794466,-37.918594999999875
118.451667,10,172.451,255,0.136636,-34.21358659232201,-46.00671974223052,-39.57526654999989
118.485033,10,172.451,255,0.033023,-44.124198411617144,-54.10970419575423,-41.23188845000003
118.5184,10,172.451,255,0.00938694,-47.37135946027265,-58.08596720644065,-42.102144
118.551767,10,172.342,255,0.569783,-54.23467316049538,-62.095890356238904,-42.33270997
118.585133,10,172.346,255,0.230464,-52.66538799620307,-60.84635173955845,-42.56326903000002
118.6185,10,172.335,254,0.114997,-52.66245061404344,-61.65093124496122,-44.360045000000135
118.651867,10,172.334,254,0.0191341,-53.42250483926361,-62.42072875619981,-47.415461189999725
118.685233,10,172.335,254,0.0410786,-52.540560319772275,-62.56268573544663,-50.47078580999955
118.7186,10,172.308,255,0.486023,-58.34723890976263,-64.94447085266873,-53.67779199999933
118.751967,10,172.38,255,0.276251,-55.89437533158352,-62.87513019968144,-57.005149239999355
118.785333,10,172.38,255,0.0465028,-55.22720768110381,-61.0368237417134,-60.33240675999963
118.8187,10,172.38,255,0.0506901,-59.02441389584803,-65.56126535952085,-62.234450000000194
118.852067,10,172.385,255,0.159737,-61.41441151286674,-67.51337131650392,-63.018574500000085
118.885433,11,172.411,255,0.419158,-58.18533171425783,-63.652972403205304,-63.802675500000035
118.9188,11,172.435,255,0.202614,-58.35593299460906,-64.46305284010656,-58.53376400000003
118.952167,11,172.434,255,0.0114247,-55.174515626229855,-61.152840183649815,-48.574715509999955
118.985533,11,172.434,255,0.0298123,-55.82725453335194,-63.08477835494335,-38.61596548999913
119.0189,8,172.503,255,0.806812,-30.648935373597133,-45.360305322595806,-34.204633999999984
119.052267,8,172.704,255,0.603345,-20.10735916270742,-30.72030690423574,-34.039801019999985
119.085633,8,172.679,255,0.269766,-16.805927783528286,-24.623766758637288,-33.874972979999974
119.119,8,172.653,255,0.180458,-33.16039157179103,-41.72909791464019,-33.220509999999884
119.152367,8,172.652,255,0.0978917,-43.65710321628464,-53.8403297449023,-32.19580943000002
119.185733,8,172.654,255,0.020421,-42.153507463929685,-53.99595183701317,-31.17113957000008
119.2191,8,172.572,255,0.347581,-17.162568068766856,-25.06229782646639,-30.02992900000016
119.252467,8,172.614,255,0.224048,-18.446631979233846,-28.00476049477289,-28.80168973000015
119.285833,8,172.597,255,0.130419,-33.71311091590153,-43.30960282955649,-27.573487270000047
119.3192,8,172.596,255,0.16393,-25.281858401288797,-38.694742426556004,-27.115551999999987
119.352567,8,172.593,255,0.0371647,-13.8410245159623,-21.5800073861638,-27.225996769999973
119.385933,8,172.592,255,0.367388,-13.493620799099673,-20.92137317211909,-27.336438229999967
119.4193,8,172.548,255,0.283726,-23.945951309100124,-34.46189470299728,-27.401914
119.452667,8,172.546,255,0.00694987,-39.337801988469096,-49.08307410968411,-27.434613660000004
119.486033,8,172.545,255,0.00902452,-40.35965336825613,-49.93775092110832,-27.467312340000007
119.5194,8,172.545,255,0.0199349,-41.1229376439489,-51.21288617451043,-27.09629799999989
119.552767,8,172.433,255,0.555183,-38.631275187690605,-50.51260496953091,-26.434630389999885
119.586133,8,172.41,255,0.384874,-36.78993875007024,-48.683566848317156,-25.77298260999983
119.6195,8,172.405,255,0.0305436,-18.529188214456017,-28.1765992930662,-25.67642500000006
119.652867,11,172.398,255,0.0813411,-13.42992577941242,-19.963760308614493,-25.981733050000017
119.686233,12,172.392,255,0.0972873,-13.856401083672866,-19.61339426953495,-26.28703195
119.7196,12,172.359,255,0.495712,-18.123792519499016,-23.65112249404678,-26.191520000000022
119.752967,12,172.39,255,0.336267,-27.84869950007001,-38.04016037041171,-25.81447290000002
119.786333,12,172.388,255,0.0113802,-30.48467102924881,-41.61426920071235,-25.43743709999999
119.8197,12,172.388,255,0.0160493,-15.761264784277436,-21.961236806215705,-25.283394
119.853067,12,172.389,255,0.146475,-15.564699561382733,-23.904491403317042,-25.28406134
119.886433,12,172.303,254,0.792888,-26.794474886231455,-37.57015638545802,-25.28472866
119.9198,12,172.291,255,0.366583,-46.02454358205471,-57.39355903178096,-25.87048599999972
119.953167,12,172.29,255,0.00647244,-52.894977439226956,-60.59493607833099,-26.857148189999727
119.986533,9,172.34,255,0.80395,-56.026741675855476,-62.985005727184664,-27.84378080999981
120.0199,9,172.325,255,0.0820953,-54.06567250766436,-60.472410850232194,-27.7435049999998
120.053267,9,172.376,255,0.64008,-49.69899432620381,-60.647973415272595,-26.907661649999792
120.086633,9,172.36,255,0.266012,-56.01164353070065,-64.24391641351704,-26.07184334999972
120.12,9,172.333,255,0.225472,-12.547122508413008,-24.396059308909194,-25.725399999999993
120.153367,9,172.336,255,0.0817611,-12.174941321364857,-19.309567789913253,-25.706047139999995
120.186733,10,172.324,255,0.167599,-17.628587894767723,-24.490451398071105,-25.686694859999996
120.2201,10,172.36,255,0.426251,-17.50846723914895,-24.220714178260334,-25.30915999999999
120.253467,10,172.417,255,0.15986,-17.00501347611682,-23.786683878357483,-24.695207199999984
120.286833,10,172.416,255,0.0112424,-16.68661651176515,-22.807905662979337,-24.081272799999933
120.3202,10,172.417,255,0.0766786,-14.953946529039328,-22.522726362349125,-23.758199999999995
120.353567,10,172.414,255,0.0977355,-14.371126687259762,-21.55495615946378,-23.624732000000012
120.386933,10,172.333,255,0.481776,-14.053041528898788,-21.012237930998705,-23.491268000000023
120.4203,10,172.268,255,0.111827,-19.491156456782956,-26.75909512866804,-23.849668999999857
120.453667,10,172.264,255,0.0161838,-23.312706180565073,-31.75561442975636,-24.524683409999863
120.487033,10,172.264,255,0.0255056,-34.837364268301805,-46.20794738145419,-25.19967758999992
120.5204,10,172.257,255,0.108141,-31.841711606947477,-42.61717557460314,-25.697007999999958
120.553767,10,171.962,255,0.965814,-24.901627109778264,-37.628787484953904,-26.08139583999996
120.587133,10,172.041,255,0.125428,-21.93602209956446,-30.06059522669132,-26.465772159999993
120.6205,10,172.039,255,0.0438021,-21.36558711517398,-28.681065822669304,-27.258110000000343
120.653867,10,172.039,255,0.00989475,-22.139608237472288,-28.88015089476374,-28.3065011400002
120.687233,7,170.135,255,2.13215,-21.324354824778293,-27.76604606595387,-29.35486086000014
120.7206,7,170.18,255,0.642112,-19.98362363418171,-26.254506192190426,-30.173974000000058
120.753967,7,170.117,255,0.107831,-22.30684999854711,-31.57961926475486,-30.850990430000063
120.787333,11,170.113,255,0.0231988,-34.2367243253197,-44.411341499087044,-31.52798657000012
120.8207,10,169.184,255,2.90475,-39.906215760091825,-51.03189323663077,-31.890156000000015
120.854067,10,169.185,255,0.0406651,-42.02629737854922,-52.779975329801395,-32.059660359999995
120.887433,9,169.233,255,0.429297,-50.67827672821453,-60.01116215417431,-32.229159639999985
120.9208,11,169.303,255,2.2684,-53.942945767741676,-61.096012949001555,-32.47562399999996
120.954167,11,169.316,255,0.916048,-53.78150929428562,-60.59526608643887,-32.768586259999964
120.987533,11,169.391,255,0.186187,-36.20706312477994,-50.03937421130932,-33.061539739999986
121.0209,11,169.391,255,0.0162869,-24.950232453054937,-35.43747033216268,-32.53793900000004
121.054267,11,169.571,255,2.81106,-22.912171784850717,-35.83143559782525,-31.52725257000003
121.087633,11,169.57,255,0.363882,-16.854236563680075,-24.310109236017908,-30.516596429999947
121.121,11,169.56,255,0.0589551,-17.60007454073182,-25.011212849814846,-29.53237000000003
121.154367,11,169.558,255,0.0642144,-19.36767614681473,-25.842489459710794,-28.563725990000158
121.187733,11,169.633,255,2.00828,-17.78185141351862,-24.36027571482145,-27.595111010000217
121.2211,11,169.597,255,0.704663,-17.788362541133257,-25.574173140485875,-27.183295999999988
121.254467,11,169.574,255,0.324989,-16.410069092715737,-23.50955364085487,-27.095207119999987
121.287833,11,169.572,255,0.00764214,-17.014248523415787,-24.415109286740407,-27.00712087999998
121.3212,11,170.243,255,2.75092,-22.783381392754457,-31.10606658770169,-27.04220400000002
121.354567,11,170.241,255,0.0527669,-37.53311998870649,-47.996863245303565,-27.147977390000005
121.387933,11,170.222,255,0.585055,-51.93106865630541,-65.96402737758237,-27.253747609999998
121.4213,11,170.406,255,3.33984,-21.529478747198972,-38.49079038588112,-27.56591799999997
121.454667,11,170.403,255,0.0140864,-50.46951820053555,-60.350588345615726,-27.995017619999974
121.488033,11,170.402,255,0.0147135,-54.53435581109078,-63.36633954478979,-28.42410438000001
121.5214,11,170.403,255,0.0277951,-51.28394626606799,-60.12316239061578,-28.594906
121.554767,11,170.409,255,2.27427,-21.274540957626485,-31.672871008533946,-28.62126593
121.588133,11,170.403,255,0.336348,-17.451886550040143,-23.02575586504464,-28.647625070000004
121.6215,11,170.392,255,0.0757368,-16.923217188571954,-22.38812790254926,-28.53616999999999
121.654867,9,170.394,255,0.0625857,-18.626473231003054,-24.692253442272104,-28.348647460000016
121.688233,9,169.889,255,2.33603,-20.153109214587058,-26.7836103832379,-28.161130540000027
121.7216,9,169.95,255,0.655352,-20.3286912509258,-27.790051221206582,-27.984624000000032
121.754967,9,170.005,255,0.254741,-21.34873746142296,-28.812916328583256,-27.81411863000003
121.788333,9,170.002,255,0.0478255,-24.833541112125662,-31.611805047625275,-27.643618370000016
121.8217,9,170.057,255,2.39643,-24.14565721060201,-30.786835632886305,-27.587255000000003
121.855067,9,170.054,255,0.0198264,-22.09054499296819,-28.879014415130616,-27.59226005
121.888433,9,170.102,255,0.417764,-21.852627989968923,-28.4842344316114,-27.59726495
121.9218,9,170.245,255,2.89924,-20.944746793981157,-27.746410322739397,-27.598782
121.955167,9,170.221,255,0.106959,-22.10810714896455,-28.759251897816142,-27.59844833
121.988533,9,170.2,255,0.145344,-22.01839936014496,-28.8383193630984,-27.598114669999998
122.0219,9,170.21,255,0.095803,-18.36111268735342,-24.82861067685369,-27.11488599999992
122.055267,9,170.504,255,1.78381,-16.936408873857427,-22.916605268129217,-26.378809979999915
122.088633,9,170.499,255,0.0835655,-16.0159640796849,-21.596573452985663,-25.642756019999855
122.122,9,170.486,255,0.120614,-16.141079558946213,-21.72711802793798,-25.27451999999998
122.155367,9,170.485,255,0.0621886,-16.43462754727437,-22.173837118783283,-25.096340220000005
122.188733,9,170.72,255,1.32285,-15.826620706464137,-21.70894744105373,-24.918165780000017
122.2221,9,170.677,255,0.700831,-18.060169161955805,-23.8947270999394,-24.941095999999984
122.255467,9,170.669,255,0.0900911,-26.05779987338947,-34.80063053897806,-25.06655591999999
122.288833,9,170.662,255,0.143368,-21.74134552116432,-31.560681170533446,-25.192012079999998
122.3222,9,170.561,255,0.982072,-33.89774995063617,-42.24904221571917,-25.57743399999994
122.355567,9,170.56,255,0.00867622,-41.15788591083975,-55.046578247971595,-26.09362148999987
122.388933,9,170.544,255,0.568583,-56.80204757722785,-63.458622919139486,-26.60979350999984
122.4223,9,170.563,255,0.548353,-41.535931093796954,-54.008317965075534,-27.895331000000127
122.455667,9,170.558,255,0.0191374,-42.8776107616006,-53.913038313864426,-29.56267999000014
122.489033,9,170.556,255,0.0120464,-37.75351692091847,-48.56887098570101,-31.22997901000028
122.5224,9,170.555,255,0.0380404,-38.19573906674747,-49.12741802160841,-32.83550400000028
122.555767,9,170.365,255,1.64436,-32.28861084305992,-42.66600494529587,-34.41076007000029
122.589133,9,170.361,255,0.104447,-27.35069927374011,-39.19696687044095,-35.985968930000425
122.6225,9,170.36,255,0.12248,-23.445009904654764,-31.15419933244049,-35.94797499999985
122.655867,9,170.357,255,0.0132747,-23.139869944408005,-30.33680006993531,-35.13081716999996
122.689233,9,170.359,255,0.0237337,-22.25723902278163,-30.09477109661091,-34.31368383000001
122.7226,9,170.446,255,1.8597,-21.227635714821368,-28.90263985731689,-33.34036000000005
122.755967,9,170.442,255,0.188324,-22.574023919187045,-30.642716231801298,-32.29263620000004
122.789333,9,170.438,255,0.0530328,-32.16752337658123,-42.1311562856463,-31.244943799999955
122.8227,10,170.434,255,0.107129,-32.500467927628286,-42.625141958379174,-30.934061999999997
122.856067,10,170.43,255,0.0885796,-17.790662906440446,-23.57718980135023,-30.96943101999999
122.889433,9,170.446,255,2.35017,-24.26608286429609,-33.09234372170015,-31.00479897999999
122.9228,9,170.407,255,0.327959,-43.31335553766094,-57.167808402238755,-31.197715999999925
122.956167,6,170.395,255,0.178621,-55.3924744293795,-63.447057306144224,-31.463650989999927
122.989533,6,170.392,255,0.0321267,-56.4827830210941,-64.45759990737358,-31.72957800999995
123.0229,6,170.393,255,0.0200434,-40.19188824317776,-56.10943331917006,-32.06421300000009
123.056267,6,170.205,255,1.38203,-23.57551075371472,-37.8222595687428,-32.430248990000095
123.089633,6,170.234,255,0.266538,-40.26007740918331,-52.32729307275636,-32.79627401000012
123.123,6,170.229,255,0.0582281,-57.445459688604394,-64.63319254905518,-32.54245999999986
123.156367,6,170.223,255,0.0693099,-34.690353927848506,-46.38978341273314,-32.00925533999994
123.189733,6,170.214,255,0.0790658,-19.233295734589568,-27.197849920826826,-31.47606665999997
123.2231,6,170.366,255,1.0737,-17.88142650862471,-24.721453235586402,-31.209435999999997
123.256467,6,170.319,255,0.308836,-17.985641922936438,-25.520918311630055,-31.061286519999996
123.289833,6,170.315,255,0.0400239,-18.807117551326893,-26.88486323352523,-30.913141479999982
123.3232,6,170.314,255,0.0429666,-36.982059097873076,-48.04049038742448,-30.684255999999994
123.356567,6,170.313,255,0.0781467,-46.05687694309574,-56.93288762791804,-30.419989360000027
123.389933,6,170.196,255,1.40316,-29.066385297986532,-46.48827444058352,-30.155730640000044
123.4233,6,170.231,255,0.278743,-20.448104364675892,-27.11044926877267,-29.926414000000044
123.456667,6,170.228,255,0.101826,-35.36021397861784,-45.38589064219128,-29.712197860000042
123.490033,6,170.232,255,0.0766124,-57.61314504302947,-65.10394697178185,-29.497988140000025
123.5234,6,170.232,255,0.0155859,-32.4923170859705,-46.00302831064591,-30.100197999999903
123.556767,6,170.302,255,1.91421,-20.061713326802266,-27.908527466488042,-31.05015648999991
123.590133,6,170.297,255,0.220116,-21.3324508923733,-27.304840847184664,-32.00008650999999
123.6235,6,170.287,255,0.074209,-29.81474023765292,-38.54391072199811,-31.857294999999805
123.656867,6,170.276,255,0.0920877,-42.91359130979337,-57.01283653883239,-31.25568798999989
123.690233,6,170.278,255,0.0656717,-33.479751733570914,-45.306678932689074,-30.654099009999925
123.7236,6,170.002,255,2.29261,-22.208974765058354,-32.12434397848312,-30.199755999999965
123.756967,6,170.0,255,0.0314833,-18.853481268457365,-24.91644140514703,-29.80635906999996
123.790333,6,169.997,255,0.0660503,-19.8279061537529,-26.21332994421851,-29.412973929999925
123.8237,9,169.987,255,0.177952,-22.179024982656188,-27.254447975718428,-29.154666999999982
123.857067,7,169.998,255,0.873079,-20.528046646603865,-26.26228934017724,-28.951461970000008
123.890433,7,170.132,255,2.33516,-19.79946853921139,-26.31461319758124,-28.74826303000002
123.9238,7,170.131,255,0.0326877,-19.869916581634232,-26.894891796231317,-28.620742000000014
123.957167,7,170.126,255,0.084197,-21.79336346772611,-28.130513726339625,-28.523644030000014
123.990533,7,170.126,255,0.0084592,-21.930297839504934,-29.031146414830744,-28.426548970000006
124.0239,9,170.122,255,0.0982932,-23.13957167093238,-30.096885802137564,-28.583029999999994
124.057267,9,170.264,255,1.9472,-23.837631655198248,-31.044409857129466,-28.839955899999996
124.090633,9,170.259,255,0.0870888,-24.26647974124601,-32.019408883700855,-29.096874100000015
124.124,9,170.248,255,0.207766,-32.65765272719456,-41.77709016030577,-29.125080000000004
124.157367,9,170.244,255,0.177946,-23.61492355510461,-34.092657143582436,-29.06401839000001
124.190733,9,170.245,255,0.0322548,-18.91301134995774,-25.573088345645637,-29.002958610000015
124.2241,9,170.631,255,1.1557,-20.938633080438805,-26.929460150846182,-28.77319699999995
124.257467,9,170.627,255,0.0189236,-20.99115349676561,-26.783329662885244,-28.478566389999948
124.290833,9,170.627,255,0.0266395,-19.863581093610573,-26.058170860310288,-28.183944609999926
124.3242,9,170.627,255,0.0263585,-19.11736708235676,-25.73231058038807,-27.985871999999976
124.357567,9,170.626,255,0.0338368,-18.16778359954064,-24.612841743636636,-27.824375719999995
124.390933,9,170.713,255,0.701539,-17.88433240770619,-24.723109655104736,-27.662884280000004
124.4243,9,170.71,255,0.0172472,-19.43796617105012,-26.207132718136855,-27.712797999999992
124.457667,9,170.708,255,0.0297526,-25.423342255553507,-31.335801949938265,-27.84159461999999
124.491033,9,170.711,255,0.0700955,-31.057739067313378,-38.023466694791786,-27.970387380000002
124.5244,9,170.715,255,0.0257541,-40.22924090807796,-51.16872682056084,-28.43053600000002
124.557767,9,170.626,255,0.570113,-58.0561829049365,-67.16488577513755,-29.012456480000026
124.591133,9,170.619,255,0.0305805,-58.882811818450236,-65.73773795185905,-29.594359520000076
124.6245,9,170.61,255,0.0669998,-54.36117369301233,-65.52802310617322,-30.835085000000053
124.657867,9,170.606,255,0.0736773,-56.91634435128667,-64.18696656504014,-32.314244109999855
124.691233,9,170.61,255,0.0618674,-47.80346710350102,-60.12043881535626,-33.79335888999977
124.7246,11,170.603,255,0.888285,-53.90248893643426,-59.49543352664727,-38.022797999999035
124.757967,11,170.601,255,0.0328928,-55.728973722507135,-63.2739361520565,-43.232387709999074
124.791333,11,170.601,255,0.0506402,-57.649839849529315,-64.30788366052641,-48.44182128999951
124.8247,10,170.661,255,0.861345,-56.53572401321731,-64.6253219630625,-45.665406999998694
124.858067,10,170.643,255,0.154678,-59.10885770646437,-66.20523472418337,-40.08677826999944
124.891433,10,170.597,255,0.525386,-29.933639968220287,-35.85893758020069,-34.50831672999976
124.9248,10,170.592,255,0.0281912,-25.514969484176977,-34.76259738616176,-31.748207999999977
124.958167,10,170.585,255,0.0798351,-16.830506502765417,-24.30458567038508,-29.96173881999996
124.991533,10,170.586,255,0.0367133,-15.748585867763571,-23.00994811193926,-28.175323179999815
125.0249,10,170.574,255,0.102139,-15.039397234648899,-22.355432064872975,-27.44536099999996
125.058267,10,170.621,255,0.467908,-15.27960804992265,-22.820367397271983,-27.074653629999958
125.091633,10,170.616,255,0.0279872,-15.186115479985006,-24.065102633355174,-26.703957369999923
125.125,10,170.609,255,0.123077,-15.977783939530514,-25.624694130830175,-26.61225
125.158367,9,170.609,255,0.168535,-17.857401053248108,-29.012356641698407,-26.61391835
125.191733,9,170.609,255,0.0201324,-34.6344444695544,-44.647682963671706,-26.61558665
125.2251,9,170.604,255,0.358266,-44.43009975180121,-56.86991146099733,-26.89209999999996
125.258467,9,170.599,255,0.0214909,-59.912792604134474,-69.64883534748887,-27.259136999999964
125.291833,9,170.599,255,0.0350911,-59.8613940096106,-67.45673488576449,-27.62616299999999
125.3252,9,170.595,255,0.13048,-52.28601294782704,-62.31724462860347,-29.055127999999787
125.358567,9,170.594,255,0.0231814,-41.78325473673989,-61.52165461425841,-30.82825037999955
125.391933,9,170.505,255,0.675724,-37.42254799072593,-53.09132744705963,-32.601319619999444
125.4253,9,170.501,255,0.0234288,-38.319344067922756,-50.73017280073084,-38.00473899999777
125.458667,9,170.5,255,0.0342361,-43.025651306194355,-53.63368613261234,-44.56569221000062
125.492033,9,170.498,255,0.0519835,-47.41101189832653,-57.15856461411896,-51.12644879000116
125.5254,11,170.5,255,0.201315,-47.08889783139602,-57.23213599020347,-53.040472000000086
125.558767,11,170.418,255,0.701227,-47.42059555847687,-57.05666498049942,-53.49693256000009
125.592133,11,170.414,255,0.0220454,-46.06482627092994,-56.97407190728432,-53.95337944000013
125.6255,11,170.409,255,0.078495,-48.76476518708104,-59.29453994149871,-54.10613500000001
125.658867,11,170.409,255,0.00913411,-53.14378453717028,-63.88212979056876,-54.16519459
125.692233,11,170.41,255,0.022895,-59.80498153939956,-67.44163139764701,-54.22425241
125.7256,11,170.451,255,0.969805,-62.47512866616668,-70.96372112702727,-55.67979199999992
125.758967,11,170.447,255,0.0641656,-66.77828832062858,-74.53036498007675,-57.55902143999994
125.792333,7,170.479,255,0.962511,-63.87525047642269,-69.53885748289133,-59.43819456000009
125.8257,10,170.456,255,0.0897678,-62.193181757839966,-68.43073040627196,-53.42212700000042
125.859067,10,170.445,255,0.156888,-64.7629606308226,-72.83826910733808,-45.050680370001544
125.892433,10,170.354,255,1.53342,-61.994019616697344,-69.40696039244395,-36.67948463000204
125.9258,10,170.352,255,0.0183127,-59.81271563659005,-69.88259254354514,-33.54105200000043
125.959167,10,170.349,255,0.0240115,-14.220185222472868,-30.44899575713858,-31.937433980000417
125.992533,10,170.355,255,0.0589876,-11.97853538642541,-21.972822137903293,-30.333864020000284
126.0259,10,170.354,255,0.019656,-15.63593165813494,-24.10966809337522,-29.813125000000035
126.059267,10,170.2,255,2.03649,-24.200948943612225,-34.995114664185124,-29.604581249999946
126.092633,10,170.197,255,0.0480132,-33.99393918379713,-46.01090480959124,-29.39604374999993
126.126,10,170.191,255,0.140904,-30.58396744002267,-42.27333079651267,-29.020059999999898
126.159367,10,170.187,255,0.136319,-24.202608855201245,-31.603611201613212,-28.596632769999953
126.192733,10,170.187,255,0.017551,-21.229967191675417,-26.660622446773125,-28.173218229999975
126.2261,10,170.321,255,1.7396,-19.982864781792564,-27.523315632915885,-28.007919999999995
126.259467,10,170.317,255,0.0909201,-19.307212065438453,-27.111381840716408,-27.914492399999997
126.292833,10,170.315,255,0.0585655,-19.987773294754547,-25.66554105292283,-27.82106759999999
126.3262,11,170.309,255,0.123158,-21.024944246238285,-25.871543168658988,-28.135312000000006
126.359567,10,170.314,255,0.122918,-27.31545047314105,-35.70737959407441,-28.561074919999953
126.392933,10,170.192,255,3.00302,-22.892757463413503,-27.464716166127616,-28.986825079999928
126.4263,10,170.187,255,0.0229243,-26.31387366593169,-32.335942857877946,-28.96285800000003
126.459667,10,170.186,255,0.00583876,-23.08157014456562,-33.524862487273786,-28.818045220000027
126.493033,10,170.186,255,0.0107997,-23.261212021655624,-33.190243470048,-28.673236780000014
126.5264,11,170.181,255,0.110986,-28.477360088686623,-41.991134999762366,-28.49120000000002
126.559767,10,169.717,255,3.56335,-21.427939991097677,-31.759987096845933,-28.29933975000002
126.593133,10,169.714,255,0.0446235,-17.722657969765173,-23.995529457741455,-28.107485250000003
126.6265,6,169.723,255,0.0986176,-18.179533133448878,-25.537475726492758,-28.12762499999999
126.659867,6,169.722,255,0.00917209,-19.50390599971874,-26.568594004781318,-28.202700750000012
126.693233,6,169.725,255,0.016722,-21.48238027449172,-28.64844976769498,-28.277774250000007
126.7266,10,169.33,255,3.19259,-21.499944673885736,-27.15726581057551,-28.175693999999986
126.759967,10,169.389,255,0.933944,-21.371237347332592,-27.880776300178084,-28.028545529999985
126.793333,10,169.37,255,0.0816309,-19.211759765855703,-26.87215676177756,-27.88140146999997
126.8267,10,169.371,255,0.140255,-18.379084464491722,-26.157195334271034,-27.864549
126.860067,10,169.366,255,0.230563,-20.034465345708675,-28.883811565977748,-27.88023149
126.893433,8,168.761,255,4.53996,-22.422332147517977,-29.164839662635032,-27.89591351
126.9268,8,168.757,255,0.0782932,-22.615146444756927,-28.095596720105057,-28.246059999999947
126.960167,8,168.759,255,0.0138672,-23.57464276533998,-29.541764563446232,-28.67816264999995
126.993533,8,168.77,255,0.0528537,-23.89804108986073,-29.53591708911071,-29.110252349999985
127.0269,8,168.775,255,0.237552,-24.51970514428351,-30.255553403037556,-29.585932999999986
127.060267,5,167.806,255,6.53768,-24.57163865143199,-30.902680148689473,-30.072090189999994
127.093633,5,167.798,255,0.0452854,-31.618061854731263,-40.66870983401209,-30.55823281000003
127.127,5,167.801,255,0.0775825,-36.19843131199073,-45.35065687362905,-31.26416999999997
127.160367,8,167.809,255,0.0741504,-33.73127268611879,-45.64265422097149,-32.021934569999864
127.193733,8,167.802,255,0.180414,-43.76867751363583,-55.57312945973216,-32.779676429999824
127.2271,5,167.531,255,8.06644,-50.82017635231833,-60.368007409272614,-32.447208000000145
127.260467,5,167.533,255,0.219643,-35.949531216450914,-47.485172816338206,-31.862618159999894
127.293833,5,167.531,255,0.0144217,-17.65034747874179,-25.566094890732387,-31.278045839999844
127.3272,5,167.554,255,0.152963,-18.285119402221838,-25.643576307490466,-31.324496000000032
127.360567,5,167.562,255,0.0195888,-19.43405840120974,-27.185637457179354,-31.514020560000006
127.393933,2,167.145,255,9.09991,-21.783371768163803,-30.22452034161515,-31.703539439999993
127.4273,2,167.137,255,0.0624164,-26.743741471803823,-32.58965567529104,-31.713157000000002
127.460667,2,167.145,255,0.156351,-32.075728578700364,-42.79420832858288,-31.68279303
127.494033,2,167.149,255,0.0109201,-38.06194062326025,-51.628043448741366,-31.652429969999996
127.5274,2,167.19,255,0.150818,-47.33145717151216,-59.5526626731064,-31.45876199999999
127.560767,2,167.97,255,8.26725,-46.716450878603794,-59.292077927916715,-31.229530709999988
127.594133,2,167.971,255,0.0564312,-20.05297478888224,-26.877000957908788,-31.00030628999997
127.6275,2,168.012,255,0.136396,-22.231452010218824,-29.90058713762707,-32.176050000000046
127.660867,2,168.015,255,0.00998264,-37.38829334552185,-46.53035837608478,-33.65153873999985
127.694233,2,168.027,255,0.0280024,-64.21620933436265,-71.7344231820634,-35.12698325999976
127.7276,9,169.043,255,6.47625,-35.68583214297017,-47.9431196527444,-35.257800000000024
127.760967,9,169.014,255,0.154733,-39.122025924670396,-50.06318929255099,-35.107648500000025
127.794333,9,169.016,255,0.0223958,-23.49630445291347,-30.551546748043513,-34.95750150000001
127.8277,9,169.036,255,0.117939,-24.219835142688968,-32.73875704237307,-34.103216000000195
127.861067,9,169.047,255,0.169897,-49.16331372639202,-57.17157047288697,-33.10487535999991
127.894433,9,168.975,255,4.95484,-40.49265892668064,-55.34949361159485,-32.10656463999997
127.9278,9,168.962,255,0.117237,-18.774361996296935,-26.85158986996639,-31.63336599999999
127.961167,9,168.962,255,0.0249338,-19.910624240367444,-27.095002970657074,-31.26532798999999
127.994533,9,168.963,255,0.0462804,-19.10551421862812,-28.83066658500931,-30.897301009999957
128.0279,9,168.973,255,0.099554,-17.27236020919658,-27.46826418875922,-30.682713000000057
128.061267,9,168.154,255,4.07446,-18.318999966811617,-28.138412166080776,-30.498193490000055
128.094633,9,168.149,255,0.103712,-17.516304006468488,-26.9917225592948,-30.31367951000004
128.128,9,168.172,255,0.261793,-28.60749,-37.313735,-30.268040000000003
128.161367,9,168.171,255,0.016097,-43.72809154270231,-53.141630528640746,-30.249020809999987
128.194733,9,168.195,255,0.122475,-37.39086434312559,-48.737051087745904,-30.230002189999986
128.2281,9,168.049,255,3.28885,-23.762206564216743,-33.05100267882249,-30.364409000000084
128.261467,9,168.052,255,0.0222515,-20.878748895092144,-31.64842566854093,-30.527573630000038
128.294833,9,168.065,255,0.0438368,-23.034038866881062,-29.89247211483962,-30.690733370000007
128.3282,9,168.096,255,0.143102,-23.50167223859731,-28.930130724558158,-30.78227
128.361567,9,168.099,255,0.0079503,-24.114243372364104,-29.4907474859854,-30.860682450000002
128.394933,9,167.929,255,2.26822,-23.77008126264454,-28.979702268738382,-30.93909255000001
128.4283,9,167.926,255,0.0862533,-23.008437689026355,-28.18699030586414,-30.638001999999965
128.461667,9,167.931,255,0.0684679,-22.623824419022228,-27.996956899732837,-30.268962979999962
128.495033,9,167.938,255,0.103581,-22.381371387662394,-27.582584944593027,-29.89993501999993
128.5284,9,167.97,255,0.164191,-22.791389591009267,-27.70989102334399,-29.648755999999956
128.561767,9,168.077,255,1.7708,-22.01862274194861,-27.747186417709315,-29.418190029999952
128.595133,9,168.076,255,0.0246897,-21.383995538133494,-27.774651239769735,-29.187630969999933
128.6285,9,168.111,255,0.139116,-22.555516074109672,-28.84335730201985,-29.085029999999975
128.661867,9,168.111,255,0.00950304,-21.77311867066646,-28.277185549451612,-29.004281859999974
128.695233,7,168.268,255,1.26955,-21.94581723817558,-28.306544527726953,-28.923536139999968
128.7286,7,168.245,255,0.5314,-22.327294872598173,-28.50215268140071,-28.915146
128.761967,7,168.242,255,0.0268913,-20.89006638967796,-28.143549472788628,-28.91881637
128.795333,8,168.231,255,0.0950304,-21.23387568997847,-28.178426119433787,-28.922486629999998
128.8287,8,168.239,255,0.144807,-20.942402662916475,-28.166275837013025,-29.079127999999933
128.862067,8,168.238,255,0.0143717,-21.52843162810555,-29.026385197806455,-29.260644479999936
128.895433,8,168.177,255,1.24553,-23.193328034735554,-29.909540552524554,-29.44215551999995
128.9288,8,168.174,255,0.0418273,-21.197225236386327,-30.008116766663935,-29.849463999999884
128.962167,8,168.172,255,0.0240538,-18.203569054561687,-30.563867457646,-30.29257775999989
128.995533,8,168.174,255,0.0933691,-36.5695723696344,-49.266376326416875,-30.735678239999928
129.0289,8,168.177,255,0.0586925,-47.32688227046722,-55.55548471667749,-30.53894600000005
129.062267,8,168.096,255,1.47306,-58.11907599268823,-66.8355053270838,-30.243314380000044
129.095633,8,168.091,255,0.0230404,-52.62386014353506,-64.57151533727215,-29.94769162000002
129.129,8,168.091,255,0.0623513,-20.994816635369688,-35.452549341659925,-29.46588000000003
129.162367,8,168.087,255,0.0710384,-16.528325119676044,-25.310791375009476,-28.956032240000027
129.195733,8,168.09,255,0.0866211,-14.7170062998154,-24.310831088359244,-28.446199759999985
129.2291,8,168.049,255,1.9,-14.739934838468852,-24.1778654739161,-27.984658000000096
129.262467,8,168.046,255,0.104628,-14.627743527065416,-24.65003955425564,-27.53019946000022
129.295833,8,168.048,255,0.0525705,-21.007017920310915,-28.077209984530967,-27.07575454000031
129.3292,8,168.043,255,0.142589,-18.497555103410683,-26.76243428406854,-26.96848400000004
129.362567,8,168.044,255,0.01338,-13.874944671916658,-23.178442670931275,-26.910759089999992
129.395933,8,168.087,255,1.98038,-21.375309245881166,-31.248656458510858,-26.853035909999985
129.4293,8,168.084,255,0.0308843,-56.33695414146858,-67.1007122868771,-26.978729000000037
129.462667,8,168.084,255,0.0843381,-29.956645275487745,-43.277478176626786,-27.129881510000036
129.496033,8,168.083,255,0.17758,-26.45901940283059,-37.90689248092257,-27.281029490000048
129.5294,8,168.086,255,0.181513,-20.22566439262899,-29.67792405343377,-27.661208000000137
129.562767,8,168.027,255,2.22014,-19.111700608606306,-27.992588653604507,-28.07228944000014
129.596133,8,168.023,255,0.033112,-20.9580130364235,-29.18486296414114,-28.483358560000177
129.6295,8,168.018,255,0.0940799,-22.29400432591158,-28.616701970141598,-28.963175000000213
129.662867,8,168.057,255,1.07802,-21.79321128800413,-28.240737954436415,-29.45200155000022
129.696233,8,168.023,255,0.1125,-20.81216687287941,-28.151969126277272,-29.940813450000256
129.7296,8,168.138,255,2.17263,-18.130941458819734,-27.13589971635493,-30.024120000000007
129.762967,8,168.126,255,0.0950401,-19.53281126549154,-28.792733948345216,-30.05581865
129.796333,8,168.119,255,0.10705,-31.66452728884978,-39.28941549833745,-30.087516349999994
129.8297,8,168.117,255,0.102855,-38.067331529623225,-53.01284796733074,-30.352062999999937
129.863067,8,168.119,255,0.133107,-27.84055511010945,-38.6001683794101,-30.64535892999994
129.896433,8,168.026,255,1.7508,-23.4854172957714,-34.348139655573306,-30.93864606999996
129.9298,8,168.019,255,0.0809451,-24.70830928224057,-35.12565291586,-31.17621599999997
129.963167,8,168.016,255,0.0281695,-26.627317378607362,-43.07647921412087,-31.407115639999976
129.996533,8,168.009,255,0.10922,-55.086316573092866,-66.57179265719077,-31.638008359999994
130.0299,8,168.008,255,0.014107,-63.845528857033564,-73.62970648966711,-32.32308899999999
130.063267,8,168.019,255,1.30413,-26.32929139995029,-36.54758420546411,-33.06083336999999
130.096633,8,168.013,255,0.0353971,-23.145590811185755,-33.788167330990746,-33.79855563000005
130.13,8,168.003,255,0.195796,-28.229514871184392,-40.85171625200307,-32.897399999999905
130.163367,8,168.0,255,0.137798,-27.092660209954925,-37.11593393123143,-31.812305159999898
130.196733,8,168.002,255,0.110693,-16.665259898605,-25.56177584952604,-30.727242839999807
130.2301,8,167.935,255,0.554651,-15.226497981437252,-24.74122879271207,-30.531904000000004
130.263467,8,167.935,255,0.011569,-26.80963351026653,-37.6332313170533,-30.433137680000033
130.296833,8,167.93,255,0.153559,-25.29784206581354,-37.5210856811976,-30.33437432000005
130.3302,8,167.93,255,0.00901259,-19.21468084039466,-27.002593295301203,-30.322584000000003
130.363567,9,167.93,255,0.150438,-31.572736495425715,-40.315841467394435,-30.31991464
130.396933,9,168.078,255,0.964776,-35.59541419658901,-44.54428474107198,-30.31724536
130.4303,9,168.073,255,0.0779883,-25.364446438334962,-30.634708888576316,-29.67373100000033
130.463667,9,168.071,255,0.0152474,-23.79661541698811,-29.654176870160846,-28.965349590000326
130.497033,9,168.073,255,0.0703396,-19.928453150144925,-26.614314988563912,-28.256989410000266
130.5304,9,168.079,255,0.134198,-18.01629157241973,-24.752076914315722,-27.986976000000084
130.563767,9,168.015,255,0.977332,-17.867050975671237,-25.49303285482602,-27.75974672999989
130.597133,9,168.078,255,0.709766,-13.647636483731057,-26.127794057936057,-27.532524269999872
130.6305,6,168.1,255,1.12415,-11.707614946983895,-23.6220280798308,-27.52550500000001
130.663867,9,168.079,255,0.0827691,-12.766396148589934,-25.087817584419497,-27.539185470000007
130.697233,9,168.079,255,0.0207617,-19.138323508421596,-28.68973702705354,-27.55286553000001
130.7306,9,168.22,255,2.19185,-25.18961614957331,-35.800854380565994,-27.64151600000004
130.763967,9,168.211,255,0.0585764,-24.013010917451915,-35.673075259175974,-27.736945620000014
130.797333,9,168.207,255,0.0950315,-38.13634019031972,-49.68688084446981,-27.832372379999995
130.8307,9,168.209,255,0.0631912,-58.535256708200535,-66.05217495190695,-28.25874799999997
130.864067,9,168.205,255,0.0677832,-37.40295666360963,-47.86839089044064,-28.713873879999973
130.897433,9,168.26,255,1.42041,-18.449360716635294,-27.499391036561985,-29.16898612000001
130.9308,9,168.255,255,0.0644423,-21.353649024471647,-29.342618158068127,-29.80829600000002
130.964167,9,168.245,255,0.118038,-33.070091665643176,-40.698114591766284,-30.462956540000025
130.997533,9,168.24,255,0.144901,-22.28671201659529,-30.36656705695613,-31.11759746000008
131.0309,9,168.247,255,0.134693,-19.43076160448084,-26.485775646901516,-31.199990000000003
131.064267,9,168.247,255,0.62806,-21.65350998542144,-30.186069694791566,-31.236693700000004
131.097633,9,168.243,255,0.0238759,-28.595405995218574,-39.587324560513316,-31.27339630000001
131.131,9,168.237,255,0.0528754,-24.592795871279193,-35.19046988407644,-30.872999999999898
131.164367,9,168.238,255,0.00995334,-25.562034123277574,-35.2510925549828,-30.439228999999894
131.197733,9,168.235,255,0.0577897,-31.35712410627029,-44.60207074692297,-30.005470999999858
131.2311,9,168.24,255,0.116161,-20.16713847862564,-27.5022829468454,-29.929349999999996
131.264467,9,168.234,255,0.159913,-21.981992855294685,-26.749965216003346,-29.87929950000001
131.297833,9,168.238,255,0.184666,-21.999687489453365,-26.721873174557096,-29.829250500000022
131.3312,9,168.236,255,0.0368728,-23.233903570429845,-28.89084564997763,-29.974823999999934
131.364567,9,168.236,255,0.0184136,-26.016906760851096,-34.50142862154233,-30.133984589999933
131.397933,9,168.22,255,0.73056,-22.896798652603998,-30.474936503164173,-30.29314040999995
131.4313,9,168.218,255,0.0104167,-21.84833094182995,-29.468786807912284,-30.233201000000022
131.464667,9,168.217,255,0.0172352,-20.965526247644288,-30.111338784699782,-30.158792590000022
131.498033,9,168.216,255,0.0389572,-19.652306427393345,-29.830338262867112,-30.084386410000015
131.5314,9,168.216,255,0.0299946,-21.318898482915394,-30.741416094783244,-30.44894999999991
131.564767,9,168.14,255,1.17265,-21.570033592600705,-30.967169851779122,-30.841012249999913
131.598133,8,168.158,255,1.10628,-24.566346971733832,-30.608475017015998,-31.23306274999995
131.6315,8,168.122,255,0.13111,-27.239573698070807,-33.537534317955334,-31.70859999999994
131.664867,8,168.121,255,0.0246506,-40.46973886082188,-49.503723496924394,-32.18908479999995
131.698233,8,168.125,255,0.0813976,-53.65236945155664,-61.06866284095334,-32.669555199999984
131.7316,8,167.93,255,3.94019,-49.53908237533302,-60.14411131823812,-32.152112000000166
131.764967,8,167.924,255,0.0308388,-42.442451905730174,-53.9010183933783,-31.578866939999838
131.798333,8,167.918,255,0.0455664,-19.35144158423135,-26.037809148963564,-31.005639059999954
131.8317,8,167.914,255,0.129654,-17.873565533258414,-24.60839037350629,-31.36088700000003
131.865067,8,167.911,255,0.0889399,-23.25429570947952,-32.84533437386619,-31.764961370000037
131.898433,8,168.317,255,5.56054,-47.7704003199466,-56.75494743516454,-32.16902363000007
131.9318,8,168.308,255,0.0501714,-64.70842124050698,-71.2689987772085,-32.159062
131.965167,8,168.303,255,0.0570692,-63.75420049191402,-70.48871143008554,-32.128698029999995
131.998533,8,168.299,255,0.0486003,-66.76789619105828,-72.66166490944161,-32.098334969999996
132.0319,8,168.295,255,0.202115,-67.86428655379005,-74.6106394928045,-31.54736299999984
132.065267,8,168.422,255,5.23377,-23.83196288769135,-33.74210443442469,-30.972449589999837
132.098633,8,168.414,255,0.0491829,-22.964379070360636,-28.55944793624926,-30.397553409999787
132.132,8,168.402,255,0.290286,-22.923926688009363,-29.19806758727819,-31.11928000000029
132.165367,8,168.401,255,0.00256185,-22.0488187183236,-27.153930766839686,-31.8963974300003
132.198733,8,168.397,255,0.0252637,-22.461763096653726,-27.280582439205787,-32.673491570000365
132.2321,8,168.655,255,6.05121,-32.4111938730203,-42.11167137463946,-32.569142999999976
132.265467,8,168.649,255,0.191795,-36.67257861788803,-47.096294816913634,-32.43000261000001
132.298833,8,168.646,255,0.0283398,-27.74269712923681,-39.996994613417435,-32.29086639000004
132.3322,8,168.642,255,0.0640137,-29.048319399240217,-39.73257648825735,-31.52543600000022
132.365567,8,168.642,255,0.00887587,-31.75036865358798,-42.343842412927856,-30.737307460000213
132.398933,8,167.969,255,5.78265,-20.135426578540155,-27.117897887076268,-29.949202540000147
132.4323,8,167.967,255,0.0245681,-18.36806502920355,-26.211708602212553,-30.157528999999958
132.465667,8,167.966,255,0.0242394,-18.280654863122987,-26.650045356255994,-30.398772409999957
132.499033,8,167.961,255,0.0866547,-23.011119864906163,-30.77661339900762,-30.64000858999998
132.5324,8,167.969,255,0.116235,-23.776691078282322,-30.853027045656777,-30.605204000000004
132.565767,6,167.549,255,5.84871,-24.52118146751632,-30.64232910912121,-30.562160570000003
132.599133,6,167.514,255,0.231264,-26.788403386957704,-34.835155792478204,-30.51911843
132.6325,6,167.497,255,0.0971799,-32.70737957162435,-45.80779011953029,-30.20372499999999
132.665867,7,167.497,255,0.117818,-22.43526228519469,-31.351661231428903,-29.88106610999999
132.699233,7,167.49,255,0.169308,-20.002209445579748,-26.597404084465953,-29.55841688999996
132.7326,7,167.835,255,3.99006,-22.536224222519166,-29.604285070173027,-30.334377999999873
132.765967,7,167.831,255,0.0341764,-24.472196304865324,-30.80785467722892,-31.136187009999652
132.799333,7,167.83,255,0.0156586,-24.351258982796946,-30.453536223597492,-31.937971989999493
132.8327,7,167.828,255,0.0294249,-34.525567664792725,-46.72735706223057,-32.127963999999885
132.866067,8,167.817,255,0.211294,-50.159252400382904,-60.20718352834873,-32.305476439999886
132.899433,8,167.668,255,3.07432,-34.50570884906411,-47.642742207180014,-32.4829835599999
132.9328,8,167.663,255,0.0326411,-29.97004468415268,-39.11629328041391,-32.481736
132.966167,8,167.657,255,0.0388466,-23.6628031663022,-30.11428358422692,-32.47739829
132.999533,8,167.647,255,0.0810948,-22.588377170863094,-29.833176314301767,-32.47306071
133.0329,8,167.647,255,0.0296267,-23.64746614249557,-30.303327148636008,-33.31951700000036
133.066267,8,168.357,255,4.32466,-27.850951069141633,-36.0075873311301,-34.17804991000037
133.099633,8,168.34,255,0.174723,-30.527654065110077,-39.72344244578782,-35.036557090000436
133.133,8,168.306,255,0.108823,-29.249695890310747,-39.65090282023224,-34.737119999999834
133.166367,8,168.293,255,0.11992,-34.4915093056743,-47.1897922335318,-34.42480487999983
133.199733,8,168.275,255,0.160269,-25.700774800118353,-34.90719949683069,-34.11249911999981
133.2331,8,169.131,255,5.19025,-24.406180071956086,-30.95527893864108,-34.31025500000007
133.266467,8,169.128,255,0.0611968,-26.414360542586863,-32.52937159640017,-34.51212535000001
133.299833,8,169.106,255,0.0787261,-26.239145149861763,-33.126880614306025,-34.713989649999974
133.3332,8,169.061,255,0.118678,-31.09956299160801,-39.049502317488084,-34.616064000000016
133.366567,8,169.051,255,0.0487109,-31.899363592790912,-42.4829902242537,-34.51663034000001
133.399933,8,168.39,255,5.18751,-27.34310172016459,-37.556459169494,-34.41719966000001
133.4333,8,168.372,255,0.157909,-23.082852204847164,-30.154262903530114,-34.06934800000001
133.466667,8,168.35,255,0.103015,-24.86060127467913,-31.099117822912447,-33.72099652000001
133.500033,8,168.309,255,0.161373,-24.47381568372882,-32.85826593320204,-33.373338910000015
133.5334,5,168.333,255,1.56387,-24.166884637527122,-31.113566758601483,-33.71601800000002
133.566767,5,168.569,255,4.08377,-27.69634871016577,-33.84819947841277,-34.058697090000024
133.600133,5,168.5,255,0.442509,-27.560386516921298,-35.24701299999854,-34.39982842999999
133.6335,5,168.478,255,0.231753,-56.64297553199104,-65.31104666572772,-34.356784999999995
133.666867,5,168.431,255,0.634135,-40.17992963954973,-52.954235366087914,-34.31374156999999
133.700233,5,168.434,255,0.127054,-26.821904692167163,-40.91338033230228,-34.27324146000008
133.7336,5,168.274,255,4.02937,-21.918633142448524,-31.61422989092517,-34.59423199999999
133.766967,5,168.228,255,0.255503,-31.293719237753017,-43.6738135992123,-34.9152225399999
133.800333,5,168.197,255,0.322114,-32.570752425514435,-45.73064012186879,-35.22989977000015
133.8337,5,168.172,255,0.306961,-24.039610703749368,-35.461489236869006,-34.91925300000015
133.867067,5,168.139,255,0.278362,-23.17410351174071,-32.1496614360386,-34.60860623000015
133.900433,5,168.559,255,4.8916,-25.013693019453868,-30.845253087142527,-34.29392455000025
133.9338,5,168.55,255,0.0406684,-24.98727430591099,-30.607609973187195,-33.67163000000024
133.967167,5,168.545,255,0.0443544,-24.70620580480964,-30.30332134102099,-33.049335450000235
134.000533,5,168.541,255,0.0674306,-23.916684209300175,-29.169560350255495,-32.43003902000012
134.0339,5,168.531,255,0.0874772,-23.984348467304155,-29.52461513964277,-31.994266000000124
134.067267,5,169.238,255,5.67381,-24.638058375849383,-30.05089106961096,-31.55849298000012
134.100633,5,169.222,255,0.178592,-23.884942991422722,-28.853994830029677,-31.131183569999997
134.134,5,169.172,255,0.394106,-24.091999385974347,-29.097355085360523,-31.14086
134.167367,5,169.171,255,0.0149034,-23.956713071341586,-28.891987730196153,-31.150536430000006
134.200733,5,169.167,255,0.0471463,-24.874130095064817,-30.107654455820427,-31.169228470000316
134.2341,5,169.216,255,5.71645,-28.5423268088539,-35.25324502812988,-31.5893190000002
134.267467,5,169.211,255,0.0362956,-52.13774033021437,-61.41389768459597,-32.00940953000008
134.300833,5,169.206,255,0.0435428,-61.46587390400255,-69.5737125795449,-32.43742596
134.3342,5,169.201,255,0.0598242,-56.72904331078625,-65.78217566277611,-33.175504000000004
134.367567,5,169.198,255,0.0810579,-53.95238573985205,-64.55649476778855,-33.913582040000016
134.400933,5,168.132,255,6.88383,-52.27819209618915,-61.6409986156659,-34.68957374000022
134.4343,5,168.12,255,0.147993,-51.811507073169004,-61.78282784761412,-36.784354000000235
134.467667,5,168.105,255,0.228838,-49.46763865382192,-59.848733354848804,-38.87913426000025
134.501033,5,167.849,255,1.46546,-50.80613721196471,-60.083666954440034,-41.10414403000128
134.5344,5,167.825,255,0.118979,-50.56001714231542,-60.08306317962782,-47.40750400000133
134.567767,5,167.426,255,6.51873,-50.943839205493255,-60.96685524111827,-53.71086397000138
134.601133,5,167.412,255,0.130381,-50.95105045150751,-60.60319328566152,-59.78802418999989
134.6345,5,167.401,255,0.0520041,-49.12016151893716,-59.7401858661291,-59.43533499999989
134.667867,5,167.39,255,0.0955143,-50.40652546285086,-59.29480116537761,-59.08264580999989
134.701233,5,167.372,255,0.232061,-49.087365200956334,-58.22608026930122,-58.7522598300001
134.7346,5,166.988,255,7.22817,-50.757872546430576,-59.928586628650486,-59.002846000000034
134.767967,5,166.984,255,0.0465614,-51.043922623166125,-60.77109208353245,-59.25343216999996
134.801333,5,166.978,255,0.0437999,-50.645670066797514,-62.762936778700855,-59.12590538000322
134.8347,5,166.97,255,0.0419477,-52.44995949285206,-64.11108920531584,-49.911942000003144
134.868067,5,166.96,255,0.0807606,-59.666694111656355,-68.61533304851376,-40.69797862000307
134.901433,5,167.009,255,7.63958,-45.84217568505261,-57.84594503057295,-31.816733050000366
134.9348,5,166.998,255,0.127097,-20.35709595017456,-29.53646419593404,-30.343580000000355
134.968167,5,166.982,255,0.139314,-15.80157039080381,-22.241980117283596,-28.870426950000343
135.001533,5,166.963,255,0.182993,-12.967783299709408,-20.13913463916756,-27.44704857000006
135.0349,5,166.962,255,0.00938043,-13.970486317817532,-22.32585093432723,-27.056321000000057
135.068267,5,168.284,255,8.02291,-25.47066753238943,-36.067962692884635,-26.66559343000005
135.101633,5,168.274,255,0.10967,-26.15491583096445,-38.75830291505885,-26.289574570000006
135.135,5,168.19,255,0.444874,-16.492155960203963,-25.294519002203756,-26.199150000000003
135.168367,5,168.189,255,0.0188433,-16.82143414447135,-25.04211449772765,-26.108725430000003
135.201733,5,168.162,255,0.213893,-18.828888173429657,-27.006497446513965,-26.034021880000008
135.2351,5,168.194,255,7.60354,-51.0044968499016,-61.15816306304544,-26.246235999999946
135.268467,5,168.186,255,0.0307791,-43.691422540364115,-59.84612333130506,-26.45845011999989
135.301833,5,168.176,255,0.0529308,-22.10751775652698,-29.43696303961014,-26.718627489999236
135.3352,3,168.172,255,0.065255,-23.355957112777762,-28.532243171557162,-27.804055999999246
135.368567,5,168.154,255,0.103523,-23.091748148080438,-28.123037088970133,-28.889484510000177
135.401933,6,168.243,255,7.86891,-31.728531493674318,-45.033467524425326,-29.950234740000163
135.4353,6,168.23,255,0.151446,-38.60562871612056,-48.87212956466499,-30.61023400000017
135.468667,6,168.067,255,1.16668,-40.55448365827531,-50.35076554141435,-31.270233260000175
135.502033,8,168.033,255,0.102389,-39.9668677061366,-51.30099097801683,-31.888820859999996
135.5354,8,168.029,255,0.0225727,-25.987323048328186,-30.896835150282214,-31.869467999999994
135.568767,0,168.642,255,6.14073,-23.7393899040907,-28.002400044155447,-31.850115139999993
135.602133,4,168.626,255,0.116696,-25.06163398017354,-29.40227335728816,-31.812589699999865
135.6355,4,168.601,255,0.166651,-28.106376853747484,-32.32867981535611,-31.508949999999864
135.668867,7,168.583,255,0.15157,-27.130823557868396,-32.22972494135873,-31.20531029999986
135.702233,8,168.575,255,0.132117,-22.733130071435234,-27.685203634948824,-30.862758509999534
135.7356,7,168.875,255,5.64473,-22.444148785402948,-26.738518851357092,-29.977531999999776
135.768967,8,168.868,255,0.0321159,-21.849387775663025,-25.826868346114246,-29.09230549000002
135.802333,8,168.862,255,0.032589,-21.122464646181957,-26.78360919505048,-28.265477170000008
135.8357,8,168.849,255,0.0706348,-20.91064649896681,-27.937395444969166,-28.215093000000007
135.869067,6,168.842,255,0.0862782,-15.60663056869789,-22.64970076121691,-28.16470883000001
135.902433,8,169.363,255,4.50091,-16.775368114370533,-25.533346315268147,-28.11692948
135.9358,8,169.356,255,0.0286806,-40.30600194397648,-53.11460469380045,-28.102248
135.969167,8,169.34,255,0.117083,-33.339409719132775,-44.84257065116545,-28.087566520000003
136.002533,8,169.324,255,0.111507,-50.422426868888756,-60.573390357286996,-28.09102176
136.0359,8,169.308,255,0.125046,-23.632339028920352,-32.24678347478083,-28.315248
136.069267,5,170.341,255,4.21424,-21.604912452257203,-28.21966551253946,-28.53947424
136.102633,5,170.333,255,0.0909918,-20.776974710039575,-28.55060028302214,-28.82159343000009
136.136,9,170.254,255,0.340082,-21.790985999156202,-29.093777117892447,-29.779560000000096
136.169367,9,170.252,255,0.0278027,-23.265988890878464,-30.490861580762694,-30.737526570000107
136.202733,9,170.239,255,0.0755284,-36.12785111043313,-44.989894571032,-31.614212339999995
136.2361,9,170.282,255,3.9491,-55.54551663391205,-63.040149301981955,-31.580178000000004
136.269467,9,170.28,255,0.0194846,-24.007760268037682,-36.82417404247274,-31.546143660000013
136.302833,9,170.278,255,0.0139605,-18.21279393573334,-25.14927338170897,-31.53653079999986
136.3362,9,170.274,255,0.0280382,-24.8695734608349,-37.47359824342493,-31.79011999999986
136.369567,10,170.25,255,0.0876161,-43.06388797792187,-54.8742673240052,-32.04370919999986
136.402933,10,170.549,255,4.56516,-41.2257423753383,-53.76654334088244,-32.33861676999967
136.4363,10,170.531,255,0.822845,-33.700543325429095,-43.86089670934687,-33.062346999999676
136.469667,10,170.512,255,0.0820649,-25.38996078838699,-34.66670138105497,-33.786077229999684
136.503033,10,170.5,255,0.0262218,-58.14394538123592,-67.69327893488608,-34.399293580000176
136.5364,10,170.499,255,0.0354427,-30.484005542278407,-45.481765751005995,-33.907464000000175
136.569767,6,172.24,255,2.96194,-37.19464485483147,-47.81736100707779,-33.41563441999975
136.603133,6,172.234,255,0.0253266,-36.54683970786906,-45.908599747336005,-33.01975204000031
136.6365,8,172.225,255,0.0672537,-21.298828253355964,-31.59335553325286,-33.54962000000032
136.669867,9,172.22,255,0.0482878,-18.832333893690787,-27.902405015093244,-34.07948796000032
136.703233,10,172.197,255,0.109561,-21.264729335771232,-29.819586832419528,-34.58441361000018
136.7366,10,172.712,255,0.649736,-24.111932705962193,-34.71920901654613,-34.85702200000011
136.769967,10,172.714,255,0.0591363,-24.96705548160412,-36.79667824544413,-35.12963039000003
136.803333,9,172.699,255,0.119759,-45.949667980231894,-56.673538737988586,-35.37490001
136.8367,9,172.702,255,0.0170562,-58.055912536341026,-67.58115122176625,-35.373899
136.870067,9,172.699,255,0.0403733,-39.392332320609206,-59.080654834812414,-35.37289799
136.903433,10,172.738,255,0.193652,-36.590017082452434,-48.009422597476856,-35.29973534999997
136.9368,10,172.731,255,0.0686784,-42.25364546273359,-54.68907786608034,-34.597359999999966
136.970167,9,172.72,255,0.119401,-59.86271955800701,-71.65114667247909,-33.89498464999996
137.003533,10,172.719,255,0.0284831,-53.57172791585837,-63.24391131167671,-33.19630466999991
137.0369,10,172.719,255,0.0119813,-33.5046330798712,-41.515380590348286,-32.528630999999905
137.070267,10,172.716,255,0.0357248,-17.55640388679782,-24.38060260188791,-31.860957329999895
137.103633,10,172.715,255,0.0207986,-37.74862202489834,-50.08618390930469,-31.191523499999835
137.137,10,172.718,255,0.129171,-44.6132997015769,-56.576810899723924,-30.50749999999983
137.170367,10,172.711,253,0.162615,-16.171844126994813,-26.036852855119232,-29.823476499999828
137.203733,10,172.708,254,0.104083,-16.658071999997112,-23.599911709461818,-29.12722925999976
137.2371,10,172.702,254,0.235701,-20.620943744995948,-26.976085959405523,-28.333761999999975
137.270467,10,172.699,254,0.0183409,-22.458600968594183,-32.79465333534908,-27.540294740000196
137.303833,10,172.692,254,0.100688,-18.65828014033946,-30.37684509252872,-26.845206039999976
137.3372,10,172.692,254,0.00999783,-15.638133739277015,-24.241499869732152,-26.907935999999975
137.370567,10,172.692,255,0.200093,-14.662298661854454,-21.823451092715906,-26.970665959999977
137.403933,11,172.665,255,1.08154,-17.33176510036174,-24.201791067642578,-27.028910419999992
137.4373,11,172.646,255,0.0957628,-41.95301060202996,-51.224535059327415,-27.053601999999994
137.470667,11,172.645,255,0.0161057,-51.831699655744394,-60.44097038020984,-27.078293579999993
137.504033,11,172.643,255,0.023967,-18.842219728696534,-27.676739640764126,-27.122867109999962
137.5374,11,172.644,255,0.0887891,-20.82455886316705,-28.056205811088535,-27.31205799999996
137.570767,11,172.606,255,0.410802,-23.434882092342406,-30.665506776133054,-27.501248889999964
137.604133,11,172.603,255,0.0175109,-27.657632131158643,-35.95339644035081,-27.634886590000033
137.6375,11,172.602,255,0.0824436,-26.819856571435217,-33.64008521111851,-27.375625000000028
137.670867,12,172.596,255,0.130299,-19.92914296597086,-26.12714689270239,-27.116363410000027
137.704233,12,172.595,255,0.0358832,-13.4718662100898,-19.281791404337504,-26.833489450000023
137.7376,12,172.614,252,0.462066,-16.98657940232702,-25.855381683015707,-26.388040000000146
137.770967,12,172.617,254,0.154998,-22.485062477148844,-34.53308078259061,-25.94259054999989
137.804333,12,172.616,254,0.0259332,-28.04862866460838,-39.16114492392506,-25.49355805999996
137.8377,12,172.617,254,0.0647103,-21.43197365784704,-29.82963208254253,-25.020413999999956
137.871067,12,172.622,254,0.0287869,-11.738722652648615,-20.05109542839329,-24.547269939999953
137.904433,12,172.669,255,0.545754,-10.41585357502555,-18.380291914781456,-24.147860850000015
137.9378,12,172.667,255,0.0127637,-16.856983598751466,-27.497403778429174,-24.229610000000015
137.971167,12,172.668,255,0.0164735,-43.61120800168615,-53.48824425195579,-24.31135915000002
138.004533,12,172.672,254,0.0498687,-32.62663573036875,-47.93703088712176,-24.434809450000113
138.0379,12,172.681,254,0.0652365,-42.35753450532232,-54.58192271129414,-24.823535000000113
138.071267,12,172.64,252,0.503121,-42.73695746235446,-54.13712504321235,-25.212260550000117
138.104633,12,172.638,252,0.013686,-18.6454377771022,-27.7312821885258,-25.631320600000233
138.138,12,172.641,254,0.105241,-22.752493522559803,-32.834918320723645,-26.23860000000024
138.171367,12,172.64,254,0.00538194,-58.201796927640416,-67.20305811443765,-26.845879400000243
138.204733,12,172.639,254,0.0156706,-24.952715651167725,-37.51736086087941,-27.555941360000592
138.2381,12,172.184,255,1.26643,-34.40737325870434,-43.81713705835825,-28.887952000000222
138.271467,12,172.081,252,0.427712,-28.070197116998415,-37.79789123596362,-30.219962639999856
138.304833,12,172.075,252,0.182885,-21.87587090170158,-28.507419576759013,-31.31675958000008
138.3382,12,171.886,251,0.481717,-20.90826219607203,-28.60943025489833,-31.025132000000077
138.371567,8,171.554,251,1.34448,-21.015146659822864,-29.683981947968068,-30.733504420000074
138.404933,8,171.443,252,0.610468,-21.807706654354877,-30.536414822724463,-30.56323737999991
138.4383,8,171.326,252,0.23306,-23.810038412881415,-30.857604202221555,-31.092437999999913
138.471667,8,171.159,252,0.366077,-24.153372481765956,-31.849748519639125,-31.621638619999917
138.505033,8,171.069,247,0.233462,-34.26719642990716,-47.793836116588224,-31.95685156000005
138.5384,8,171.074,247,0.139054,-23.90787595865741,-33.94503575457202,-31.200088000000047
138.571767,8,170.916,253,0.94764,-28.152610965402147,-34.31239237012855,-30.44332444000004
138.605133,8,170.641,253,0.561715,-34.469820272817515,-40.95045634678697,-29.859360340000013
138.6385,8,170.309,255,0.708206,-18.410810653166823,-27.42925701542265,-30.225730000000013
138.671867,8,170.244,255,0.206271,-18.12231766849498,-25.20171244058547,-30.592099660000017
138.705233,8,170.218,255,0.275372,-33.243387037880254,-46.51855648306048,-30.898174179999998
138.7386,8,170.013,255,1.17403,-59.31651163277317,-67.55465026653431,-30.880156000000003
138.771967,7,169.854,255,0.348975,-23.83506288218919,-35.15975970058892,-30.862137820000008
138.805333,1,169.553,255,0.623814,-30.006262955839837,-40.346894675383965,-30.79398998000021
138.8387,1,169.341,255,0.445184,-23.33315015201171,-30.22079395987775,-30.462322000000206
138.872067,1,169.314,255,0.27779,-22.27358364552549,-28.566770351239313,-30.130654020000204
138.905433,1,169.103,255,1.06681,-23.33602959613814,-29.9919414576731,-29.892986879999874
138.9388,5,168.847,253,0.621595,-19.48621917306553,-28.13407263010393,-30.138567999999875
138.972167,8,168.651,255,0.470567,-20.075703240649368,-27.93545323793017,-30.384149120000085
139.005533,7,168.501,255,0.518409,-20.406110194346752,-27.511611274410427,-30.579427909999975
139.0389,7,168.445,255,0.259488,-20.659650450454652,-27.79199280430294,-30.521702999999974
139.072267,8,168.125,255,1.15858,-21.37487590395361,-28.945396885390473,-30.463978089999973
139.105633,8,167.959,255,0.39372,-28.229797018376136,-35.078230017813844,-30.371724619999863
139.139,6,167.341,255,1.92083,-30.557366470815282,-36.71834422570307,-30.10945999999986
139.172367,6,167.29,255,0.0945519,-22.865467046215127,-29.87534596540469,-29.847195379999857
139.205733,6,167.254,255,0.140456,-21.389814087751212,-27.973768747713628,-29.659066310000096
139.2391,6,167.123,255,0.360777,-21.478772317474455,-27.95016071772758,-29.82823700000005
139.272467,6,166.894,255,0.478019,-21.434466272207352,-27.46964027216042,-29.997407690000003
139.305833,6,166.709,255,0.446084,-21.816544041529983,-28.318793584513042,-30.241177379999925
139.3392,9,165.904,255,1.80858,-24.79383861772879,-31.06078386921718,-30.83711199999993
139.372567,9,165.859,255,0.082921,-29.332140867672482,-37.414182366196655,-31.433046619999935
139.405933,9,165.747,255,0.290475,-52.93526975344431,-61.7702194363289,-31.97277786999999
139.4393,9,165.579,254,0.286554,-58.194027410354714,-70.47706420658193,-32.25272699999999
139.472667,9,165.359,255,0.524091,-60.863641796041044,-67.89272655041214,-32.53267613
139.506033,9,165.235,255,0.266528,-60.0249569553735,-67.39588104317257,-33.030770150000116
139.5394,9,165.205,255,0.217079,-63.39924458857078,-70.39682602906166,-34.517270000000124
139.572767,9,165.015,255,0.446495,-51.949766369339265,-65.18089415712925,-36.00376985000013
139.606133,9,164.744,255,0.679954,-60.927015323148524,-70.42587091309875,-37.27385291000005
139.6395,9,164.467,255,0.650146,-31.887029712229815,-39.54253189134165,-37.58316500000006
139.672867,9,164.417,255,0.237362,-33.57288484728538,-40.21613808962155,-37.89247709000006
139.706233,9,164.386,255,0.183545,-27.52143116767365,-33.90914452313223,-37.413554729999134
139.7396,9,164.252,255,0.370929,-25.49705365852622,-31.82911576052304,-33.50327600000021
139.772967,9,164.08,255,0.45208,-24.059571204894148,-30.62229080354408,-29.592997270001295
139.806333,9,164.068,255,0.188439,-13.61732852414168,-22.12536816462152,-26.411384050000034
139.8397,9,163.996,255,0.304489,-10.833680172268766,-19.31840785107633,-26.339645000000033
139.873067,9,163.983,255,0.195804,-10.349996064779065,-20.037646730945838,-26.267905950000035
139.906433,9,163.917,255,0.295715,-21.150267290814686,-30.28488211362481,-26.197262660000025
139.9398,9,163.921,255,0.173028,-38.6012819342361,-48.065467531873495,-26.131196000000024
139.973167,9,163.845,255,0.346453,-32.73435697829648,-52.694949793184165,-26.065129340000023
140.006533,9,163.874,255,0.114094,-27.135551914319148,-35.71247176602105,-26.016703759999995
140.0399,9,163.843,255,0.206512,-25.636952276192513,-31.729674509164422,-26.040727999999994
140.073267,9,163.802,255,0.283493,-23.89435056923341,-31.057136552545728,-26.064752239999994
140.106633,9,163.807,255,0.17927,-23.917357860825057,-30.385359558899307,-26.600246389999537
140.14,9,163.687,255,0.372065,-26.997554851400814,-35.03109367341315,-29.197199999999555
140.173367,9,163.714,255,0.122571,-34.35064815769259,-43.325813513057604,-31.79415361000179
140.206733,9,163.694,255,0.167907,-32.31494680602555,-41.91305565035111,-33.796572819999746
140.2401,9,163.693,255,0.138951,-27.595688770539205,-37.73730840373755,-33.44755399999985
140.273467,9,163.59,255,0.325213,-27.36654091618634,-38.23328448291397,-33.09853517999994
140.306833,11,163.339,254,0.940406,-22.55545597042109,-32.8857913497395,-32.630495959999976
140.3402,11,163.322,254,0.0754785,-23.921325355786966,-34.31239537284989,-31.700223999999974
140.373567,11,163.322,254,0.0826736,-24.24223745411031,-33.77275656895061,-30.769952039999964
140.406933,11,163.321,254,0.0118414,-21.382959066562446,-32.77440501771925,-29.96505659999996
140.4403,11,163.32,254,0.0256717,-17.70780627186598,-23.627221163870242,-29.63805999999996
140.473667,11,163.315,254,0.0834462,-18.20902138785113,-24.970083174237974,-29.311063399999956
140.507033,11,163.315,254,0.033673,-22.131325391300873,-27.886428850098973,-28.969518289999915
140.5404,11,163.322,255,0.623518,-22.9009223536774,-28.152432818731686,-28.57345199999991
140.573767,11,163.319,255,0.0268305,-22.226977606731122,-27.163479167338668,-28.177385709999907
140.607133,11,163.318,255,0.0261296,-20.102006508086024,-25.474422649697626,-27.83311686999995
140.6405,11,163.314,255,0.0746018,-20.01593164666726,-26.838993581419334,-27.67929499999995
140.673867,11,163.314,255,0.0274186,-18.082835973139986,-26.99539945319421,-27.52547312999995
140.707233,11,163.216,255,0.80109,-18.061275850474054,-26.222285638793117,-27.5270207100002
140.7406,11,163.215,255,0.0167296,-17.910402272957757,-26.9286774636022,-28.089922000000048
140.773967,11,163.214,255,0.0282693,-20.780353786255493,-33.604169419703155,-28.65282328999989
140.807333,11,163.213,255,0.00451606,-26.00630106225152,-38.880733012093316,-29.193195399999844
140.8407,11,163.216,255,0.0267014,-53.687167967598704,-65.08735576248134,-29.65365999999985
140.874067,11,163.278,255,0.846651,-43.090022846385246,-52.17447317268715,-30.114124599999855
140.907433,11,163.275,255,0.0185493,-37.30531549655469,-56.251933535883936,-30.283647780000198
140.9408,11,163.275,255,0.0152333,-35.30667882116912,-45.372953634838105,-29.43812800000019
140.974167,11,163.276,255,0.0402875,-33.63167313645575,-45.07698238691247,-28.592608220000184
141.007533,11,163.277,255,0.0105382,-36.754066246753816,-46.281366090657684,-27.980486119999973
141.0409,11,163.465,255,1.9774,-21.153245184890146,-29.903484986512186,-28.168675999999977
141.074267,11,163.458,255,0.0454069,-11.680162280832327,-18.967072685558765,-28.356865879999976
141.107633,11,163.456,255,0.0270649,-17.997076906856503,-27.872853137809553,-28.505129529999998
141.141,11,163.458,255,0.128125,-34.20795511150894,-42.28717321121669,-28.51881
141.174367,11,163.462,255,0.448022,-48.98765128153384,-58.713912559411796,-28.53249047
141.207733,11,163.437,255,0.411893,-59.28873958029529,-67.36178529399093,-28.29770924
141.2411,11,163.426,255,0.145637,-55.86587566108845,-63.12228706131403,-27.239308000000293
141.274467,12,163.475,255,0.792463,-58.54409813480928,-65.85756780810065,-26.180906760000582
141.307833,12,163.367,255,0.467107,-36.55191716863992,-49.62593762018602,-25.34319285000008
141.3412,12,163.355,255,0.0374273,-10.148730743743805,-19.358261829803293,-25.22474000000008
141.374567,12,163.4,255,0.415977,-13.516784728872528,-22.44859658501071,-25.106287149999975
141.407933,12,163.397,255,0.0300727,-14.297089275053873,-22.630458292865118,-24.939763869999915
141.4413,12,163.425,255,0.391382,-13.816986039610947,-21.87185621084746,-24.61910699999991
141.474667,12,163.423,255,0.017934,-15.321923830974312,-23.35496738792656,-24.29845012999991
141.508033,13,163.413,255,0.109803,-15.2081226124325,-24.696627865842046,-24.031302649999965
141.5414,13,163.359,255,1.03262,-15.469440683556668,-24.44875966401041,-23.932869999999962
141.574767,13,163.351,255,0.0517318,-14.791110779402775,-22.89488683931005,-23.834437349999963
141.608133,13,163.347,255,0.056428,-22.300806887316952,-29.249344126465637,-23.913713700000294
141.6415,13,163.348,255,0.0764583,-24.440810337786544,-29.692291670885556,-24.5443500000003
141.674867,13,163.443,255,0.457768,-25.958052985469173,-31.518388347350136,-25.174986300000302
141.708233,13,163.406,255,0.816863,-29.78043333394415,-35.97547172151241,-25.913291340000526
141.7416,13,163.399,255,0.107848,-32.428722884357654,-39.661637342521125,-26.980368000000233
141.774967,13,163.399,255,0.0268262,-34.03119849050904,-42.91707296554917,-28.047444659999936
141.808333,13,163.407,255,0.349474,-52.16324933567654,-62.04734024286397,-29.2448174599997
141.8417,13,163.406,255,0.0346267,-53.12714237252148,-59.255262605119455,-30.833753999999715
141.875067,13,163.409,255,0.805998,-34.67372861735186,-49.66308470693081,-32.42269053999973
141.908433,13,163.406,255,0.0767253,-24.2560263594442,-36.74568421037967,-33.77941896999994
141.9418,13,163.418,255,0.332045,-20.023454531008323,-31.061084868935303,-34.44976199999994
141.975167,13,163.415,255,0.0167936,-21.051374963438576,-31.925527241867293,-35.12010502999995
142.008533,13,163.414,255,0.034503,-19.797289823231146,-31.252858087892257,-35.66345693
142.0419,13,163.312,255,1.16668,-19.296409103637686,-31.72138787372294,-35.837299
142.075267,13,163.302,255,0.0411502,-36.614084965952756,-47.957473550634546,-36.01114107000001
142.108633,13,163.3,255,0.0474099,-53.64659563344459,-64.41994926652042,-36.141985590000004
142.142,13,163.296,254,0.0940831,-54.98165129058454,-61.885377275116404,-36.14966
142.175367,13,163.323,255,0.410051,-55.72214832539677,-63.95317648411086,-36.15733441
142.208733,13,163.248,255,0.698379,-58.29153443599162,-66.53770125162941,-35.7756041199998
142.2421,12,163.263,255,0.739807,-56.952543185150354,-65.44634393634558,-34.2954440000002
142.275467,12,162.725,255,1.11741,-53.87484826100358,-63.16384917634632,-32.815283880000614
142.308833,12,162.695,255,0.444746,-23.84338205980352,-36.911769220672205,-31.451145410000564
142.3422,12,162.687,255,0.0564421,-16.891662672854856,-25.314655412084964,-30.409094000000554
142.375567,12,162.801,255,0.4358,-16.137122734789866,-24.339789803319334,-29.367042590000548
142.408933,12,162.799,255,0.0307129,-16.483460706040102,-24.810781809776802,-28.39782636000034
142.4423,12,162.873,255,0.485208,-16.18084103510945,-24.568569295444703,-27.627716000000333
142.475667,12,162.866,255,0.111972,-15.31765908353351,-23.59392151877425,-26.857605640000326
142.509033,12,162.868,255,0.0271246,-15.439789401584001,-23.261074388177782,-26.292386800000003
142.5424,12,162.831,255,1.02942,-17.29474580649689,-23.963959142033445,-26.279040000000006
142.575767,12,162.825,255,0.0337261,-17.16731197792443,-24.739806902690724,-26.265693199999994
142.609133,12,162.824,255,0.0472493,-39.346388686966634,-49.73646280678119,-26.307327460000113
142.6425,12,162.825,255,0.0692307,-48.281340367461645,-60.63300534678751,-26.494850000000117
142.675867,12,162.833,255,0.364646,-34.79391404072855,-48.19334332531294,-26.68237254000012
142.709233,12,162.8,255,1.15039,-29.430194249181238,-40.98294290239605,-27.016047850000454
142.7426,12,162.788,255,0.102538,-18.999686232118073,-26.316084380191864,-27.731770000000253
142.775967,12,162.79,255,0.0687999,-20.992115283928115,-28.584833342006934,-28.447492150000055
142.809333,12,162.714,255,0.424763,-33.321408259979734,-44.43041294358383,-29.461195539999924
142.8427,12,162.712,255,0.032002,-56.59526728027053,-62.913476223316096,-31.242325999999938
142.876067,12,162.297,255,2.17479,-50.61097457786134,-60.594328190778775,-33.023456459999956
142.909433,12,162.292,255,0.0289431,-39.20844544217893,-49.86330331022364,-34.160825619999976
142.9428,12,162.333,255,0.38178,-30.883835423594697,-43.392584842925764,-33.66499199999997
142.976167,12,162.33,255,0.0486252,-21.33220844888221,-29.31768815047164,-33.16915837999996
143.009533,12,162.328,255,0.0763715,-22.429388349864233,-31.895567335895876,-32.84912814000002
143.0429,12,162.263,255,1.32085,-22.45189271260427,-31.958709206955387,-32.96858200000002
143.076267,12,162.254,255,0.045561,-21.225055038061114,-30.62704553679597,-33.08803586000002
143.109633,12,162.248,255,0.087576,-19.853644908217426,-28.032998305864723,-32.80684966999968
143.143,12,162.241,255,0.182476,-24.47223540957882,-31.0295698979546,-31.538569999999666
143.176367,12,162.317,255,0.477963,-27.149310245535453,-33.40870174673076,-30.270290329999654
143.209733,12,162.263,255,1.58879,-17.610549591450727,-25.46470687419181,-29.292384059999925
143.2431,12,162.242,255,0.086339,-16.562326154830544,-24.04731983616931,-29.019442
143.276467,12,162.242,255,0.00835178,-18.251557768105716,-26.57094124806632,-28.746499940000074
143.309833,12,162.245,255,0.354885,-20.9203922739431,-28.497018448179915,-28.402080150000202
143.3432,12,162.242,255,0.0308171,-20.362353787091017,-29.287551835607207,-27.8865600000002
143.376567,12,162.296,255,0.420945,-19.071622770079077,-27.937289887642454,-27.371039850000194
143.409933,12,162.296,255,0.0291536,-17.31227898762522,-24.10938160230696,-26.943740190000064
143.4433,12,162.307,255,0.34296,-19.57324076266652,-24.70041760094607,-26.724519000000065
143.476667,12,162.304,255,0.0173069,-19.225830789105785,-24.995100406412618,-26.505297810000062
143.510033,12,162.302,255,0.0582541,-19.77081461141815,-25.77287667450998,-26.39504156999997
143.5434,12,162.212,255,0.921099,-19.488326825575587,-27.256832725401857,-26.53818599999997
143.576767,12,162.202,255,0.0792036,-18.53282226174183,-25.697453805756044,-26.681330429999974
143.610133,12,162.197,255,0.0834277,-18.579903203487245,-27.214411449115477,-26.787789109999995
143.6435,12,162.194,255,0.126583,-17.584106798868284,-27.65753979347504,-26.810145
143.676867,12,162.233,255,0.387828,-15.115848360147,-26.761086534431325,-26.83250089
143.710233,12,162.256,255,1.10046,-13.713883415392546,-27.388991784850557,-26.934878169999976
143.7436,12,162.253,255,0.061875,-15.40292459372732,-29.608284648852436,-27.218163999999895
143.776967,12,162.251,255,0.0477908,-34.162626736194234,-48.40398839008486,-27.50144983000006
143.810333,12,162.216,255,0.430425,-19.806543533818104,-30.01364372380396,-27.72727569000001
143.8437,12,162.216,255,0.0136708,-17.883113344427546,-26.731146779835726,-27.82504100000001
143.877067,12,162.216,255,1.74717,-19.66951141203765,-26.820079614541072,-27.92280631000001
143.910433,12,162.203,255,0.132928,-19.109103004687242,-25.747216031780287,-28.064491620000048
143.9438,12,162.2,255,0.0871669,-21.622052464350816,-28.196537279707183,-28.30273200000005
143.977167,12,162.2,255,0.0922776,-21.19199115243283,-27.199822922658715,-28.540972380000053
144.010533,12,162.204,255,0.0727203,-22.500321841231994,-28.74164977879383,-28.794689130000087
144.0439,12,162.216,255,1.1449,-23.940215691183045,-30.215605740402157,-29.08197900000009
144.077267,12,162.208,255,0.0429785,-24.95114396399993,-30.89012052388396,-29.36926887000009
144.110633,12,162.208,255,0.0342383,-28.424976916753767,-35.47335177387791,-29.584033070000025
144.144,12,162.215,255,0.080536,-34.078094418506495,-48.61693201303115,-29.643760000000025
144.177367,11,162.242,255,0.79152,-35.35063301678029,-47.287831756479385,-29.703486930000025
144.210733,11,162.275,255,1.47606,-39.06077726569167,-52.3550843473491,-29.718133469999966
144.2441,11,162.265,255,0.0665549,-33.27798988369891,-44.472884374113,-29.63771899999999
144.277467,11,162.261,255,0.0465419,-13.976440501921592,-22.832706121870814,-29.55730453000001
144.310833,11,162.26,255,0.0588704,-15.71520710317591,-24.511498307789278,-29.00099878000039
144.3442,11,162.259,255,0.0462815,-42.45050902161365,-52.12018648064601,-27.454772000000375
144.377567,11,162.391,255,1.38463,-36.30713430402285,-49.76219774034561,-25.908545220000363
144.410933,11,162.385,255,0.0452007,-12.901414197714042,-23.047229076501164,-24.67220600000009
144.4443,11,162.383,255,0.0956608,-10.665428007125277,-18.950461367458566,-24.071600000000085
144.477667,12,162.374,255,0.0789898,-10.410835750820064,-19.295903620886588,-23.470994000000083
144.511033,12,162.365,255,0.0993717,-11.344271582149641,-20.239190118220524,-23.05962195
144.5444,12,162.455,255,1.26951,-13.530794509468524,-21.344239382534923,-23.031260000000003
144.577767,12,162.454,255,0.036556,-18.330475810575162,-24.735791684573176,-23.002898050000002
144.611133,12,162.452,255,0.029962,-18.807678938877125,-24.568257820286952,-23.03454382000001
144.6445,12,162.45,255,0.131204,-20.72858661074408,-27.45117247278899,-23.18603000000001
144.677867,12,162.452,255,0.0440755,-28.225471000649886,-37.193163442854534,-23.33751618000001
144.711233,12,162.488,255,2.00221,-39.444889781183214,-45.85566278919766,-23.725115480000042
144.7446,12,162.481,255,0.115705,-42.349624381361885,-52.86186548429451,-24.577975999999808
144.777967,12,162.479,255,0.0261827,-54.945852317344674,-63.95618593685525,-25.430836519999573
144.811333,12,162.478,255,0.0404036,-57.00102595879665,-65.374071394038,-26.301577619999453
144.8447,12,162.48,255,0.098814,-43.71197640847856,-55.37961334097629,-27.20715799999946
144.878067,12,162.524,255,1.82023,-14.64486978985604,-22.643571981062216,-28.112738379999463
144.911433,12,162.516,255,0.117524,-15.890158192331581,-22.795125490178886,-28.79523378999987
144.9448,12,162.515,255,0.0228049,-24.3937131327744,-36.05874986881595,-29.049823999999873
144.978167,12,162.513,255,0.0544249,-45.27873219116081,-59.08313166155927,-29.304414210000093
145.011533,12,162.517,255,0.0915658,-32.2737568628913,-43.76820485374973,-29.469154720000002
145.0449,12,162.495,255,1.41238,-21.242812014244656,-30.109963620392705,-29.463815999999998
145.078267,12,162.486,255,0.0400586,-18.933506802514128,-27.61613430319435,-29.458477279999997
145.111633,12,162.476,255,0.0500879,-37.5474629417051,-50.41263390242432,-29.574703570000185
145.145,11,162.454,255,1.00846,-55.96860386472202,-67.15574901941041,-29.91805000000019
145.178367,11,162.344,255,0.711681,-31.10331253820147,-44.67037767891622,-30.261396430000193
145.211733,11,162.335,255,1.57057,-38.17755844461663,-48.460079519570826,-30.68346100000031
145.2451,11,162.32,255,0.0981858,-35.779872866970784,-46.5768112948325,-31.25070000000015
145.278467,11,162.314,255,0.0589182,-19.103156007029888,-27.095457912105708,-31.817938999999996
145.311833,11,162.309,255,0.0874067,-21.09788660073362,-30.24971288760141,-32.31960617999996
145.3452,11,162.259,255,0.913482,-25.989762678242897,-37.46811112768627,-32.70199199999996
145.378567,11,162.414,255,0.809459,-21.364463370018655,-28.867400102368723,-33.084377819999965
145.411933,11,162.405,255,0.124674,-24.366223414289333,-31.56336599564294,-33.29432033
145.4453,11,162.398,255,0.139391,-28.428000029107555,-36.55091393320436,-33.194553
145.478667,11,162.399,255,0.0129416,-38.545087572024805,-46.979939996810586,-33.09478567
145.512033,11,162.472,255,0.883686,-32.935314202493934,-44.83255037273869,-33.01078455999999
145.5454,11,162.589,255,0.580814,-33.92131409637653,-44.28081173426149,-32.954727999999996
145.578767,11,162.587,255,0.0206239,-24.810602121408053,-32.54355784385685,-32.898671439999994
145.612133,11,162.586,255,0.0707802,-24.02309350503904,-31.899192829606662,-33.142059000000145
145.6455,11,162.585,255,0.106566,-25.051529872404416,-32.62699634036471,-33.90950000000015
145.678867,11,162.703,255,0.612824,-25.235235984156073,-32.67443493713964,-34.676941000000156
145.712233,11,162.633,255,0.443053,-27.035215284674667,-34.72552441461375,-35.364110520000104
145.7456,11,162.628,255,0.0231011,-34.47986065264742,-42.33535475436802,-35.91266399999995
145.778967,12,162.626,255,0.0926812,-49.53151893488615,-57.639978398580205,-36.4612174799998
145.812333,12,162.629,255,0.058431,-63.362055067030326,-71.66830080504207,-36.89937416999989
145.8457,12,162.656,255,0.164348,-44.29058539371067,-54.099372345522205,-37.149292999999886
145.879067,12,162.603,255,0.438036,-39.00756622536801,-50.12889386097315,-37.399211829999885
145.912433,12,162.599,255,0.075906,-35.20786111470412,-46.919132703463525,-36.86671448000067
145.9458,12,162.598,255,0.0244054,-35.89887701443709,-47.12470554687358,-35.01684800000065
145.979167,12,162.6,255,0.146976,-37.86981575868522,-54.269770694834385,-33.16698152000064
146.012533,12,162.599,255,0.013839,-25.123459456645545,-35.70356748111561,-31.7243676500002
146.0459,12,162.686,255,0.471985,-19.4046758233739,-25.981173302070296,-30.958595000000194
146.079267,12,162.684,255,0.0185124,-14.927921226960745,-23.38176204143457,-30.192822350000185
146.112633,11,162.728,255,0.952071,-16.932261791871166,-25.971396105891657,-29.63930705000003
146.146,11,162.711,255,0.128585,-19.83728497956278,-29.023324437610967,-29.43410000000003
146.179367,11,162.704,255,0.0198166,-21.504911073735574,-29.74994176233904,-29.228892949999857
146.212733,11,162.655,255,0.550494,-23.409832842221498,-30.399871103963935,-29.05947178000002
146.2461,11,162.653,255,0.026645,-25.74590236150574,-32.26023756405575,-28.948025999999956
146.279467,11,162.643,255,0.0690582,-26.177207700009404,-31.89803322977385,-28.836580219999988
146.312833,11,162.633,255,0.188097,-23.96672995190613,-30.567149694793297,-29.079970230000033
146.3462,11,162.633,255,0.00966905,-28.813208093890374,-41.41645898706909,-29.89112200000004
146.379567,11,162.592,255,0.672296,-29.93654016378429,-42.36098345324406,-30.702273770000044
146.412933,11,162.593,255,0.137899,-44.96867141664627,-58.009004364325406,-31.527498200000117
146.4463,11,162.593,255,0.0258257,-58.195726555148305,-64.6783263625836,-32.37502000000012
146.479667,10,162.583,255,0.145811,-26.00897757666618,-40.392888506822786,-33.22254180000013
146.513033,10,162.585,255,0.0146745,-25.92324233112998,-33.48712267688545,-34.000050990000155
146.5464,10,162.582,255,0.542588,-20.63665153147765,-30.991951505696058,-34.66839200000016
146.579767,10,162.581,255,0.0151172,-27.908267065954732,-36.618611039375885,-35.33673301000017
146.613133,10,162.581,255,0.0206152,-42.1045468848265,-50.995879424646674,-35.77378186000003
146.6465,10,162.577,255,0.0310135,-37.59201895387531,-41.618176102371635,-35.854530000000025
146.679867,10,162.575,255,0.0548806,-35.81419169469892,-42.70561674448178,-35.93527814000003
146.713233,10,162.714,255,1.16449,-31.838048683885788,-40.127207642635966,-35.718546019999785
146.7466,10,162.71,255,0.095842,-30.696554537619228,-39.342862301223725,-35.04920399999997
146.779967,10,162.709,255,0.0203483,-19.546903761975727,-29.209816568670348,-34.37986198000016
146.813333,10,162.711,255,0.0875846,-19.819570549993056,-28.56521465026008,-34.17572838999985
146.8467,10,162.711,255,0.0689497,-29.643232547061025,-39.11229971111844,-34.67056099999985
146.880067,10,162.547,255,1.75982,-30.10292301612531,-39.3921651344866,-35.16539360999985
146.913433,10,162.542,255,0.0346441,-29.39709133205133,-40.93580830411527,-35.34614785000006
146.9468,10,162.54,255,0.0139388,-33.41349402147244,-46.698549189757145,-35.06086000000006
146.980167,10,162.542,255,0.020127,-46.84090817117864,-60.38250427805137,-34.77557215000006
147.013533,10,162.545,255,0.0773893,-39.63003842431982,-50.197923330471475,-34.385818090000065
147.0469,10,162.407,255,2.60107,-46.72281054325924,-56.74200085033037,-33.842937000000056
147.080267,11,162.43,255,1.11484,-19.269252685559437,-28.123243497447554,-33.300055910000054
147.113633,11,162.395,255,0.197126,-20.7031528166299,-27.93161109824633,-33.15418404999999
147.147,11,162.391,255,0.149657,-25.590970881309588,-34.25446008156314,-33.58295
147.180367,11,162.395,255,0.0210178,-28.128045904842256,-34.25292932250503,-34.01171595
147.213733,11,162.532,255,3.02503,-30.50714240683489,-38.98205198110996,-34.229530170000004
147.2471,11,162.524,255,0.0464442,-31.969560747106904,-42.840933368066885,-34.145779000000026
147.280467,11,162.514,255,0.180373,-24.84896448418726,-36.36041508199546,-34.06202783000005
147.313833,11,162.512,255,0.160366,-27.52033739112119,-36.62772887183106,-33.636189080000605
147.3472,11,162.516,255,0.124855,-52.06919937391556,-59.14616720671195,-32.7272720000006
147.380567,11,162.511,255,2.81796,-42.60542614806342,-53.08791995034436,-31.81835491999982
147.413933,11,162.489,255,0.10077,-30.971837533237867,-41.274318799480305,-31.192862300000133
147.4473,11,162.487,255,0.0879264,-18.74733496441943,-25.84321800351132,-30.962629999999933
147.480667,11,162.483,255,0.0834744,-18.750073890317275,-24.943563674605045,-30.732397699999932
147.514033,11,162.488,255,0.13096,-20.501354029250503,-26.65045889762346,-30.537535459999944
147.5474,11,162.58,255,1.58886,-21.63687101654656,-28.089150139870803,-30.391387999999942
147.580767,11,162.566,255,0.160826,-23.47235145108538,-29.75186868382339,-30.245240539999944
147.614133,11,162.555,255,0.150101,-23.93101616143281,-30.51155245898607,-30.189972650000033
147.6475,11,162.545,255,0.118819,-25.27583440463182,-32.26379762447919,-30.258375000000033
147.680867,11,162.547,255,0.0131369,-35.54341374192243,-44.25907526512451,-30.326777350000032
147.714233,11,162.534,255,0.732821,-50.37133540439962,-60.64843277424809,-30.739616250000402
147.7476,11,162.529,255,0.0273188,-54.51615838759743,-62.79406046578237,-31.61550000000016
147.780967,11,162.527,255,0.0364377,-57.60536589078132,-65.51109936816187,-32.49138374999992
147.814333,11,162.532,255,0.119016,-54.023274437236275,-61.39158297056365,-33.853273279999655
147.8477,11,162.533,255,0.0272266,-55.88813495382745,-64.19094797084338,-35.86063199999967
147.881067,11,162.488,255,0.910178,-60.396500306459636,-68.07529508896606,-37.86799071999969
147.914433,11,162.485,255,0.0205447,-57.699947157549296,-63.61587669488559,-42.51869322999942
147.9478,11,162.478,255,0.171288,-61.301821269956925,-66.00949200328228,-50.637217999999486
147.981167,11,162.495,255,0.284914,-56.54684043073787,-62.817267574739134,-58.75574276999956
148.014533,11,162.489,255,0.037002,-57.8761902800345,-64.43204975052689,-63.66499250000002
148.0479,11,162.338,255,1.95969,-55.02525483504744,-61.85416232260107,-64.41575000000003
148.081267,12,162.313,255,0.19418,-60.7694868181693,-68.1452524324288,-65.16650750000002
148.114633,12,162.305,255,0.0444933,-57.525936777669074,-65.20857275938751,-61.8431226399989
148.148,12,162.302,255,0.0876476,-56.86841031669243,-62.77332453705516,-53.303839999998836
148.181367,12,162.302,255,0.0132194,-59.47185703384277,-64.91056288909729,-44.76455735999877
148.214733,12,162.402,255,0.87448,-58.81070133820938,-65.0105677733101,-38.837544209999734
148.2481,12,162.404,255,0.100658,-50.380587406015046,-60.08051807269766,-36.21389700000046
148.281467,12,162.398,255,0.168237,-18.45659533981071,-28.800502707271782,-33.59024979000118
148.314833,12,162.397,255,0.0306,-18.26578353951359,-25.120120189650077,-31.596935380000634
148.3482,12,162.399,255,0.0646712,-18.26403980176313,-26.084968693338443,-30.391052000000624
148.381567,12,162.485,255,0.566137,-27.914257640482372,-33.358647131621545,-29.185168620000614
148.414933,12,162.483,255,0.0168207,-19.275376376085784,-24.7247036202621,-28.165386560000336
148.4483,12,162.481,255,0.0224881,-17.535561978344226,-22.86442459782499,-27.375256000000327
148.481667,12,162.485,255,0.113457,-18.866905060516537,-25.92949146627242,-26.585125440000322
148.515033,12,162.483,255,0.0617155,-20.40192552657587,-33.72100249535553,-26.049076260000074
148.5484,12,162.482,255,0.140544,-11.51405371996871,-24.02525174045446,-25.82284800000007
148.581767,12,162.483,255,0.0338824,-11.204386287710912,-22.439116748852523,-25.596619739999877
148.615133,12,162.484,255,0.0106369,-14.923481676836687,-25.603975087936888,-25.418975190000026
148.6485,12,162.483,255,0.0999924,-20.99794586013257,-27.52174084663002,-25.299854999999923
148.681867,12,162.484,255,0.0178657,-20.173731744057832,-26.50443622668943,-25.180734809999922
148.715233,12,162.485,255,0.029681,-19.06267589345135,-23.598191089251547,-25.197496550000107
148.7486,12,162.491,255,0.156695,-20.163475082690837,-25.708701629591268,-25.376010000000058
148.781967,12,162.494,255,0.0741775,-17.62841398256251,-23.85281150724277,-25.55452345000001
148.815333,12,162.495,255,0.0358116,-22.853795409646747,-28.931398066375728,-25.899547929999986
148.8487,13,162.495,255,0.02602,-31.552599885388133,-36.521286978061575,-26.44042699999999
148.882067,13,162.495,255,0.0274913,-22.124332519569638,-26.8694111598451,-26.98130606999999
148.915433,13,162.496,255,0.00953559,-22.63678611644027,-28.834052221770538,-27.22631831999999
148.9488,13,162.498,255,0.0717187,-31.23346027666402,-38.26696051493344,-27.12755199999999
148.982167,13,162.498,255,0.0143641,-34.581135593216025,-42.57200752159063,-27.02878567999999
149.015533,11,162.512,255,0.901646,-23.967073890408617,-38.886456199302664,-26.827193859999944
149.0489,11,162.491,255,0.0662174,-18.27793979656193,-27.498985983316167,-26.507537999999943
149.082267,11,162.484,255,0.117863,-13.77105786425457,-20.806564236899106,-26.18788213999994
149.115633,11,162.489,255,0.101507,-12.778424455444654,-19.515849031031834,-26.141188040000074
149.149,11,162.497,255,0.130179,-18.454504246882458,-26.41711261043374,-26.404120000000074
149.182367,11,162.494,255,0.0932964,-28.858349052969693,-34.661985516664494,-26.667051960000077
149.215733,11,162.494,255,0.00811306,-33.197275560045405,-45.081667799195785,-26.82834086000001
149.2491,11,162.491,255,0.131887,-28.815691576430186,-40.02968772755991,-26.875722
149.282467,11,162.494,255,0.111238,-38.02546224223657,-53.497020652380854,-26.923103139999984
149.315833,12,162.487,255,0.152906,-50.54880600827503,-57.76969814144623,-27.20876950999979
149.3492,12,162.488,255,0.0295898,-19.823758994890095,-29.28265622841494,-27.758323999999796
149.382567,12,162.537,255,0.620704,-41.60329993150679,-51.14619112065152,-28.3078784899998
149.415933,12,162.536,255,0.0162207,-36.50009199597278,-49.994744580203204,-28.99890154999976
149.4493,12,162.535,255,0.00833876,-33.424442506256355,-46.21424811292262,-29.84475499999977
149.482667,12,162.537,255,0.101316,-36.163925,-45.313682,-30.690608449999775
149.516033,12,162.538,255,0.0991829,-31.02286999226279,-43.909274141750245,-30.69534537000016
149.5494,12,162.581,255,1.91972,-16.157685641264248,-24.409161046127892,-29.790766000000154
149.582767,12,162.571,255,0.0506467,-12.463169842122683,-21.710919439273717,-28.886186630000147
149.616133,12,162.569,255,0.052666,-15.577710604696712,-23.877358849950177,-28.23266385000003
149.6495,12,162.567,255,0.0394987,-17.077406396239514,-27.2320005483969,-27.847275000000028
149.682867,12,162.571,255,0.0297949,-20.862484932546305,-29.196833827592332,-27.461886150000023
149.716233,12,162.735,255,2.43456,-18.79443882641977,-25.35962781015424,-27.227800410000008
149.7496,12,162.715,255,0.0757617,-17.28848832663015,-24.486319279097824,-27.15339200000003
149.782967,12,162.712,255,0.0578375,-27.656250491332305,-35.80370130656261,-27.078983589999986
149.816333,12,162.713,255,0.0563563,-26.23209955679954,-36.00952418606622,-27.296938109999616
149.8497,12,162.714,255,0.0765462,-24.68569076971042,-32.38047452685862,-27.819799000000067
149.883067,12,162.788,255,2.09898,-24.60979275273029,-31.901181229831387,-28.34265989000007
149.916433,12,162.78,255,0.0397938,-28.400212076219795,-36.077239076218845,-28.65302642000002
149.9498,12,162.775,255,0.0364019,-40.906187566404185,-48.01479265021852,-28.74445200000002
149.983167,10,162.794,255,1.12549,-27.31446240844516,-41.062984566215825,-28.835877580000023
150.016533,10,162.759,255,0.176313,-17.99355584338869,-25.641798517369157,-29.104864840000143
150.0499,10,162.631,255,2.47589,-18.173338357316833,-26.938817647417075,-29.554652000000146
150.083267,10,162.612,255,0.0926085,-16.128584419209375,-24.789280493741344,-30.00443916000015
150.116633,10,162.606,255,0.0720486,-19.987796153838794,-29.523140590325177,-30.022752819999827
150.15,10,162.586,255,0.239575,-24.63788357558744,-33.76576088693601,-29.606999999999825
150.183367,10,162.586,255,0.0105632,-43.49201401884537,-53.32191466373182,-29.19124717999982
150.216733,10,162.65,255,1.28171,-42.05677768119454,-55.51502490859036,-28.842104159999895
150.2501,10,162.652,255,0.155904,-17.703137553005,-26.018712166106834,-28.559151999999973
150.283467,10,162.655,255,0.1352,-17.06893090854622,-23.69251755547805,-28.27619984000005
150.316833,10,162.655,255,0.136245,-20.188040707355736,-25.96772360146416,-28.210401859999966
150.3502,10,162.664,255,0.177263,-27.076205687897115,-36.11454566727005,-28.357883999999967
150.383567,10,162.718,255,1.14491,-27.41569321577502,-42.26366667979866,-28.505366139999968
150.416933,10,162.708,255,0.0366938,-14.80932760633746,-25.53622268541744,-28.46827416000003
150.4503,10,162.707,255,0.029107,-19.393548677729168,-28.47239217456521,-28.252056000000028
150.483667,10,162.706,255,0.109591,-21.564113268644824,-28.515837374537103,-28.035837840000024
150.517033,10,162.8,255,0.664857,-18.691433933529897,-27.476582792996787,-27.825587710000008
150.5504,10,162.722,255,1.50663,-19.247831275147696,-27.597212456407608,-27.621048000000005
150.583767,10,162.701,255,0.0919857,-18.92466366854198,-26.77561720442556,-27.416508290000003
150.617133,10,162.694,255,0.075612,-18.051436788131532,-24.550352443329995,-27.40060904000001
150.6505,10,162.695,255,0.133385,-18.716063135564177,-24.82064457811811,-27.56344000000001
150.683867,10,162.611,255,0.675247,-19.312788674696755,-27.158299110432882,-27.72627096000001
150.717233,10,162.645,255,1.84985,-22.868779215627626,-31.30113163750914,-28.046434330000007
150.7506,10,162.633,255,0.131369,-28.87041219663177,-38.90027725822399,-28.513905999999878
150.783967,10,162.63,255,0.0296875,-40.71977868077591,-49.569680638447124,-28.98137766999975
150.817333,10,162.633,255,0.0884755,-52.2872288826289,-61.03387706777929,-29.53151373999963
150.8507,10,162.757,255,0.77534,-49.996120970746475,-60.18468910364166,-30.158145999999636
150.884067,10,162.701,255,1.84177,-51.107795486267925,-60.314362457767416,-30.78477825999964
150.917433,10,162.686,255,0.14429,-49.98940335100384,-60.10604375544764,-30.40812259000063
150.9508,11,162.704,255,0.972706,-53.03712599385829,-62.45735439336202,-29.114484000000623
150.984167,11,162.671,255,0.0997472,-46.42742790535467,-59.12138687647957,-27.82084540999951
151.017533,11,162.604,255,0.521765,-44.7859317023526,-57.142833303271566,-26.61350795000044
151.0509,11,162.682,255,1.14012,-15.114634456144103,-22.55027331893609,-25.48403499999947
151.084267,11,162.675,255,0.0354123,-10.287787316552357,-15.205729957250767,-24.35456204999946
151.117633,11,162.669,255,0.124779,-13.44415303885991,-19.777507476866738,-23.759050189999932
151.151,11,162.665,255,0.136361,-15.612826028828717,-22.299318188159376,-23.639929999999932
151.184367,11,162.668,255,0.114461,-15.50568880316859,-21.66159644485032,-23.520809809999932
151.217733,11,162.613,255,0.66312,-21.054170384292405,-29.961283035959532,-23.40169318999994
151.2511,11,162.615,255,0.0375977,-28.19282543617833,-39.74766638452211,-23.28257299999997
151.284467,11,162.621,255,0.0494824,-34.920933879996554,-45.634086504521676,-23.163452810000006
151.317833,11,162.621,255,0.11018,-27.7986374844789,-39.72873879393506,-23.275273539999972
151.3512,11,162.623,255,0.0632433,-18.43554073407348,-26.223926017624656,-23.588255999999973
151.384567,11,162.586,255,0.724561,-17.42628597271953,-25.195564370019625,-23.901238459999977
151.417933,11,162.585,255,0.0674121,-16.623176879341997,-24.995382267801105,-24.66325386000001
151.4513,11,162.583,255,0.122961,-16.240932736101993,-24.016391252929616,-25.81174600000002
151.484667,11,162.585,255,0.145866,-16.72763165124459,-23.625592065954173,-26.96023814000003
151.518033,11,162.584,255,0.0381424,-23.45316539130261,-33.224634455238125,-27.39422839999998
151.5514,11,162.6,255,0.671336,-28.072779540149018,-39.17886710687716,-27.22071999999998
151.584767,11,162.598,255,0.0269184,-17.908428625289908,-26.863207099085866,-27.04721159999998
151.618133,11,162.599,255,0.0845985,-15.56261281872879,-23.229335698772722,-27.136092910000066
151.6515,11,162.612,255,0.158923,-22.264881920547193,-32.997798689740705,-27.44540500000007
151.684867,11,162.609,255,0.033941,-42.7247154096893,-51.206211854822165,-27.75471709000007
151.718233,11,162.632,255,1.0276,-51.11256467788497,-60.908696134151235,-27.96847899000002
151.7516,11,162.627,255,0.0339692,-51.68594277743481,-61.875633106079874,-28.102947999999984
151.784967,11,162.628,255,0.0133095,-25.864869251148303,-38.096617534170704,-28.237417009999945
151.818333,11,162.628,255,0.0927734,-16.508963932873904,-24.56266482688748,-28.115403320000144
151.8517,11,162.625,255,0.0983268,-17.302590338161725,-25.405465778605695,-27.783068000000142
151.885067,11,162.589,255,1.36042,-18.782474344629154,-25.837019287252474,-27.45073268000014
151.918433,9,162.643,255,0.913943,-19.67327905175137,-26.14890522898889,-27.445961729999908
151.9518,10,162.602,255,0.195862,-18.335359962312538,-24.770950877701473,-27.706557999999912
151.985167,10,162.598,255,0.0249338,-20.322833703226063,-28.592067194388413,-27.967154269999913
152.018533,10,162.593,255,0.124518,-23.25458147808643,-30.688362837249542,-27.6213429700002
152.0519,10,162.576,255,1.03643,-21.895975787981325,-28.233396180987505,-26.790171000000196
152.085267,10,162.574,255,0.0239898,-13.789614114331272,-24.467416637182378,-25.95899903000019
152.118633,10,162.572,255,0.0178754,-12.343015222940975,-20.492515509586074,-25.82025424999994
152.152,10,162.569,255,0.108644,-14.029382579053562,-24.95628050850978,-26.228999999999942
152.185367,10,162.568,255,0.130991,-37.937757488260715,-47.7321803976966,-26.637745750000295
152.218733,10,162.563,255,0.755987,-32.76255854298444,-44.706561662795956,-26.695610160000044
152.2521,10,162.562,255,0.0267036,-32.89548848263349,-45.37001534003956,-26.47939199999992
152.285467,10,162.56,255,0.089834,-43.29805036615379,-53.27353551146586,-26.26317383999998
152.318833,10,162.562,255,0.135304,-28.915619108992185,-40.588269237101535,-25.75881725999996
152.3522,10,162.565,255,0.115951,-17.163068241344664,-24.47503465331493,-25.032083999999955
152.385567,10,162.602,255,0.510401,-13.704491802419833,-19.577438942437126,-24.305350739999948
152.418933,10,162.599,255,0.0255165,-14.400382594262695,-19.924202611512147,-24.268936440000076
152.4523,10,162.598,255,0.0136382,-14.147640292035826,-20.232767088360823,-24.75876400000008
152.485667,10,162.596,255,0.0839811,-20.82814074060328,-30.31073418018382,-25.248591560000083
152.519033,10,162.593,255,0.0855089,-32.68320388299834,-38.95706568312052,-25.222419809999895
152.5524,10,162.551,255,0.770109,-31.293748039044715,-39.783520437001926,-24.807667999999893
152.585767,10,162.549,255,0.022258,-19.256243416535277,-29.21393773444501,-24.392916189999887
152.619133,10,162.55,255,0.0997298,-13.788220937657018,-19.54086666690419,-24.42512369000013
152.6525,10,162.545,255,0.075816,-18.385882636432076,-27.64461263193219,-24.789825000000132
152.685867,10,162.552,255,0.028559,-24.702118177425902,-34.20063085304631,-25.154526310000136
152.719233,10,162.276,255,1.57156,-24.167278242065603,-34.2522041262352,-26.132172400000414
152.7526,10,162.269,255,0.0490462,-30.664285821872205,-39.87104772076128,-27.56028000000002
152.785967,10,162.265,255,0.0431858,-35.920444977077764,-44.27444427844185,-28.988387599999623
152.819333,10,162.267,255,0.0354416,-48.43940513692191,-58.5052525287578,-29.633852559999976
152.8527,10,162.266,255,0.0745215,-35.841039955559296,-47.32784355758364,-29.71126399999998
152.886067,10,162.415,255,2.29616,-44.017824443683914,-55.14286636549442,-29.78867543999998
152.919433,10,162.389,255,0.105585,-43.10400328367834,-56.152055537266186,-30.749897399999682
152.9528,10,162.378,255,0.133336,-38.958385190834996,-50.427794991987284,-32.34483999999969
152.986167,11,162.381,255,0.12665,-35.12714020586959,-42.57975716837116,-33.93978259999971
153.019533,11,162.384,255,0.0318316,-27.303325494587952,-34.98741410476908,-34.004462180000104
153.0529,11,162.543,255,1.01008,-20.988713520577928,-27.57691842397171,-32.98543400000009
153.086267,11,162.539,255,0.0258713,-20.50272043017851,-27.44860907504789,-31.966405820000084
153.119633,11,162.538,255,0.0574436,-22.087287828349115,-28.960779178025675,-31.11801895
153.153,11,162.534,255,0.0981011,-21.195690600477707,-28.101034064219167,-30.388949999999994
153.186367,11,162.535,255,0.0143446,-17.887123832662848,-23.204375378553127,-29.659881049999985
153.219733,11,162.497,255,0.67906,-18.959143084607376,-25.194420910510132,-29.363381309999998
153.2531,11,162.494,255,0.0939355,-25.13687370455358,-32.96482271388068,-29.365716999999997
153.286467,11,162.491,255,0.147068,-33.60209118955803,-44.077680575109625,-29.36805269
153.319833,11,162.49,255,0.0284234,-37.452842877380725,-51.117955345365395,-28.972141670000436
153.3532,11,162.491,255,0.0227745,-42.161706743214616,-52.578924198236955,-28.30446800000043
153.386567,11,162.486,255,0.561237,-40.73502967844561,-51.355590972435785,-27.636794329999855
153.419933,11,162.476,255,0.0406662,-18.588856880327704,-24.899021903298753,-27.248999990000108
153.4533,11,162.473,255,0.0314388,-16.70652350846106,-22.37491715539309,-27.04979899999994
153.486667,11,162.472,255,0.0403526,-15.87515970819836,-21.708101783433886,-26.85059800999994
153.520033,11,162.472,255,0.0357867,-17.213133400787523,-22.793760857733115,-26.68045083999994
153.5534,11,162.493,255,0.553282,-28.397413210384975,-34.62809361904706,-26.52963199999994
153.586767,11,162.488,255,0.0328885,-30.62915368119353,-39.2337136266325,-26.378813159999936
153.620133,11,162.486,255,0.0322602,-23.47066935564392,-32.17945683658713,-25.77279170999955
153.6535,12,162.487,255,0.204615,-17.916202885384152,-25.5637278333519,-24.86754499999954
153.686867,12,162.488,255,0.0324436,-14.740431477640291,-20.571586075558724,-23.962298289999534
153.720233,12,162.364,255,0.929783,-15.16103987062328,-23.252739027703704,-23.640800760000026
153.7536,12,162.358,255,0.0492893,-12.56685625817943,-19.31543751364022,-23.69819200000001
153.786967,12,162.358,255,0.0118544,-12.827402351239884,-19.331691403693902,-23.755583239999993
153.820333,12,162.356,255,0.0260124,-16.102616807820418,-23.50354588628618,-23.93863069999996
153.8537,11,162.395,255,0.806598,-22.644696404397962,-30.703014090987672,-24.20222999999996
153.887067,11,162.397,255,0.989169,-32.836016986971416,-43.969503927442844,-24.465829299999964
153.920433,11,162.395,255,0.0860015,-38.326583732668745,-48.20980460441718,-24.759457209999983
153.9538,11,162.393,255,0.0600651,-38.570950466625966,-49.486152536936295,-25.072105999999987
153.987167,11,162.472,255,0.511423,-31.271161792529245,-41.45816848286755,-25.384754789999988
154.020533,11,162.46,255,0.118882,-32.42187948026527,-42.00322228433438,-26.17868773000005
154.0539,11,162.473,255,0.778663,-33.87486901392227,-42.56900431528592,-27.27345900000006
154.087267,11,162.468,255,0.0374078,-24.9303501798068,-35.98813905437322,-28.36823027000007
154.120633,11,162.453,255,0.0993175,-24.391961868231874,-33.99259003070292,-29.533946250000177
154.154,11,162.446,255,0.162683,-18.768726857878033,-27.524913562152886,-30.743500000000186
154.187367,11,162.443,255,0.153627,-18.58280891942408,-27.841897298556034,-31.953053750000198
154.220733,11,162.435,255,0.726017,-33.76166035465513,-43.789612127401426,-32.33615386999999
154.2541,11,162.432,255,0.0272103,-49.11379886921002,-59.89236736773288,-32.21569900000002
154.287467,11,162.427,255,0.0421918,-30.149167599352367,-43.75482182252621,-32.095244130000054
154.320833,11,162.432,255,0.079936,-34.39240409492196,-44.554672629589156,-30.933559530000906
154.3542,11,162.433,255,0.0212023,-27.729357126986915,-36.152213608213714,-29.14542200000089
154.387567,11,162.479,255,0.654513,-20.936209578869345,-29.409908268832933,-27.357284470000877
154.420933,11,162.473,255,0.0466048,-16.44333658064918,-23.88688815131436,-26.369259790000207
154.4543,11,162.474,255,0.0688813,-13.547530098059262,-20.76002634283305,-25.856409000000205
154.487667,11,162.466,255,0.123311,-11.10645816087818,-18.741127616700894,-25.3435582100002
154.521033,11,162.466,255,0.0324891,-15.254384342738584,-21.40470582450535,-24.980688080000085
154.5544,11,162.437,255,0.543863,-18.058954248204863,-25.56168525134364,-24.70574400000008
154.587767,11,162.433,255,0.0234516,-29.600894637853035,-39.03186471660195,-24.430799919999846
154.621133,11,162.432,255,0.0328396,-23.553854733794676,-35.340736532228576,-24.149312850000058
154.6545,11,162.43,255,0.0506369,-16.98584106322336,-26.118161303263797,-23.864024999999813
154.687867,11,162.427,255,0.0708322,-11.253673618618507,-21.482981498054645,-23.578737149999814
154.721233,11,162.413,255,1.06765,-16.20093000150271,-22.934073360460697,-23.629151580000137
154.7546,11,162.409,255,0.039681,-26.322238934795735,-34.517980450335045,-23.871396000000072
154.787967,12,162.411,255,0.148605,-17.579918415954022,-25.85297632455061,-24.113640420000003
154.821333,11,162.434,255,0.808337,-16.42120667744839,-23.78163418764457,-24.466169189999995
154.8547,11,162.407,255,0.0815603,-19.60620906670259,-27.009199495125834,-24.880921
154.888067,11,162.311,255,1.21307,-19.786580504993132,-27.157046400788353,-25.295672810000003
154.921433,11,162.309,255,0.0283659,-18.171902300082134,-25.135922648539665,-25.534661590000013
154.9548,11,162.308,255,0.0153147,-18.310554529883017,-26.678453523134305,-25.675804000000014
154.988167,12,162.306,255,0.0421994,-16.879395268316493,-27.2461711177047,-25.816946410000014
155.021533,12,162.312,255,0.0705946,-17.02775799817196,-26.71860462340071,-26.155757530000084
155.0549,12,162.48,255,1.84536,-16.67499747869493,-27.48827455997744,-26.60320900000009
155.088267,12,162.471,255,0.0514724,-25.999887935358498,-35.75362522537863,-27.05066047000009
155.121633,12,162.467,255,0.0412945,-31.789904699760548,-40.716843687666696,-27.34839817000006
155.155,12,162.469,255,0.0930013,-25.340206445645606,-34.65519980696382,-27.564950000000064
155.188367,12,162.472,255,0.0711469,-18.413348054937416,-25.205698950311575,-27.781501830000064
155.221733,12,162.421,255,1.31922,-14.774104202778172,-22.330282515426116,-27.132204449999772
155.2551,12,162.41,255,0.04565,-20.877636286034974,-30.317294699901296,-26.019415000000077
155.288467,12,162.405,255,0.0334614,-12.01362723999313,-23.895627863319636,-24.906625550000385
155.321833,12,162.401,255,0.0475304,-11.372561905451498,-20.469926034312536,-24.498857020000013
155.3552,12,162.397,255,0.0749067,-14.24578896929854,-22.499125903863337,-24.463488000000012
155.388567,12,162.507,255,0.597325,-10.82053645825721,-19.982442820137717,-24.42811898000001
155.421933,12,162.505,255,0.0389746,-22.269990049872348,-30.976888475765634,-24.426527839999995
155.4553,12,162.503,255,0.0717904,-15.593198956076971,-24.95587118520534,-24.442543999999994
155.488667,12,162.507,255,0.0557259,-23.781668081748528,-35.85347213386962,-24.458560159999994
155.522033,12,162.501,255,0.129251,-30.244338479486775,-43.203072175218814,-24.389087800000016
155.5554,12,162.537,255,0.514438,-27.461407434010898,-35.85938444676231,-24.275640000000017
155.588767,12,162.536,255,0.0369705,-20.15014228913037,-26.089056809732178,-24.162192200000014
155.622133,12,162.534,255,0.0515961,-16.484535689135868,-22.724203565577138,-24.52770591999996
155.6555,12,162.531,255,0.0923774,-17.11219319687746,-23.638308177329943,-25.136319999999966
155.688867,12,162.532,255,0.0154839,-22.849141909627093,-28.38178134367632,-25.74493407999997
155.722233,12,162.504,255,0.32047,-13.377290710167317,-22.32061610645476,-25.576486570000085
155.7556,12,162.507,255,0.169252,-13.028161391080392,-23.91207898593496,-25.01892400000024
155.788967,11,162.524,255,0.876808,-16.918836663573114,-26.00305117676845,-24.46136142999992
155.822333,11,162.504,255,0.072947,-17.187863332725808,-24.83448474406088,-23.768924250000545
155.8557,11,162.507,255,0.0206424,-13.141826548960157,-19.634642427645314,-23.00982499999989
155.889067,11,162.473,255,0.390821,-15.57529657826156,-20.635344983831583,-22.250725749999884
155.922433,11,162.469,255,0.0283485,-15.295495933480554,-24.20823383654395,-22.00110268
155.9558,11,162.46,255,0.156542,-8.844331771852692,-17.34775552992982,-21.999768
155.989167,11,162.464,255,0.097538,-9.834982060050667,-18.634297454133584,-21.99843332
156.022533,11,162.465,255,0.0299805,-16.826894413396488,-25.860694893591443,-22.080245450000042
156.0559,11,162.397,255,0.911503,-29.2346089887971,-39.62878911474625,-22.20203500000004
156.089267,11,162.392,255,0.0346257,-25.581580871043236,-37.74143169896244,-22.323824550000044
156.122633,11,162.392,255,0.0226671,-21.24353733514326,-33.213139103399214,-22.6748827400002
156.156,11,162.383,255,0.184289,-14.477050591712123,-22.766800361223897,-23.134680000000202
156.189367,11,162.378,255,0.163652,-28.712541402927087,-35.75038390831676,-23.594477260000208
156.222733,11,162.451,255,1.16485,-34.12540855768268,-42.19044423897613,-24.391618460000327
156.2561,11,162.448,255,0.0307183,-29.52230787442395,-39.72178104663705,-25.346582000000062
156.289467,11,162.446,255,0.0443641,-18.19718692771786,-25.659875054563752,-26.3015455399998
156.322833,11,162.446,255,0.00957357,-17.70069381597449,-25.17933011259011,-26.846856439999925
156.3562,11,162.448,255,0.0883203,-18.644493773309108,-25.888334289551544,-27.203215999999927
156.389567,11,162.407,255,0.806099,-17.771909071247777,-25.218708778475676,-27.559575559999928
156.422933,11,162.402,255,0.0353331,-17.43016232991148,-25.51487410490807,-28.055357079999933
156.4563,11,162.401,255,0.0213965,-20.339206932362476,-29.721990946378014,-28.614587999999937
156.489667,11,162.397,255,0.141243,-36.41795516228596,-46.267955440775054,-29.173818919999945
156.523033,11,162.401,255,0.0278809,-38.699940191674735,-49.4852575803678,-29.249570410000004
156.5564,11,162.325,255,1.58021,-36.09492654868357,-50.38727964388509,-29.108428
156.589767,11,162.318,255,0.0960623,-23.204502233676436,-32.85595155838567,-28.96728559
156.623133,11,162.318,255,0.0503722,-21.681696001078116,-30.26054576998041,-29.471558110000064
156.6565,11,162.319,255,0.0602734,-23.090986891435346,-30.50477299404669,-30.26135500000007
156.689867,11,162.328,255,0.0827507,-26.33351074607388,-31.092967802137487,-31.051151890000078
156.723233,11,162.26,255,2.71739,-26.951313902732878,-31.792542699104683,-31.67550614999999
156.7566,11,162.268,255,1.06629,-27.633480802372,-31.864772511507997,-32.22772999999984
156.789967,11,162.239,255,0.0975608,-29.802038815262065,-34.52051021117437,-32.779953849999686
156.823333,11,162.237,255,0.00823134,-24.10143476272753,-31.00703334527208,-32.67790383000022
156.8567,11,162.238,255,0.0325336,-23.389923083578644,-30.205176035062067,-32.29451700000021
156.890067,11,162.269,255,3.13913,-24.85050306534062,-32.27189802962401,-31.911130170000213
156.923433,11,162.256,255,0.126293,-26.007314963202614,-31.529970055220048,-31.901511179999932
156.9568,11,162.249,255,0.0572493,-24.003821172775837,-30.81116528475688,-32.05032799999993
156.990167,11,162.244,255,0.174809,-24.5999408775144,-31.297181107861988,-32.19914482000006
157.023533,11,162.249,255,0.137765,-26.090795640479445,-31.554370043029547,-32.388198609999925
157.0569,11,162.097,255,2.48088,-26.786073072423005,-31.610201953452396,-32.5940730000001
157.090267,11,162.091,255,0.0516211,-26.461045262022978,-31.697301019686915,-32.7999473900001
157.123633,11,162.087,255,0.0525401,-28.532902853468777,-36.114998462947796,-33.23836433000031
157.157,11,162.095,255,0.10612,-37.300768237276316,-48.57088007059541,-33.772570000000314
157.190367,11,162.093,255,0.812954,-44.77730776022776,-53.982116002434026,-34.30677567000032
157.223733,11,162.18,255,2.35337,-35.5697789636208,-45.98788420324021,-34.206582239999825
157.2571,11,162.176,255,0.0483257,-40.98728929006354,-50.98787224314666,-33.84888799999993
157.290467,11,162.173,255,0.0914887,-27.805674486831837,-35.92465553933191,-33.49119376000003
157.323833,11,162.171,255,0.0636296,-24.255604940280797,-31.48175073698042,-33.371840240000004
157.3572,11,162.103,255,1.33007,-21.377126187737318,-27.45560338264661,-33.347816
157.390567,11,162.098,255,1.86006,-19.842998668213557,-26.58286340031876,-33.32379176
157.423933,11,162.088,255,0.1676,-22.521447416024692,-30.91278274096767,-32.836664689999985
157.4573,11,162.089,255,0.0145833,-44.70972907707014,-57.893177140400795,-32.16698899999997
157.490667,11,162.088,255,0.0322342,-44.98230418060995,-54.570407478410836,-31.49731330999997
157.524033,11,162.006,255,1.26382,-42.3353520146254,-51.29166699878153,-30.781033669999907
157.5574,11,162.112,255,1.7978,-22.244751837675256,-32.58734474613099,-30.0466259999999
157.590767,11,162.109,255,0.0309494,-16.797323863035434,-23.446662157776057,-29.312218329999897
157.624133,11,162.107,255,0.0348665,-17.152077202596846,-24.945150670744475,-29.00426277999997
157.6575,11,162.102,255,0.0997472,-20.778492904471193,-30.088145785927612,-28.859449999999967
157.690867,11,162.122,255,0.950711,-22.102092083813883,-31.992866401490804,-28.714637219999965
157.724233,11,161.845,255,1.96563,-20.611883278616247,-27.065490212899196,-28.654159619999998
157.7576,11,161.81,255,0.1189,-20.1980045333989,-25.357264102939176,-28.625464000000004
157.790967,11,161.798,255,0.152804,-33.83414525517442,-42.931115397762994,-28.59676838000001
157.824333,11,161.796,255,0.0420052,-34.37447706315315,-47.638836918171485,-28.728671419999916
157.8577,11,161.845,255,1.08189,-20.87108159158951,-27.961784505951375,-28.92019799999992
157.891067,11,161.87,255,0.62769,-23.604048189846896,-29.19862019364455,-29.111724579999922
157.924433,11,161.866,255,0.031174,-23.944499742195255,-29.251172835754453,-29.529250669999836
157.9578,11,161.864,255,0.0802496,-34.65521036961178,-44.275991906197234,-30.02942199999984
157.991167,11,161.862,255,0.0550239,-37.45296145608055,-49.699669079498584,-30.529593329999845
158.024533,11,162.036,255,0.858779,-32.809289309004484,-44.55796193545173,-30.900951419999924
158.0579,11,162.252,255,1.02452,-18.218433530943305,-27.80157146016567,-31.22594599999993
158.091267,11,162.253,255,0.105756,-22.015443600711574,-29.93320371729307,-31.55094057999993
158.124633,11,162.255,255,0.0680794,-23.37634088449748,-29.463688549007465,-31.334984740000053
158.158,11,162.259,255,0.149385,-23.802784507383347,-30.42538430802072,-30.927240000000047
158.191367,11,162.317,255,0.531587,-21.639145002577322,-28.819490217924997,-30.5194952599997
158.224733,11,162.331,255,0.836203,-20.226535302255,-27.829206439413547,-30.223803230000062
158.2581,11,162.329,255,0.0333377,-19.542510488960676,-26.596174109876443,-29.967210999999914
158.291467,11,162.327,255,0.0829232,-19.679001421319303,-26.297383310364097,-29.710618769999986
158.324833,11,162.329,255,0.0887717,-20.12568866788653,-27.08474997928167,-29.678276220000004
158.3582,11,162.326,255,0.10286,-21.681771029717797,-29.92437045467328,-29.722988000000004
158.391567,11,162.28,255,0.692826,-21.540762342145616,-30.74284515708058,-29.767699780000004
158.424933,11,162.278,255,0.0251714,-22.2038751459649,-33.79648039251973,-29.901421030000026
158.4583,12,162.275,255,0.120565,-25.443163642526443,-36.697606964984345,-30.06525300000003
158.491667,12,162.27,255,0.0944217,-21.370010794694156,-30.361465877472465,-30.22908497000003
158.525033,12,162.277,255,0.11236,-24.921932595558957,-33.6044366813417,-30.675784930000145
158.5584,12,162.254,255,0.448512,-27.47411838502424,-40.097256312698605,-31.21666400000015
158.591767,12,162.247,255,0.0348177,-49.12835533463871,-61.00498994041416,-31.757543070000153
158.625133,12,162.247,255,0.0452615,-54.15293802400135,-65.30384847670463,-32.372799610000236
158.6585,12,162.237,255,0.233255,-19.472010271082258,-29.123362181784106,-33.01244500000024
158.691867,10,162.226,255,0.996342,-19.899203853754557,-28.53115299193774,-33.65209039000025
158.725233,10,162.173,255,0.64667,-24.680499831576775,-35.27314596765733,-33.83323300000001
158.7586,10,162.168,255,0.0262326,-48.988643213892104,-59.62686579648284,-33.8666
158.791967,10,162.167,255,0.0304253,-28.931614692917567,-36.40034574851058,-33.89996699999999
158.825333,10,162.17,255,0.0766016,-29.346780474547415,-34.54325242064304,-33.6475767600001
158.8587,10,162.171,255,0.024885,-27.46919440364849,-32.7077667991388,-33.3045640000001
158.892067,10,162.295,255,0.595761,-25.504577395256675,-30.775070721651794,-32.96155124000009
158.925433,10,162.294,255,0.0228299,-24.338954678948213,-30.607381534383542,-32.937224249999986
158.9588,10,162.295,255,0.0942014,-23.560621923264616,-29.292993834810105,-33.01229999999999
158.992167,11,162.296,255,0.1566,-23.803486875404097,-30.12825565025984,-33.087375749999985
159.025533,11,162.295,255,0.0072895,-25.826556040219565,-32.6855048613419,-32.74243140000004
159.0589,11,162.287,255,0.0740072,-32.03321923569215,-39.518305598650926,-32.268620000000034
159.092267,11,162.294,255,0.158894,-29.496112131065217,-36.35841473323128,-31.79480860000003
159.125633,11,162.296,255,0.0276194,-24.579371201840523,-30.316175127310874,-30.982912129999985
159.159,11,162.295,255,0.191731,-19.027278260865952,-27.49197321178472,-30.068989999999978
159.192367,11,162.298,255,0.0214182,-15.515016760476836,-26.297218287241325,-29.15506786999997
159.225733,11,162.305,255,0.081849,-14.73548432822388,-25.22351690423327,-28.996179349999995
159.2591,11,162.307,255,0.00975911,-14.663188227336581,-25.511254191244245,-29.061244999999975
159.292467,11,162.315,255,0.0980404,-15.41383272460491,-25.83992550986713,-29.126310649999954
159.325833,12,162.322,255,0.119763,-22.154987120558484,-33.47742578025669,-29.222115619999933
159.3592,12,162.321,255,0.0369303,-31.907595592224872,-39.19549732831695,-29.326887999999933
159.392567,12,162.321,255,0.196802,-34.497861065248706,-40.997864028780846,-29.43166038000002
159.425933,12,162.332,255,0.0619781,-43.67195824829176,-53.74981328110257,-29.777347189999777
159.4593,12,162.378,255,0.0948882,-50.49437197881174,-61.023698585354,-30.192099000000134
159.492667,12,162.396,255,0.0309277,-48.15134095856474,-59.15611305058061,-30.60685081000014
159.526033,12,162.449,255,0.137893,-53.83200640845785,-66.53727530646451,-32.418781300000916
159.5594,12,162.511,255,0.20406,-43.51109141607505,-57.57644785229803,-34.624340000000934
159.592767,12,162.549,255,0.147306,-42.91966270694096,-54.727199777907096,-36.82989870000095
159.626133,12,162.607,255,0.182453,-59.17003193287438,-67.46241527347264,-38.83860981000101
159.6595,11,162.702,255,0.986249,-37.42695044794441,-48.80146564102552,-40.792915000001024
159.692867,11,162.676,255,0.125419,-26.666982070173173,-33.71662984376329,-42.74722019000104
159.726233,11,162.699,255,0.174007,-35.35429489378383,-45.397170380120144,-43.11620661999997
159.7596,11,162.737,255,0.152908,-44.17415763619625,-56.18282356489845,-43.054143999999994
159.792967,11,162.764,255,0.142721,-43.29371375910412,-54.838655969340884,-42.99208138000001
159.826333,11,162.782,255,0.0541688,-37.38021209463921,-47.89871066333579,-41.46195587000026
159.8597,11,162.819,255,0.204625,-37.53701252327393,-48.86502868147962,-39.53968300000025
159.893067,11,162.841,255,0.819793,-37.5969041870343,-48.9322294074441,-37.61741013000024
159.926433,11,162.844,255,0.2131,-29.870721463227913,-38.840544673045216,-35.89714299000006
159.9598,11,162.875,255,0.169302,-23.343308544436326,-29.83644157209185,-34.22979400000005
159.993167,11,162.887,255,0.0613444,-21.352789497164068,-27.453680790653014,-32.56244501000003
160.026533,11,162.939,255,0.237094,-19.778108031311515,-26.54778524477355,-31.75852980999996
160.0599,11,163.025,255,0.796009,-20.508491783246868,-27.1024998769046,-31.17694299999996
160.093267,11,163.071,255,0.217805,-20.876966149526634,-27.28550466204176,-30.595356189999954
160.126633,11,163.093,255,0.214424,-21.61348820695675,-27.89325211859603,-30.397834669999984
160.16,11,163.136,255,0.413553,-22.39939249999929,-28.77990399999863,-30.297399999999982
160.193367,11,163.139,255,0.0429601,-24.609354333426563,-30.83558051267955,-30.196965329999983
160.226733,11,163.189,255,0.878126,-26.822224752131998,-33.5135990041237,-30.351833820000007
160.2601,11,163.211,255,0.20875,-35.23805634921817,-44.93792548651756,-30.570053999999946
160.293467,11,163.224,255,0.412008,-52.07197272804001,-61.674629938127005,-30.78827417999989
160.326833,11,163.236,255,0.0464768,-35.499850650916436,-43.07920611376739,-30.96221336999992
160.3602,11,163.296,255,0.288492,-38.923600864770485,-45.323822657729934,-31.12537799999992
160.393567,11,163.34,255,0.648064,-35.74937974476177,-53.43515774869888,-31.288542629999924
160.426933,11,163.375,255,0.123253,-37.294105327675624,-51.4345965952448,-30.729897970000287
160.4603,11,163.382,255,0.0729579,-17.65679357643483,-27.085328636203855,-29.99882700000028
160.493667,11,163.384,255,0.0695833,-15.146846818308433,-23.478692042609065,-29.267756030000275
160.527033,11,163.384,255,0.0755501,-16.191481164534228,-24.355274515820852,-29.006810840000046
160.5604,11,163.379,255,0.108171,-15.317481727605074,-24.533846292504006,-28.855992000000043
160.593767,11,163.377,255,0.0317632,-17.885495885485614,-27.226677514603626,-28.705173159999912
160.627133,11,163.418,255,0.788831,-20.632932465616573,-28.76696522992535,-28.518000620000038
160.6605,11,163.394,255,0.146134,-27.56353596048403,-36.374254655463645,-28.32246999999987
160.693867,11,163.395,255,0.0220443,-34.444861844887164,-46.611677675478994,-28.126939379999868
160.727233,11,163.392,255,0.0385026,-19.561649077716392,-31.744995011247923,-28.38348242000019
160.7606,11,163.391,255,0.106245,-20.186623064595043,-27.726641677026947,-28.74184400000009
160.793967,11,163.39,255,0.0131977,-26.66674275870153,-37.605982781760936,-29.10020557999999
160.827333,11,163.391,255,0.032219,-35.09411749238122,-47.69151010542718,-30.07983551000001
160.8607,11,163.389,255,0.0923535,-41.247103970093626,-51.566654770833274,-31.19662900000002
160.894067,11,163.391,255,0.016365,-37.84837421295379,-49.197095427740244,-32.31342249000003
160.927433,11,163.39,255,0.0284559,-31.715087814384056,-41.907703183279196,-32.59676797000001
160.9608,11,163.392,255,0.139149,-21.845484487038924,-29.154480731261394,-32.69987200000001
160.994167,12,163.395,255,0.0630697,-21.667840130120954,-29.111272851129637,-32.80297603000001
161.027533,12,163.397,255,0.0499284,-23.353304936577157,-30.438225779402735,-33.250514800000104
161.0609,12,163.398,255,0.0116352,-24.44827037564498,-32.75641538323923,-33.77104000000011
161.094267,12,163.399,255,0.071314,-25.359137739417154,-38.077241786105795,-34.291565200000115
161.127633,12,163.474,255,0.363787,-29.031828601766144,-38.89226084588076,-33.87559242999981
161.161,12,163.474,255,0.0902626,-31.29895735536485,-41.770263753902995,-33.26530999999981
161.194367,12,163.475,255,0.0109136,-26.96449543292589,-39.01471884850713,-32.6550275699998
161.227733,12,163.474,255,0.0176172,-22.930104285050934,-30.268196615385015,-32.36286093999996
161.2611,12,163.48,255,0.0681066,-22.98016911770494,-28.699562121220545,-32.13529800000003
161.294467,12,163.463,254,0.359514,-23.013134687995144,-28.969882778746598,-31.90773506000009
161.327833,12,163.462,255,0.0277289,-23.216101224441143,-28.75124927773889,-31.643161050000096
161.3612,12,163.46,255,0.0392556,-24.83193541560044,-31.280111635166524,-31.371220000000093
161.394567,12,163.461,255,0.0359581,-23.387543948343573,-29.39925017630045,-31.09927895000009
161.427933,12,163.471,255,0.080663,-24.32412787559203,-29.74236607040835,-30.61058597000013
161.4613,12,163.467,255,0.701839,-23.007914798997543,-27.303649595838195,-30.079717000000127
161.494667,12,163.461,255,0.0340766,-22.051913057467296,-27.178237306740606,-29.54884803000012
161.528033,12,163.462,255,0.0317958,-21.43184827553564,-27.052978126892516,-29.45026383
161.5614,12,163.46,255,0.0274078,-22.02344733711396,-27.391166759913308,-29.433914
161.594767,10,163.621,255,0.728098,-22.72383131313003,-27.188899117470932,-29.417564170000002
161.628133,10,163.578,255,0.561883,-22.734350448392192,-29.373511059622977,-29.04870834000002
161.6615,10,163.564,255,0.0722786,-39.47933574406015,-51.04357443397721,-28.614270000000015
161.694867,10,163.56,255,0.0278733,-27.10763092118126,-40.99187551085751,-28.179831660000012
161.728233,10,163.554,255,0.0261892,-16.68789051436773,-24.74492401195359,-28.33999331999995
161.7616,10,163.536,255,0.0855295,-16.62344686439447,-24.83382906116941,-28.608263999999878
161.794967,10,163.482,255,0.89644,-23.915151579819856,-34.153182192815635,-28.87653468000003
161.828333,10,163.463,255,0.12756,-35.93893304678576,-50.625508055596704,-29.05243173999989
161.8617,10,163.451,255,0.100933,-26.93507039151898,-39.480214551691894,-29.211926000000027
161.895067,10,163.448,255,0.0244586,-44.56471511025533,-55.4316772505941,-29.371420260000026
161.928433,10,163.445,255,0.022768,-21.044637826319754,-30.975338090129583,-29.609100490000063
161.9618,10,163.437,255,0.954485,-20.156819203712526,-28.369263773132356,-29.860354000000065
161.995167,10,163.436,255,0.0193576,-24.840432303473758,-35.526567594759605,-30.111607510000066
162.028533,10,163.435,255,0.0150499,-59.34535562353242,-66.9762201971514,-30.51265174000015
162.0619,10,163.432,255,0.0249707,-32.49497510284381,-41.90818767777465,-30.939082000000152
162.095267,10,163.427,255,0.0538411,-21.5926113079727,-29.276369974732045,-31.365512260000155
162.128633,10,163.31,255,0.951394,-20.275540958280605,-26.725164888529857,-31.02571065999979
162.162,10,163.29,255,0.178612,-21.33098984920021,-27.617781282612796,-30.559239999999782
162.195367,10,163.281,255,0.10999,-21.202992247176038,-27.734352390100703,-30.09276933999978
162.228733,10,163.28,255,0.00751085,-21.53957507237619,-28.077744472226016,-29.992945739999985
162.2621,10,163.282,255,0.0603646,-21.189371833036418,-28.325840452376443,-29.952237999999998
162.295467,10,163.294,255,0.520668,-21.527738984109124,-28.680776004312563,-29.91153026000001
162.328833,10,163.292,255,0.0311534,-21.39699266476079,-28.753163415581277,-29.537802590000084
162.3622,10,163.291,255,0.0264703,-20.87045112314166,-29.660733082266145,-29.111706000000083
162.395567,10,163.287,255,0.0774631,-17.974481537451815,-26.00276330083419,-28.68560941000008
162.428933,10,163.285,255,0.0343142,-18.037392941546198,-26.672777194019336,-28.63131464
162.4623,10,163.216,255,0.376877,-22.26069888192562,-29.86298449854684,-28.633984
162.495667,10,163.213,255,0.0228223,-21.348912965547022,-28.516841222191495,-28.63665336
162.529033,10,163.212,255,0.0202496,-20.42580563251154,-27.539364862942005,-28.80771404
162.5624,11,163.196,255,0.690155,-16.841067548727196,-26.969050227956593,-29.003912000000003
162.595767,11,163.179,255,0.0766385,-18.703414105090175,-27.45793831349017,-29.200109960000006
162.629133,11,163.177,255,0.0855252,-23.063314994515803,-34.146872743496324,-29.555368220000037
162.6625,11,163.177,255,0.0400228,-25.062747265444393,-36.87506895682896,-29.933750000000042
162.695867,11,163.177,255,0.00626302,-27.80272326110004,-37.586580066471,-30.312131780000044
162.729233,11,163.179,255,0.0663878,-39.72439004677497,-49.63941785449752,-31.027266379999965
162.7626,11,163.179,255,0.0652007,-37.84888520540906,-49.20512350827248,-31.790035999999752
162.795967,9,133.784,255,36.0327,-41.07984909749978,-52.18658397440571,-32.552805619999546
162.829333,9,133.78,255,0.0345616,-44.51022866427534,-56.02799408465476,-34.28354137999897
162.8627,9,133.78,255,0.0221332,-48.29971281202818,-60.652210779637215,-36.14742199999898
162.896067,9,133.779,255,0.0179492,-52.76088486251183,-60.836809682276176,-38.011302619999
162.929433,9,133.782,255,0.0541667,-58.66554247742934,-66.82192472202688,-41.47981453999833
162.9628,7,133.789,255,0.189033,-61.19260150316413,-69.24406284812264,-45.16286399999836
162.996167,7,133.747,255,0.165859,-58.27690475301213,-65.79198119350345,-48.845913460001526
163.029533,10,133.74,255,0.183845,-56.92585981325297,-64.0195252363344,-51.98367335999891
163.0629,12,133.739,255,0.143669,-60.14509736502168,-66.54554878793468,-55.05076800000155
163.096267,12,133.74,255,0.0162381,-59.211162549358825,-65.72376988759767,-58.117862640001576
163.129633,12,133.742,255,0.062538,-59.93067342820877,-66.06478110256373,-60.462709150001345
163.163,12,133.746,255,0.0485156,-47.09258041787883,-59.22045370962106,-62.71665000000136
163.196367,12,133.748,255,0.0122363,-58.392141143310845,-65.57941016130408,-64.97059085000137
163.229733,12,133.736,255,0.109417,-56.84123887212736,-64.09034456257669,-64.58387641999968
163.2631,12,133.736,255,0.0364963,-54.43090176796519,-62.69780794374926,-63.874493999999885
163.296467,12,133.809,255,1.77341,-52.03883051682751,-59.15164020549347,-63.16511158000008
163.329833,12,133.804,255,0.126131,-51.298454118831735,-58.79842769652831,-62.76243366000002
163.3632,12,133.804,255,0.0196745,-53.14177215833614,-59.567424578181736,-62.39606400000002
163.396567,12,133.804,255,0.0596853,-51.158031252330666,-58.93370817104799,-62.02969434000001
163.429933,12,133.807,255,0.138276,-54.3571202998081,-60.50717660345373,-61.95877436999999
163.4633,12,133.989,255,1.5991,-54.71204981216954,-62.41787365541804,-61.921737
163.496667,12,133.986,255,0.0317535,-52.053614286398506,-60.131464841006355,-61.88469963
163.530033,10,134.029,255,0.638109,-53.50924244095907,-61.662559950357874,-54.963799439998894
163.5634,10,134.021,255,0.0485645,-54.27348500848443,-59.55337077996496,-47.27871199999883
163.596767,10,134.022,255,0.0219217,-54.219658941921075,-61.33058241958478,-39.59362455999877
163.630133,10,134.008,255,2.62719,-48.79214020939034,-58.636645957669295,-35.95291736999922
163.6635,10,134.003,255,0.0702886,-21.14723026831447,-34.43038366361611,-32.74601499999919
163.696867,10,133.999,255,0.084515,-17.433590066518178,-25.426499210097983,-29.539112629999167
163.730233,10,133.995,255,0.0586491,-16.377062271642444,-24.27411288173072,-27.894445479999874
163.7636,10,133.999,255,0.0596137,-14.089485744949435,-21.441046607274505,-26.411616000000283
163.796967,10,133.893,255,1.71893,-12.13592503754859,-21.630494068626287,-24.928786520000692
163.830333,10,133.878,255,0.125398,-11.57277094449896,-20.344591615150595,-24.758510390000016
163.8637,10,133.871,255,0.109378,-11.562310612401967,-20.033977467000362,-24.719471000000016
163.897067,10,133.871,255,0.00734701,-17.91533198607668,-29.173620192235276,-24.680431610000014
163.930433,10,133.871,255,0.0330458,-34.95674129342836,-47.01414150192171,-24.463360340000072
163.9638,10,134.012,255,2.53655,-27.158246715791574,-40.58968203135811,-24.22912400000007
163.997167,10,134.007,255,0.0336903,-24.931071430114244,-35.12165921618394,-23.99488766000007
164.030533,10,134.001,255,0.0895052,-17.450102269865376,-24.85402436830609,-24.162167289999957
164.0639,10,133.999,255,0.0406163,-15.249482884269513,-23.497874225180848,-24.36670699999996
164.097267,10,133.999,255,0.0569434,-19.327302717994147,-28.93858972807417,-24.57124670999996
164.130633,10,133.854,255,1.86545,-20.550317029249605,-27.830985729540288,-25.27754882999992
164.164,10,133.831,255,0.221561,-16.268328143017378,-24.331337183799402,-26.02863999999992
164.197367,10,133.831,255,0.00218859,-17.008811817380455,-24.5120418095053,-26.779731170000566
164.230733,10,133.828,255,0.0808192,-16.471022164861996,-24.840641532742666,-26.892168089999984
164.2641,10,133.829,255,0.0213184,-17.007354119527676,-27.446904306694034,-26.949893000000017
164.297467,10,133.783,255,1.24246,-31.761270555478347,-42.05265762185426,-27.00761791
164.330833,10,133.775,255,0.0979687,-51.31557019419879,-58.328690664505494,-27.288880340000027
164.3642,10,133.774,255,0.0700217,-31.631799093846457,-44.832147548259094,-27.58851600000003
164.397567,10,133.77,255,0.111419,-18.53182266521378,-27.874371443257182,-27.88815166000003
164.430933,10,133.768,255,0.0597548,-22.851282937893423,-31.77485040510345,-28.21438072000006
164.4643,10,133.768,255,0.0129178,-19.773455569071558,-26.814319717151275,-28.542712000000062
164.497667,12,133.752,255,0.522513,-20.563679882998844,-27.408344363803696,-28.871043280000066
164.531033,12,133.754,255,0.0458214,-21.790063132611248,-29.319296890497547,-29.737166610000262
164.5644,12,133.753,255,0.00871853,-29.6663805927424,-37.86292033455104,-30.64374800000027
164.597767,13,133.752,255,0.0305859,-25.126158886935794,-34.17394585262277,-31.550329390000275
164.631133,13,133.752,255,0.0601259,-22.870832359051818,-29.959260475861132,-31.61037734
164.6645,13,133.748,255,0.0534581,-29.484086566869777,-39.592542550838374,-31.60971
164.697867,13,133.747,255,0.0428223,-34.73423390400424,-45.207138134434345,-31.60904266
164.731233,13,133.746,255,0.0376172,-35.620620309940904,-47.65987583180998,-31.374127839999947
164.7646,13,133.747,255,0.00851128,-37.103627403580425,-48.588030363972415,-31.123208000000012
164.797967,13,133.747,255,0.0549577,-35.39949253719564,-47.08138625331631,-30.872288160000082
164.831333,13,133.747,255,0.00461372,-16.82104313715242,-25.08281479131959,-30.697515030000044
164.8647,13,133.748,255,0.00956814,-19.034799381943458,-26.23075378713717,-30.527677000000043
164.898067,13,133.749,255,0.108498,-19.630681070966403,-27.00616607396638,-30.357838970000042
164.931433,13,133.749,255,0.0052474,-21.733225138611616,-28.440996009656452,-30.185491390000028
164.9648,13,133.75,255,0.00276584,-23.132962907659252,-29.90222829741278,-30.012984000000028
164.998167,13,133.749,255,0.0157943,-23.052139932827043,-29.68706463075979,-29.840476610000024
165.031533,13,133.75,255,0.00197483,-22.978586949751556,-29.988623829379968,-29.55729356000002
165.0649,13,133.749,255,0.00474609,-22.14161574316829,-29.430980390943773,-29.26766800000002
165.098267,13,133.749,255,0.0679622,-22.115242558638602,-29.251922580388147,-28.978042440000014
165.131633,13,133.749,255,0.004898,-22.4383198686074,-29.25306881821657,-29.48051588000002
165.165,13,133.747,255,0.270514,-22.831141062953666,-29.55333005657877,-30.026400000000024
165.198367,13,133.746,255,0.0159918,-24.98229155364889,-31.8477152165652,-30.572284120000027
165.231733,13,133.747,255,0.0034375,-27.53089102507854,-35.16237717967467,-30.53363002000001
165.2651,13,133.748,255,0.0101964,-25.112951906060996,-34.712163819153396,-30.46489400000003
165.298467,13,133.745,255,0.048826,-19.43087125594242,-29.020726213897742,-30.396157980000048
165.331833,13,133.745,255,0.00539171,-19.693390211502475,-28.10632724820576,-30.43883951999997
165.3652,13,133.743,255,0.101349,-21.137774435803845,-28.12762018098647,-30.486887999999972
165.398567,13,133.744,255,0.012947,-22.20017209234117,-28.998456233149476,-30.53493648000001
165.431933,13,133.743,255,0.0536697,-23.23255871424511,-30.046942936436402,-30.837808859999836
165.4653,12,133.726,255,0.547766,-24.366899575372535,-31.407411203618036,-31.152126000000106
165.498667,12,133.726,255,0.034923,-24.731748116908687,-31.623315485680497,-31.46644314000011
165.532033,12,133.726,255,0.00593424,-26.229647720448057,-34.57539933543094,-31.29929486999992
165.5654,12,133.727,255,0.0371517,-35.4812925118825,-47.40273616270507,-31.112105999999915
165.598767,12,133.725,255,0.0488997,-28.337631138933137,-39.53573681119338,-30.924917129999915
165.632133,12,133.726,255,0.0118576,-34.34992508606029,-45.75225137804842,-30.95527428000002
165.6655,13,133.727,255,0.125883,-20.948040182947963,-27.981255368660193,-30.99398000000002
165.698867,13,133.727,255,0.00734484,-21.70338108282984,-28.06527764730706,-31.03268572000002
165.732233,13,133.73,255,0.0426921,-21.753838472859474,-27.2712201760561,-31.27832614000009
165.7656,13,133.733,255,0.0704329,-22.406485728223565,-29.664971373561897,-31.531248000000023
165.798967,13,133.734,255,0.0125803,-26.235533236337815,-35.649174959595896,-31.784169859999952
165.832333,13,133.736,255,0.0615137,-28.004826315659336,-36.58911351127237,-31.53365933000003
165.8657,13,133.736,255,0.0223231,-26.223511592857314,-35.6125014415961,-31.26705700000003
165.899067,13,133.737,255,0.00880534,-20.88517404865705,-27.96766119856562,-31.000454670000025
165.932433,13,133.743,255,0.11427,-23.498996303520617,-31.133859243660385,-31.260247919999994
165.9658,13,133.856,255,2.85486,-26.499105564056215,-34.093876315005296,-31.535191999999995
165.999167,13,133.848,255,0.0445681,-29.177545021235705,-36.19998996385913,-31.81013608
166.032533,13,133.846,255,0.013099,-30.866194774011756,-37.40608390690511,-32.40031669000005
166.0659,13,133.846,255,0.0161643,-28.012754438902757,-35.80926604528384,-32.99858700000005
166.099267,13,133.847,255,0.0507823,-22.854298164533795,-32.40407846664901,-33.596857310000054
166.132633,13,133.762,255,2.12598,-28.804263725074165,-35.618342658979046,-32.794501329999854
166.166,13,133.756,255,0.0972493,-24.32471671388539,-33.17538792861311,-31.960659999999844
166.199367,13,133.757,255,0.0319629,-18.964294415131818,-27.265081959171678,-31.12681866999984
166.232733,13,133.759,255,0.0676693,-18.42809638689413,-25.80831895256396,-31.40265103
166.2661,13,133.765,255,0.0266688,-21.979328117236246,-28.88125060399391,-31.69995099999992
166.299467,13,133.552,255,1.78864,-23.652448495922258,-31.24851976844559,-31.99725096999984
166.332833,13,133.545,255,0.100765,-30.467416801851417,-39.654245838180614,-31.71175628000014
166.3662,13,133.542,255,0.0726074,-38.380201834575956,-46.057189049818135,-31.416792000000136
166.399567,13,133.54,255,0.0118804,-55.53258281084773,-61.65299743715609,-31.121827720000134
166.432933,12,133.596,255,0.625362,-47.254552087006054,-58.003817256029464,-30.00552326000042
166.4663,12,133.767,255,2.55853,-17.575774235738496,-28.92281433675766,-28.87838600000041
166.499667,12,133.767,255,0.0543099,-17.092988329426998,-23.88585251692127,-27.751248740000403
166.533033,12,133.778,255,0.12392,-15.823169005203143,-22.82246437022448,-27.392823170000096
166.5664,12,133.777,255,0.0778722,-16.755320060841864,-23.397934244211122,-27.04213600000009
166.599767,12,133.778,255,0.0603071,-16.166850860638487,-23.294657512445553,-26.691448829999793
166.633133,12,133.61,255,3.55244,-17.10372653623257,-23.88432297956289,-26.488214020000036
166.6665,12,133.6,255,0.0619575,-17.144180301082894,-24.28709914906467,-26.28600999999986
166.699867,12,133.597,255,0.0358377,-17.324557370833887,-25.115519507242862,-26.08380597999986
166.733233,12,133.59,255,0.125961,-18.1061744744771,-27.284248921953232,-26.116897660000014
166.7666,12,133.591,255,0.0211545,-23.199014551823105,-31.896395427225727,-26.150932000000005
166.799967,12,133.574,255,2.1136,-25.615975627854148,-32.239415438897545,-26.184966339999995
166.833333,12,133.565,255,0.118159,-25.370710595697247,-31.378249362256184,-26.94732571000002
166.8667,12,133.562,255,0.0880024,-26.125878872779204,-31.90585576585571,-27.710429000000026
166.900067,12,133.558,255,0.10312,-27.86545482862233,-33.78895763254114,-28.47479725000006
166.933433,12,133.56,255,0.0588162,-31.983530675636832,-39.178332164059185,-29.867827750000174
166.9668,12,133.556,255,0.0951432,-46.46653540763337,-55.02840318633338,-31.260900000000184
167.000167,12,133.555,255,0.0630132,-52.71501574407164,-61.3425530081566,-32.65564225000024
167.033533,10,133.553,255,0.0524631,-54.89743473632349,-62.81079640781887,-34.38233275000039
167.0669,10,133.547,255,0.0745768,-59.511532920784454,-68.24498206974745,-36.1090750000004
167.100267,10,133.546,255,0.0143522,-57.09482880992007,-64.9203074799148,-37.84117327000058
167.133633,12,133.543,255,0.104379,-56.37605821383604,-63.39694726886606,-40.23718573000078
167.167,12,133.55,255,0.187109,-55.580070202831934,-61.78837831013047,-42.6332700000008
167.200367,12,133.549,255,0.00611979,-55.35191730711504,-64.5947396331679,-45.07348969000216
167.233733,12,133.548,255,0.00053928,-54.45049469413597,-62.81479268630751,-51.482097310000874
167.2671,12,133.548,255,0.000104167,-54.89756367338492,-61.30536141061202,-57.8908969999991
167.300467,12,133.548,255,8.35503e-05,-53.34568696948447,-58.6681229901568,-64.20054792000028
167.333833,12,133.548,255,0.00197917,-55.00063829605322,-60.715526802943614,-63.52522008000022
167.3672,12,133.543,255,0.0776921,-56.29832352369834,-64.37505731556993,-62.84987200000021
167.400567,12,133.526,255,0.561425,-53.26786576169545,-60.92150548092336,-62.031209000002846
167.433933,12,133.524,255,0.0281934,-55.20922739741277,-63.954461169455335,-52.92229100000208
167.4673,12,133.527,255,0.0525564,-50.52861971354569,-58.99806151244792,-43.81310000000201
167.500667,12,133.525,255,0.0269868,-27.43477784756589,-38.50562619402451,-34.88461931000002
167.534033,13,133.525,255,0.0845497,-16.69864458669667,-27.35789968583884,-34.815551690000014
167.5674,11,143.018,255,38.2675,-17.98641435592752,-28.228341441100746,-34.74648200000001
167.600767,10,143.008,255,0.0657498,-23.15304691787238,-34.8831727181346,-34.66720354000006
167.634133,8,143.005,255,0.0351042,-47.78854817955787,-55.6755695150063,-34.15403446000001
167.6675,8,143.014,255,0.0459136,-48.3157283517939,-63.43545867866324,-33.64085000000001
167.700867,6,143.026,255,0.0503581,-56.13190052899107,-62.83426012520765,-33.107213010000024
167.734233,6,142.693,255,2.25189,-33.956591965684375,-50.08141015445638,-31.806939990000288
167.7676,6,142.673,255,0.116646,-17.54119875672686,-28.097975941831262,-30.506628000000646
167.800967,6,142.673,255,0.122858,-19.704768714203194,-26.830628328459937,-29.248912360000013
167.834333,6,142.671,255,0.0111523,-18.003698817193822,-25.415620050717788,-29.418411639999885
167.8677,11,142.673,255,0.0750532,-15.55319228369202,-25.377638627573088,-29.58791600000003
167.901067,11,142.844,255,3.3636,-16.32624869513458,-27.61094557598207,-29.749439199999983
167.934433,11,142.84,255,0.0563965,-20.51593912253405,-31.054635188347294,-29.66936079999998
167.9678,11,142.838,255,0.0155957,-27.327969707607323,-37.906125708497385,-29.589279999999977
168.001167,11,142.838,255,0.0223969,-42.540012969199566,-46.98000684952673,-29.51545432000003
168.034533,11,142.843,255,0.122389,-31.07803978400135,-38.810622398514894,-29.614217680000035
168.0679,11,142.438,255,3.96561,-23.03701043327324,-30.724907775137428,-29.712984000000038
168.101267,11,142.431,255,0.0563097,-24.43996104696785,-31.307392993437983,-29.860795890000535
168.134633,11,142.427,255,0.0287739,-25.80138236127206,-34.62340796245464,-31.25115711000065
168.168,11,142.427,255,0.0363878,-41.149841046590026,-51.28358614038398,-32.641560000000666
168.201367,11,142.426,255,0.103648,-51.592196329208086,-60.264764323161025,-33.95495977999977
168.234733,11,142.375,255,5.19367,-40.11947481760345,-52.95482955730223,-33.46581421999987
168.2681,11,142.365,255,0.0624859,-21.58495475732367,-32.7471974615846,-32.976654
168.301467,11,142.361,255,0.0318392,-18.467715837809486,-27.68997538405232,-32.51541078999996
168.334833,11,142.36,255,0.00519423,-17.70428659963465,-26.54983158074357,-32.661220209999975
168.3682,11,142.416,255,0.630788,-20.111121757090743,-30.26581839192933,-32.80703399999997
168.401567,11,142.2,255,3.66742,-32.48210951801829,-44.283383660426274,-32.955135609999964
168.434933,11,142.191,255,0.0522786,-43.01412056026359,-53.71051530272655,-33.14965938999998
168.4683,11,142.184,255,0.035548,-28.901247314350574,-42.23650442689935,-33.344188999999986
168.501667,11,142.182,255,0.0571832,-31.572052032577453,-42.95692949406904,-33.53203394
168.535033,11,142.18,255,0.0916905,-41.54731791009652,-52.45217485947308,-33.59276006
168.5684,11,142.853,255,4.79237,-52.37847427684839,-62.21462362902485,-33.653488
168.601767,11,142.844,255,0.0557574,-51.78023661975821,-59.42036197365498,-33.841104210000076
168.635133,11,142.842,255,0.0993349,-24.666971137057505,-35.34732911211774,-36.29784279000028
168.6685,11,142.84,255,0.0330089,-37.033574574047975,-48.4840007032778,-38.754655000000305
168.701867,11,142.841,255,0.0746777,-52.38994982013361,-60.006358569820506,-41.04311981999994
168.735233,11,143.61,255,5.6362,-29.995970480825925,-45.061240088119106,-40.49124618000005
168.7686,11,143.6,255,0.066084,-53.1631539171697,-61.16303207509395,-39.9393560000002
168.801967,11,143.597,255,0.0339138,-39.1903846133013,-50.14472132437148,-39.370234900000526
168.835333,11,143.596,255,0.00463976,-34.50784616354948,-46.12608674602741,-38.526075100000455
168.8687,11,143.597,255,0.0714768,-26.257188338379752,-34.76101690297139,-37.68189000000045
168.902067,11,143.514,255,6.56688,-24.526571559508238,-31.605205855622245,-36.90265003999989
168.935433,11,143.499,255,0.0737869,-25.89196593709561,-33.72078542326703,-37.10684995999991
168.9688,11,143.497,255,0.0123014,-27.6955401412831,-34.73253895640444,-37.311055999999915
169.002167,11,143.494,255,0.0263715,-30.564386255552396,-39.26854229183156,-37.47764292000016
169.035533,11,143.494,255,0.0310297,-36.942504803871536,-46.7562537893861,-37.10260908000013
169.0689,11,143.817,255,5.83165,-34.35569149163385,-44.67090210940909,-36.7275639999998
169.102267,11,143.809,255,0.178477,-34.79628481610546,-44.6869293856451,-36.38797480000008
169.135633,11,143.805,255,0.0224262,-30.004133233379175,-43.34455498719427,-36.53478520000009
169.169,11,143.81,255,0.247554,-19.33759092434245,-32.54089565668127,-36.68160000000009
169.202367,11,143.814,255,0.0360048,-22.21155379501251,-36.215969628322426,-36.856061360000325
169.235733,11,143.968,255,5.02975,-26.604252750011913,-40.33963134889606,-37.39258664000022
169.2691,11,143.962,255,0.0583051,-25.621158352927143,-38.671720549851905,-37.92912800000007
169.302467,11,143.958,255,0.0314985,-26.97137407049732,-39.27668702409147,-38.430070549999996
169.335833,7,143.908,255,0.837118,-25.48420576815238,-36.53783140430445,-38.48512445
169.3692,7,143.914,255,0.0433811,-32.58788575175258,-42.98793984536091,-38.54018
169.402567,7,143.876,255,3.46481,-27.265149877374053,-38.935402227253434,-38.63040344999999
169.435933,7,143.877,255,0.65008,-44.24102697684797,-52.78540693400584,-39.14257155000003
169.4693,7,143.887,255,0.690219,-36.39387871874573,-44.8691188029813,-39.65475500000004
169.502667,7,143.886,255,0.693895,-34.06546022864924,-44.79456220455627,-40.162991290000036
169.536033,7,143.878,255,0.121895,-37.57508163802437,-50.31538347349058,-40.62577771000007
169.5694,7,143.695,255,3.19773,-33.580229815696434,-45.436907220542764,-41.088578000000076
169.602767,7,143.683,255,0.061352,-39.86337823081263,-51.03244638662777,-41.57603226000013
169.636133,7,143.674,255,0.115312,-42.525245405653585,-51.25827360945745,-42.3361097400002
169.6695,7,143.669,255,0.0954601,-30.785794117005324,-41.90751099526816,-43.0962100000002
169.702867,7,143.675,255,0.111853,-34.30374588038423,-42.1373248020121,-43.822422320000086
169.736233,7,143.384,255,4.53251,-46.36069852097393,-54.621560367314025,-44.188113680000015
169.7696,7,143.371,255,0.142832,-48.54949851420328,-59.48668838820692,-44.55381599999992
169.802967,7,143.37,255,0.0185221,-41.666779728781066,-58.140867084940666,-44.98479231999948
169.836333,7,143.367,255,0.0801584,-45.49608366685426,-54.15018368513581,-46.08453567999957
169.8697,7,143.372,255,0.0938607,-54.84596729011414,-63.90453280157521,-47.18431199999958
169.903067,7,142.939,255,6.00785,-50.38605646200757,-57.79522851671202,-48.315586409999455
169.936433,7,142.925,255,0.0659375,-50.339397236299895,-59.07285536642669,-49.75799858999958
169.9698,7,142.924,255,0.0119293,-51.525207597428754,-61.58171549224148,-51.20045399999959
170.003167,7,142.922,255,0.0256141,-43.48463942020291,-57.899270738718336,-52.721514349999374
170.036533,7,142.924,255,0.0766981,-52.77670231627012,-59.650248290958274,-54.99207064999956
170.0699,7,142.058,255,6.67669,-52.60496550412469,-59.53267571383736,-57.26269499999958
170.103267,7,142.05,255,0.0551573,-56.32114874391597,-63.37777157277206,-59.395680639999846
170.136633,7,142.046,255,0.0262695,-53.91775824561708,-62.34283403009291,-60.26052735999992
170.17,7,142.041,255,0.0741254,-54.600990270004246,-60.29847616228385,-61.12539999999993
170.203367,7,142.043,255,0.0212337,-57.20391209880969,-63.41774984653584,-61.24407810000069
170.236733,7,142.155,255,5.25043,-57.29268494248264,-66.85179688440068,-54.714351900002
170.2701,7,142.137,255,0.149786,-60.82817032684972,-67.23218313705891,-48.184429999998244
170.303467,11,142.124,255,0.727565,-56.55776389335525,-62.98742480072871,-41.96681545999992
170.336833,11,142.122,255,0.0248307,-56.17106976563023,-63.54339694974912,-38.442698539999625
170.3702,11,142.126,255,0.0754015,-22.302959431210528,-33.48318397908839,-34.9184759999996
170.403567,11,142.292,255,6.11655,-24.02362426568044,-28.865794202964086,-31.66534545999988
170.436933,11,142.284,255,0.0706901,-20.914106861384436,-26.806908823415103,-30.677044539999798
170.4703,11,142.281,255,0.105042,-17.859481789115936,-22.97490708352847,-29.68871399999979
170.503667,11,142.28,255,0.0454481,-17.422307405053196,-22.726168425678512,-28.779040609999942
170.537033,11,142.281,255,0.038112,-18.287374414362215,-23.992847870910513,-28.506440389999916
170.5704,11,142.049,255,6.02066,-27.277616071910064,-36.42954330103918,-28.233831999999914
170.603767,11,142.038,255,0.132505,-31.454972078935548,-49.92817808601069,-27.992715730000004
170.637133,11,142.037,255,0.0853885,-18.57848889565028,-29.681413285656618,-27.999055270000003
170.6705,11,142.04,255,0.0996159,-17.683430019593914,-27.63663016368973,-28.005395000000004
170.703867,11,142.042,255,0.0232997,-29.653534583755285,-40.387287528630395,-28.070165100000196
170.737233,11,142.192,255,5.68204,-31.66006996306685,-50.008382556092734,-28.580664900000095
170.7706,11,142.186,255,0.0554178,-25.77197975783851,-38.20166141091257,-29.091179999999955
170.803967,11,142.182,255,0.124865,-24.022181297004053,-34.561741415271804,-29.656796729999677
170.837333,11,142.181,255,0.106676,-27.106337,-36.251292,-30.63075026999976
170.8707,11,142.182,255,0.102745,-28.208071759668254,-37.47281337364623,-31.60473299999977
170.904067,11,142.479,255,5.36009,-27.582333575325553,-37.35824083022453,-32.50144272999992
170.937433,11,142.467,255,0.066416,-27.121312786950114,-40.149067312896,-32.84144226999995
170.9708,11,142.466,255,0.0401584,-23.4527014153936,-30.377934515328,-33.18145199999995
171.004167,11,142.463,255,0.0627235,-24.11548259368174,-30.988628965875176,-33.404702390000075
171.037533,11,142.468,255,0.0321864,-23.23290055892045,-30.057565372645037,-32.80978661000003
171.0709,11,142.582,255,3.30268,-24.30431145549085,-33.616476470865074,-32.214853000000026
171.104267,11,142.57,255,0.094464,-25.590079081468154,-35.09487684025706,-31.718828449999997
171.137633,11,142.567,255,0.0974848,-18.8004898806076,-28.75237020531589,-31.89733655000001
171.171,11,142.564,255,0.272473,-17.7342743375832,-26.94510301312461,-32.07585000000001
171.204367,10,142.56,255,0.133979,-22.43785732611529,-32.80200962124478,-32.22715704
171.237733,10,143.203,255,2.95464,-31.699418964092004,-40.5013450368403,-32.19779496
171.2711,10,143.205,255,0.755189,-31.997797468252962,-44.25187087870063,-32.16843200000002
171.304467,10,143.202,255,0.0462565,-22.087230263993245,-31.478978206807657,-32.17605579999983
171.337833,10,143.202,255,0.00917101,-22.18487325045749,-31.984750911498654,-32.42296419999985
171.3712,10,143.205,255,0.046697,-24.992842283972454,-33.73382175868367,-32.66987999999986
171.404567,10,142.978,255,1.75969,-26.419511162987014,-34.9561845128666,-33.00868383999946
171.437933,10,142.963,255,0.115811,-25.71505103079607,-34.75045631125406,-33.92691615999954
171.4713,10,142.956,255,0.0857368,-26.39003614961671,-37.283947879338776,-34.84517600000033
171.504667,10,142.953,255,0.0704839,-24.132268828997255,-36.382936551821004,-35.60639128999992
171.538033,10,142.951,255,0.0853255,-23.632620987625067,-35.28494225608246,-35.40185770999991
171.5714,10,142.776,255,2.83741,-33.82207122598698,-48.14460761187041,-35.1973179999999
171.604767,10,142.765,255,0.044196,-36.63956115511348,-50.17145770487017,-35.073912630000166
171.638133,10,142.754,255,0.100341,-31.383594873851777,-42.129254636189174,-35.4372683700002
171.6715,10,142.749,255,0.110435,-22.163462391211663,-33.45984470053147,-35.8006350000002
171.704867,10,142.755,255,0.0957031,-43.5178827531237,-52.858955183110176,-36.160059360000176
171.738233,10,142.529,255,4.40366,-50.04829110609953,-60.07429197270149,-36.496388640000106
171.7716,10,142.516,255,0.0629123,-21.781611309287072,-32.74580273726339,-36.83272800000002
171.804967,10,142.513,255,0.0112945,-31.42498138567263,-43.50858964563348,-37.15083846999996
171.838333,10,142.513,255,0.023469,-59.94961046130566,-66.67445622369209,-37.36471452999998
171.8717,10,142.514,255,0.0836979,-35.006617393973805,-49.25557089917679,-37.57859699999998
171.905067,10,141.846,255,7.47604,-57.30250886756759,-66.13916911137062,-37.74196148000001
171.938433,10,141.838,255,0.0450933,-31.496900362052674,-44.73225371641387,-37.62317852
171.9718,10,141.835,255,0.0275391,-38.12474086175066,-48.656884220021624,-37.504392
172.005167,10,141.833,255,0.0988585,-21.16795036645705,-31.40736319752481,-37.430300030000005
172.038533,10,141.829,255,0.114736,-26.02607746393018,-35.76548067252717,-37.60013297000002
172.0719,10,141.616,255,5.27024,-22.910460687072757,-32.80595132052167,-37.76997100000002
172.105267,10,141.611,255,0.0500271,-31.067887444100023,-39.835105079734475,-37.81745661999993
172.138633,10,141.61,255,0.0460677,-33.61899631864632,-43.53681382413052,-37.21219737999988
172.172,10,141.612,255,0.0693902,-31.519754331458245,-42.40707482168472,-36.606919999999874
172.205367,10,141.615,255,0.110492,-38.87677564575668,-49.441984117419835,-36.071252609999966
172.238733,9,141.379,255,5.37336,-23.397884129516836,-31.39278916734519,-35.898750390000004
172.2721,9,141.368,255,0.0769054,-23.282612036001083,-32.96411674223118,-35.72624300000005
172.305467,9,141.366,255,0.0165766,-27.814032521394,-37.002545539910116,-35.67909391999968
172.338833,9,141.359,255,0.0777561,-35.087337129520236,-47.06226969090337,-36.27167407999973
172.3722,9,141.357,255,0.087436,-30.388820147706213,-39.7112080098464,-36.86427199999973
172.405567,9,141.514,255,3.38167,-29.518203411288162,-40.329703079688755,-37.22561674000035
172.438933,9,141.506,255,0.142065,-35.802512317800755,-47.6056089203136,-36.43217326000028
172.4723,9,141.503,255,0.0229134,-33.38104752125849,-45.70203384296656,-35.638706000000276
172.505667,9,141.505,255,0.0520063,-22.8005045340771,-32.13425108877827,-34.989407219999975
172.539033,9,141.505,255,0.0830425,-19.94648344410438,-29.663930738109602,-35.04479477999998
172.5724,9,142.045,255,2.16635,-20.97485618261619,-31.537604464281632,-35.100183999999985
172.605767,9,142.038,255,0.0413954,-21.868006579760248,-32.600858271081826,-35.106842070000056
172.639133,9,142.034,255,0.0387337,-28.112433582533168,-37.50990329445201,-34.88028693000003
172.6725,9,142.037,255,0.112867,-23.224218132937082,-34.293774994372754,-34.65372499999984
172.705867,9,142.032,255,0.0962337,-22.216860103218707,-33.164105869975174,-34.48289957000006
172.739233,9,142.033,255,0.0560145,-22.984975683407598,-33.28356701673738,-34.57332143000004
172.7726,9,142.029,255,0.0704264,-25.659620181118555,-35.94299849568781,-34.66374600000002
172.805967,9,142.024,255,0.121107,-44.38024935831803,-51.8589290365628,-34.90949157999996
172.839333,10,142.025,255,0.0793869,-45.40401324767982,-57.11663074744585,-35.86843042000004
172.8727,10,142.013,255,0.117968,-54.98401503783021,-64.39528439502305,-36.82739800000005
172.906067,10,142.009,255,0.0773991,-58.95469360926235,-68.21663848823505,-37.772836170000055
172.939433,10,142.011,255,0.0445356,-53.17270121839363,-60.76377594909388,-38.657368830000124
172.9728,10,141.61,255,2.45544,-56.580737026440175,-63.74924496554869,-39.541928000000134
173.006167,10,141.596,255,0.0442925,-53.21348709566643,-61.712562185200426,-40.12825104999988
173.039533,10,141.593,255,0.0380979,-60.5240344396006,-65.76459645324114,-39.39920394999982
173.0729,10,141.587,255,0.0548231,-61.16157877696505,-69.99736003838994,-38.67013499999982
173.106267,10,141.586,255,0.104973,-61.68597582126279,-69.3171124976326,-37.94783440999982
173.139633,10,141.414,255,3.28635,-30.69122492621714,-49.73626659058705,-37.25482258999976
173.173,10,141.396,255,0.24384,-18.192580367927008,-27.3510559341858,-36.56178999999976
173.206367,12,141.41,255,0.722575,-20.628472796292233,-29.991005393929733,-35.80101252999968
173.239733,12,141.406,255,0.0340755,-36.40720581708663,-50.67023141831879,-34.75298646999989
173.2731,12,141.402,255,0.0921984,-29.510969117045914,-43.44455360429506,-33.70492900000018
173.306467,12,141.266,255,4.07504,-36.46367942680416,-46.92445014658097,-32.67181030000038
173.339833,12,141.255,255,0.0502843,-21.815285838381815,-28.599241701229772,-31.7008597000003
173.3732,12,141.251,255,0.0526356,-18.902501855201027,-26.690647157361617,-30.729880000000293
173.406567,12,141.252,255,0.051327,-18.421555326990152,-26.32796275794542,-29.978369439999955
173.439933,12,141.247,255,0.0792437,-18.04958439155297,-25.53727543060048,-30.12251055999997
173.4733,12,141.12,255,3.84663,-19.39620040634672,-27.526743905643617,-30.266655999999973
173.506667,12,141.116,255,0.0473394,-23.305513407819763,-32.367172471945636,-30.409534709999974
173.540033,12,141.113,255,0.0306966,-31.839930247209278,-40.29085498115486,-30.547336289999986
173.5734,12,141.111,255,0.0596984,-31.880034594993706,-42.63483298523459,-30.68514199999999
173.606767,12,141.111,255,0.0916287,-30.823453237743543,-42.69935783716093,-30.90800889999995
173.640133,12,141.192,255,3.14807,-37.83366605216807,-49.933371583174086,-31.465221099999994
173.6735,12,141.194,255,0.278073,-59.166789317091514,-66.05477717534957,-32.02245
173.706867,12,141.203,255,0.225329,-46.72728258369924,-57.48888471434137,-33.07444624999984
173.740233,12,141.2,255,0.104294,-47.04105720320674,-55.569088196315526,-36.03567874999925
173.7736,12,141.21,255,0.257075,-47.76882527647246,-57.86966156171156,-38.99699999999843
173.806967,12,141.275,255,2.4268,-46.98255153072814,-57.44533693123668,-41.82943174999825
173.840333,12,141.272,255,0.191423,-47.34360603046768,-56.70984318857905,-44.17339324999845
173.8737,12,141.276,255,0.217182,-47.263757240098734,-57.39381177148176,-46.51742500000046
173.907067,12,141.277,255,0.0634527,-50.145562703933095,-60.381821443538676,-49.02279636000063
173.940433,12,141.284,255,0.27266,-52.08385803998371,-61.35731550410156,-52.12850364000089
173.9738,12,141.354,255,2.79017,-52.55228581105376,-62.435598739524195,-55.23430400000092
174.007167,12,141.346,255,0.0522103,-53.535948362395715,-63.28725138194381,-57.3881834199996
174.040533,12,141.341,255,0.0476964,-55.07113407200179,-63.01689091825621,-56.06221857999949
174.0739,12,141.341,255,0.0531098,-57.55724146697651,-64.68499555369671,-54.73621399999948
174.107267,12,141.34,255,0.0261437,-37.83429601124974,-46.23409846161112,-51.98515071999683
174.140633,12,141.145,255,0.950865,-46.55408458379168,-56.03719456185437,-44.11611327999617
174.174,11,141.129,255,0.707663,-38.15478678784515,-49.9962015796791,-36.24683999999611
174.207367,11,141.126,255,0.0409473,-21.058620445365825,-25.041091179156695,-29.931414359999632
174.240733,11,141.115,255,0.0497711,-17.618850539699828,-23.28468256295001,-29.0999336399998
174.2741,11,141.113,255,0.0401421,-15.075457220785,-21.97509427759795,-28.268428000000032
174.307467,11,141.239,255,1.04221,-15.577563259210715,-22.707376171745654,-27.59888159000003
174.340833,11,141.234,255,0.0420953,-16.055810806918878,-24.719605819855833,-27.491109410000018
174.3742,11,141.234,255,0.0276183,-21.243706680273704,-28.611368722039007,-27.38333400000002
174.407567,11,141.232,255,0.109167,-27.776391063467788,-37.105556564428774,-27.22228691000005
174.440933,11,141.232,255,0.0211241,-26.116518558263568,-38.0145722592105,-26.879618090000022
174.4743,11,141.084,255,0.635649,-22.123858103361208,-33.611616557399465,-26.53693900000002
174.507667,11,141.071,255,0.0452203,-26.59059608559351,-37.1676938218705,-26.33195922999999
174.541033,11,141.063,255,0.0709744,-18.52774744236539,-26.673334794729122,-26.58854377000001
174.5744,11,141.059,255,0.0472472,-17.278775830684854,-23.759944000421832,-26.84513600000001
174.607767,11,141.059,255,0.0509961,-17.858956591102384,-24.318175840106157,-27.13000011000002
174.641133,11,141.246,255,1.00788,-19.982342725541734,-26.264861389630433,-27.508036890000053
174.6745,11,141.248,255,0.106739,-20.196580895983274,-26.894239439366398,-27.886085000000055
174.707867,11,141.248,255,0.00937391,-20.140879047954066,-26.674872344020883,-28.126539279999985
174.741233,11,141.246,255,0.0610482,-20.01835748807009,-28.160568712604682,-27.921004720000024
174.7746,11,141.25,255,0.0646701,-26.679996327333246,-31.856444968358883,-27.715464000000082
174.807967,11,141.114,255,0.991462,-21.24358978203795,-29.67588998800031,-27.644884259999785
174.841333,11,141.098,255,0.152174,-15.846664601277912,-26.02105080945234,-28.004569739999813
174.8747,11,141.093,255,0.0246897,-19.79596592311242,-31.38833130574714,-28.364265999999816
174.908067,11,141.09,255,0.0587207,-31.259855470257488,-37.84128161004126,-28.780431259999702
174.941433,11,141.091,255,0.0180111,-28.298811652204876,-35.61180242674138,-29.37367873999975
174.9748,11,141.237,255,0.921724,-22.060146019547176,-29.059728337928313,-29.966943999999756
175.008167,11,141.236,255,0.0453429,-23.778671126464648,-29.95895621983662,-30.50059015999986
175.041533,11,141.236,255,0.0872635,-25.674261184360965,-34.95473178835464,-30.85026583999989
175.0749,11,141.231,255,0.0774696,-27.158554365184823,-37.67208438482612,-31.199952000000188
175.108267,11,141.233,255,0.0800749,-21.228635095063474,-33.671730634696786,-31.465728110000008
175.141633,12,141.074,255,1.38464,-44.192323715481294,-56.903962771354124,-31.476738890000007
175.175,12,141.062,255,0.192301,-51.31183975357408,-63.276402645009576,-31.487750000000005
175.208367,12,141.062,255,0.00293186,-35.77302859481847,-55.68060348682574,-31.441196149999872
175.241733,12,141.061,255,0.00710069,-17.796672707118496,-28.579333753428557,-31.222648849999917
175.2751,12,141.057,255,0.103291,-17.97538535002108,-26.109651258519616,-31.004094999999978
175.308467,12,141.228,255,0.692546,-19.352015859233962,-27.767953853140543,-30.84116934
175.341833,12,141.226,255,0.0979796,-23.617266276050838,-33.151005521210124,-30.841836660000002
175.3752,12,141.227,255,0.0546864,-23.428110852997637,-31.470745948108757,-30.842504
175.408567,12,141.222,255,0.1095,-22.439285838513037,-28.895275622931337,-30.79339707
175.441933,12,141.224,255,0.0307465,-27.41994029006718,-37.60181310457999,-30.600207929999986
175.4753,12,141.113,255,0.939759,-31.243602362113336,-49.07538719340554,-30.40701299999998
175.508667,12,141.101,255,0.0440701,-21.301565316832125,-29.238809121218992,-30.361330410000036
175.542033,12,141.097,255,0.0278494,-21.72611336600585,-30.637966202458454,-30.736030590000066
175.5754,12,141.094,255,0.0622157,-24.73754658395018,-34.12221325377473,-31.11074200000007
175.608767,12,141.095,255,0.0692513,-25.207311660384995,-35.877143612712906,-31.34868820999997
175.642133,12,141.25,255,1.03485,-23.386627706289193,-34.82637051710827,-31.20287878999996
175.6755,12,141.255,255,0.108638,-22.50515683757688,-32.692290790326226,-31.05706499999996
175.708867,12,141.251,255,0.0807541,-22.046826993062584,-28.126995699353195,-30.910630519999966
175.742233,12,141.251,255,0.00330078,-22.30197289031079,-27.99444813401772,-30.76248548
175.7756,12,141.251,255,0.029783,-22.971047864722994,-29.020952419799418,-30.614336000000037
175.808967,12,141.099,255,1.04309,-22.98545427220727,-29.364203562180556,-30.55881562999991
175.842333,12,141.096,255,0.489951,-22.47821595003295,-29.193202703290847,-30.755341369999925
175.8757,12,141.101,255,0.517229,-25.23154389190161,-33.05765251937735,-30.951872999999928
175.909067,12,141.093,255,0.0858594,-31.62336046273172,-42.22770774725391,-30.99653238000013
175.942433,12,141.107,255,0.538346,-27.441206777341023,-38.13672677176315,-30.6341776200001
175.9758,12,141.232,255,1.14894,-21.701258160497503,-29.014474431428084,-30.271812000000097
176.009167,12,141.227,255,0.0451237,-20.41931522176958,-27.45957976379339,-30.134771239999882
176.042533,12,141.226,255,0.0399761,-19.57567525208589,-26.57651478231938,-30.59255275999992
176.0759,12,141.227,255,0.0392253,-21.683956326395478,-29.92968606946948,-31.050347999999925
176.109267,11,141.306,255,0.594938,-27.052909248629188,-34.7764623717248,-31.497022839999932
176.142633,11,141.153,255,0.654727,-33.01916785890266,-39.6758658638716,-31.91476515999997
176.176,11,141.141,255,0.086467,-36.766657153656574,-43.4051361130138,-32.332519999999974
176.209367,11,141.136,255,0.0412099,-36.91508018309828,-46.40458696751487,-32.52218839000006
176.242733,11,141.131,255,0.0436502,-32.65867546556914,-39.98636858767938,-32.127468610000136
176.2761,11,141.121,255,0.0835981,-22.847418465468273,-33.89826224946694,-31.732736999999908
176.309467,11,141.316,255,1.00642,-18.183515447897204,-26.14971949163461,-31.641801420000025
176.342833,11,141.313,255,0.0477691,-21.99997676328954,-32.56652711690462,-32.317796580000085
176.3762,11,141.314,255,0.0570812,-28.313184391234905,-40.11133727423342,-32.99381200000009
176.409567,11,141.316,255,0.0465679,-28.21084495378293,-39.38606651007828,-33.39850729999996
176.442933,11,141.315,255,0.0511328,-24.889520972577404,-33.97235933778616,-33.12824269999994
176.4763,11,141.187,255,0.945684,-21.882517527655292,-30.028701857551063,-32.85796999999994
176.509667,11,141.176,255,0.0492014,-21.883913778746656,-29.715536767355935,-32.666386679999995
176.543033,11,141.171,255,0.0573372,-23.81554933186584,-32.80383107218754,-32.66772132
176.5764,11,141.171,255,0.0456868,-35.97767727747474,-46.82570543356841,-32.669056
176.609767,11,141.167,255,0.0541157,-45.07308952974214,-55.66578759921333,-32.717369950000055
176.643133,11,141.304,255,0.928781,-29.401425193175648,-39.962468795856104,-32.87919505000007
176.6765,11,141.301,255,0.100995,-30.387877593043925,-41.540877569887776,-33.04102500000007
176.709867,11,141.299,255,0.0548557,-34.0599727686712,-44.47839725711612,-33.01271785999983
176.743233,11,141.288,255,0.118142,-19.182234150932572,-31.10702768519716,-32.531580139999924
176.7766,11,141.29,255,0.0327398,-16.13507150447663,-26.77909739989693,-32.05042800000006
176.809967,11,141.131,255,0.993584,-16.886371643667577,-27.172007530608422,-31.71439538
176.843333,11,141.119,255,0.050816,-17.881667312192512,-29.652192295599047,-31.71906662
176.8767,11,141.113,255,0.0464735,-22.575619323909898,-33.16843129976756,-31.723738
176.910067,11,141.103,255,0.103784,-22.001155399099186,-28.89961693699889,-31.709785430000014
176.943433,11,141.098,255,0.0783746,-26.376819897712686,-35.944949224578295,-31.65272957000001
176.9768,11,141.275,255,0.697492,-43.38961081858534,-51.76566814329318,-31.595672000000008
177.010167,11,141.274,255,0.0405903,-28.678023338634063,-43.601928120662876,-31.53332759000001
177.043533,11,141.275,255,0.037577,-48.075306706787984,-59.35866733454803,-31.458921410000002
177.0769,12,141.25,255,0.567923,-46.033852984811986,-55.8158154554913,-31.384513000000002
177.110267,12,141.249,255,0.0519108,-20.93045239336269,-28.7836121454954,-31.426019019999995
177.143633,12,141.137,255,0.949885,-21.186037614119314,-28.52961661904131,-31.728314980000018
177.177,12,141.12,255,0.178748,-21.621220687354324,-28.624911731602268,-32.03062000000002
177.210367,12,141.118,255,0.00780816,-21.101210672479063,-28.45932407537624,-32.294048769999996
177.243733,12,141.118,255,0.00123698,-25.188343245706175,-33.516973836500625,-32.47122222999997
177.2771,12,141.119,255,0.0573687,-34.62875600604447,-42.54813833117453,-32.648400999999915
177.310467,12,141.28,255,1.04928,-41.465549071066526,-52.06034629371386,-32.739855040000066
177.343833,12,141.275,255,0.041416,-25.819812690903095,-32.95175657399635,-32.64376096000006
177.3772,12,141.272,255,0.0883322,-26.64959908324744,-32.83687602765543,-32.547664000000054
177.410567,12,141.271,255,0.0647396,-26.594162785074612,-33.67569306745419,-32.511481929999945
177.443933,12,141.273,255,0.0651519,-27.2309532762727,-34.07305704977896,-32.60457306999996
177.4773,12,141.124,255,1.01832,-24.724883973702344,-32.33175346575723,-32.69766700000004
177.510667,12,141.111,255,0.119137,-23.783201254523334,-31.186115930720415,-32.643129649999864
177.544033,12,141.109,255,0.01236,-23.147597004685704,-30.50640898138837,-32.27443534999983
177.5774,12,141.107,255,0.0696083,-20.21547068388418,-28.002424282225267,-31.905729999999824
177.610767,12,141.103,255,0.100816,-20.563058173112655,-29.44990571283894,-31.42246376999965
177.644133,12,141.241,255,1.02979,-21.213059734730034,-28.87523107448527,-30.698755229999588
177.6775,12,141.24,255,0.101437,-20.92817940894385,-27.70454041302175,-29.975024999999583
177.710867,12,141.238,255,0.0599208,-19.130627090985865,-25.584966928420897,-29.526447210000057
177.744233,12,141.237,255,0.00492188,-18.849627134861493,-25.414040251722728,-29.647565790000034
177.7776,12,141.237,255,0.0964898,-22.483213765715984,-31.207829395726684,-29.768688
177.810967,12,141.268,255,0.565489,-50.96193211091446,-62.04695237660595,-29.96679854999994
177.844333,12,141.267,255,0.0401638,-46.736241325115884,-56.87736986836324,-30.32214644999997
177.8777,12,141.269,255,0.079248,-34.47033059571861,-49.74128068885344,-30.67750499999997
177.911067,12,141.268,255,0.109321,-44.060987800267625,-53.7720879171754,-30.82845606000002
177.944433,12,141.275,255,0.0480122,-63.594297264555,-70.47330722940025,-30.567533939999997
177.9778,12,141.301,255,2.03996,-63.507816170253186,-69.30017179646686,-30.306603999999993
178.011167,12,141.293,255,0.0502843,-23.800916399176426,-34.91705983144594,-30.186601600000003
178.044533,12,141.351,255,0.647235,-18.493932153752475,-25.285814860826008,-30.346758400000017
178.0779,12,141.347,255,0.0317839,-17.68322790550297,-25.167235570825905,-30.50692000000002
178.111267,13,141.339,255,0.0671159,-17.424881398912405,-24.71487451821116,-30.61502806
178.144633,13,141.358,255,2.71328,-20.155374302241754,-28.62378121974496,-30.62103394
178.178,13,141.347,255,0.0932129,-30.149720030894944,-37.60308244696808,-30.62704
178.211367,13,141.347,255,0.043355,-52.75390206280349,-63.61348943413791,-30.63077266
178.244733,13,141.344,255,0.133054,-53.90131274411044,-61.03233604940769,-30.63010534
178.2781,13,141.345,255,0.0360232,-40.51900500412856,-54.275021574813486,-30.629438
178.311467,13,141.046,255,2.43245,-43.17847687877873,-54.51898937533416,-31.01245647999942
178.344833,13,141.028,255,0.128024,-44.00871773572704,-55.39673308127855,-32.12821551999951
178.3782,13,141.022,255,0.0577398,-47.25645581170019,-57.65931719308099,-33.24400799999952
178.411567,13,141.017,255,0.0777311,-48.75894651919558,-59.48272841274077,-36.57210489999683
178.444933,13,141.016,255,0.0223676,-48.31080732597383,-58.85816657474338,-44.06944509999745
178.4783,13,140.989,255,5.25724,-49.47079202221853,-59.028620198424264,-51.56700999999751
178.511667,13,140.973,255,0.136993,-50.06322021736264,-59.75688776421494,-56.449533519999996
178.545033,13,140.971,255,0.0588194,-49.37065072915249,-58.73071450175852,-56.46821848
178.5784,13,140.971,255,0.0101845,-48.60276899137505,-58.549178137626754,-56.486903999999996
178.611767,13,140.97,255,0.0766428,-48.52919035770913,-56.804708703840014,-56.78811518999982
178.645133,13,141.581,255,6.6365,-49.40576256611779,-57.620760301504106,-57.60791780999989
178.6785,13,141.568,255,0.0796528,-52.39212944236228,-60.47938391960491,-58.42774500000059
178.711867,13,141.567,255,0.00834527,-49.982544325025756,-59.75068541070597,-56.41776736999553
178.745233,13,141.565,255,0.0212706,-52.77972613814256,-58.93739573280814,-49.28111362999696
178.7786,13,141.567,255,0.0280469,-57.00122587920569,-63.968337207929906,-42.14424599999893
178.811967,13,142.191,255,7.0385,-55.23506505990825,-65.51417955646407,-36.69616141000006
178.845333,13,142.183,255,0.122982,-46.83800017369316,-53.296838576150876,-34.268117589999854
178.8787,13,142.181,255,0.0139377,-20.019795657523858,-24.742582149294755,-31.840000999999837
178.912067,13,142.18,255,0.0522385,-19.787210305615073,-24.8917810934655,-29.95646811999993
178.945433,13,142.181,255,0.0175087,-19.00795004893816,-23.848880784465702,-29.034231879999854
178.9788,13,142.716,255,6.04234,-18.98866833814571,-24.197087744445497,-28.111967999999845
179.012167,10,142.687,255,0.789018,-18.63396668035485,-24.668067754746488,-27.471856849999973
179.045533,10,142.686,255,0.0365571,-16.306686035623862,-22.59619863991746,-27.32337814999996
179.0789,10,142.684,255,0.0609635,-19.263058043735334,-26.185538796090768,-27.17489499999996
179.112267,10,142.684,255,0.0621235,-21.340357227430456,-28.84266108324775,-27.086029470000003
179.145633,10,142.592,255,3.52751,-22.67584161608825,-30.915301824496993,-27.099709530000005
179.179,10,142.573,255,0.201658,-31.21007903192308,-39.27012646772649,-27.113390000000006
179.212367,10,142.572,255,0.103116,-32.67654287976398,-38.53934617897002,-27.22192536000007
179.245733,10,142.57,255,0.00716146,-26.108702818874725,-33.01142260807448,-27.491522640000017
179.2791,10,142.572,255,0.0819151,-20.70332710584585,-27.02591703932962,-27.761127999999943
179.312467,10,142.678,255,2.35055,-20.307892946842934,-26.49846262157195,-28.104912009999822
179.345833,10,142.67,255,0.0387229,-20.177609401725043,-27.168944631322365,-28.57303698999986
179.3792,10,142.668,255,0.0842383,-19.784528373177704,-26.722308071813625,-29.041175999999865
179.412567,10,142.666,255,0.0115104,-19.26460565396332,-26.122582431491075,-29.31502919000001
179.445933,10,142.665,255,0.0717632,-19.312568509023805,-26.450555534008814,-29.26731581000001
179.4793,10,142.777,255,1.52214,-28.270011694807955,-37.812176001219775,-29.219601000000008
179.512667,10,142.771,255,0.0330751,-27.741324560453865,-35.65814985577083,-29.201020289999995
179.546033,10,142.771,255,0.0453548,-21.396551282553915,-27.930668130309027,-29.23004871
179.5794,10,142.772,255,0.0724881,-21.116318603384418,-27.78040473454235,-29.259078
179.612767,10,142.777,255,0.084337,-22.028510858441322,-29.44780373610109,-29.510636099999953
179.646133,10,142.969,255,2.64604,-25.342201580696027,-34.32965880921497,-30.121233900000004
179.6795,10,142.969,255,0.088929,-36.79581449812421,-44.39978325119428,-30.73185000000001
179.712867,10,142.971,255,0.0604036,-30.037913636619376,-44.84679051160185,-31.200800429999976
179.746233,10,142.97,255,0.132206,-29.02511870553891,-39.86760470272798,-31.44403856999993
179.7796,11,142.976,255,0.129677,-29.69005557671056,-36.13088539009753,-31.68728399999986
179.812967,11,142.915,255,3.86358,-29.623691496767393,-37.526977836693156,-31.38980553000084
179.846333,11,142.907,255,0.0327094,-20.021300085081588,-29.274948543668145,-30.241681470000742
179.8797,11,142.902,255,0.0329362,-17.213608566794125,-25.204301011998908,-29.093522999999756
179.913067,8,142.905,255,0.0557867,-16.5007516995267,-23.769155644400026,-28.171423629999875
179.946433,8,142.906,255,0.012679,-16.62058324458612,-22.670240084746712,-27.60053136999983
179.9798,12,142.545,255,4.74368,-16.08437460568199,-23.37400666948038,-27.029621999999822
180.013167,12,142.537,255,0.0614703,-16.59311440444373,-23.215282104485997,-26.643972319999968
180.046533,12,142.535,255,0.00783963,-17.56598039263115,-23.95171948071069,-26.54253967999996
180.0799,12,142.527,255,0.0680067,-18.569768417006628,-26.207106708995536,-26.441103999999957
180.113267,11,142.527,255,0.080803,-20.371105176393797,-28.510334045938816,-26.397645110000017
180.146633,11,142.281,255,4.91272,-25.05241541874503,-33.54243169104578,-26.442021890000024
180.18,11,142.264,255,0.23454,-28.79324394370149,-39.36997331088059,-26.486400000000025
180.213367,11,142.263,255,0.00399089,-23.881348343318606,-34.66562429583306,-26.786622490000276
180.246733,11,142.261,255,0.0477116,-24.85599788234688,-34.85840075513157,-27.46962451000014
180.2801,11,142.262,255,0.0222743,-23.553673145361984,-33.87819908104797,-28.152646999999952
180.313467,11,142.305,255,4.29043,-25.008403003374777,-35.72728554073297,-28.723489379999904
180.346833,11,142.292,255,0.152717,-24.040689973609005,-34.54845613617405,-29.12855261999994
180.3802,11,142.293,255,0.138245,-19.965545392518962,-29.34822598518772,-29.533627999999943
180.413567,11,142.291,255,0.0561035,-20.495020179581083,-27.26171293334294,-29.609567960000057
180.446933,11,142.295,255,0.0966081,-20.428983122996392,-25.988723387456684,-29.205172040000022
180.4803,11,142.167,255,4.81633,-20.92433568541687,-26.056322639150306,-28.80076400000002
180.513667,11,142.157,255,0.0455838,-20.54697718318184,-25.53205876000746,-28.56254668
180.547033,11,142.152,255,0.105622,-20.15734331233347,-26.37402556447792,-28.56388132
180.5804,11,142.15,255,0.00864583,-20.83385225756921,-27.0225115195924,-28.565216
180.613767,11,142.155,255,0.0819412,-22.182512727886223,-28.56092258055562,-28.62960354000001
180.647133,11,141.982,255,4.38124,-22.483488362426172,-30.36249687231632,-28.783754460000022
180.6805,11,141.971,255,0.112591,-40.506323321893916,-52.49885431734698,-28.937910000000024
180.713867,11,141.969,255,0.0147103,-33.0080879898734,-47.91934774669375,-29.239333080000023
180.747233,11,141.97,255,0.0362663,-27.540902935311735,-37.91262644972612,-29.74783091999992
180.7806,11,141.973,255,0.0423644,-32.84577216595277,-43.86974926251744,-30.256343999999782
180.813967,11,142.471,255,4.11626,-20.692504106314054,-30.396279209488494,-30.956204979999434
180.847333,11,142.465,255,0.060026,-25.367066077109108,-33.82500244780193,-31.921817019999512
180.8807,11,142.463,255,0.0376931,-27.589920544414433,-36.28061229836398,-32.88745799999952
180.914067,11,142.449,255,0.108589,-22.056111938266156,-31.855503515494682,-33.7023007399997
180.947433,10,142.415,255,0.741959,-28.754139946746264,-39.49709486255678,-34.31022925999975
180.9808,10,142.783,255,2.65104,-52.764744164767244,-61.318380769558004,-34.91817599999976
181.014167,10,142.778,255,0.133057,-55.383171896508,-62.92604966945198,-34.81649771000041
181.047533,10,142.774,255,0.112623,-28.811250949229272,-38.12603000599958,-33.753123290000325
181.0809,10,142.753,255,0.159578,-25.497162703055434,-31.479150625573453,-32.68971699999941
181.114267,10,142.755,255,0.0377409,-22.139137155392795,-27.400755334551558,-31.861288199999713
181.147633,10,143.097,255,1.41412,-21.479782906346706,-26.98166863476176,-31.347451799999668
181.181,10,143.097,255,0.165429,-21.132935399240317,-27.875311852201143,-30.833599999999663
181.214367,10,143.107,255,0.131139,-21.22579652620265,-27.03795100815655,-30.503645799999955
181.247733,10,143.104,255,0.112521,-21.114269321754662,-27.289440511039057,-30.41689419999997
181.2811,10,143.107,255,0.148421,-22.017319451204965,-28.651477500984722,-30.330139999999993
181.314467,10,143.105,255,0.0170378,-22.995506339567484,-31.2295410467819,-30.289101519999996
181.347833,10,143.107,255,0.063061,-23.631417758694987,-32.55386727824136,-30.30778648
181.3812,10,143.107,255,0.0152713,-23.460666900061334,-32.58463369287046,-30.326472
181.414567,10,143.101,255,0.110659,-23.92785151063964,-34.71189328442874,-30.639119580000006
181.447933,10,143.1,255,0.00576823,-35.58023683289566,-46.00365715985351,-31.331130420000065
181.4813,10,143.099,255,0.0644412,-50.567124221807724,-60.10821460138942,-32.02316200000007
181.514667,10,143.1,255,0.0742177,-42.914776524383825,-55.31021403627214,-33.10240238000018
181.548033,10,143.096,255,0.0575553,-31.412547062483874,-42.13668347799037,-34.675275620000306
181.5814,10,143.094,255,0.0483333,-35.25360070426047,-46.352495350489065,-36.24819600000032
181.614767,11,143.09,255,0.121232,-36.118807874606404,-48.50147539216122,-38.020470880000424
181.648133,11,143.089,255,0.00746636,-46.85245132662893,-58.12642008409413,-40.04378512000059
181.6815,11,143.092,255,0.111416,-54.545979279285646,-61.72292958946236,-42.06716000000061
181.714867,11,143.092,255,0.00937391,-56.30785680284077,-63.60249958894681,-42.09255874999955
181.748233,11,143.093,255,0.0276128,-57.261919501523614,-64.5102083450524,-39.63181625000004
181.7816,11,143.093,255,0.0479601,-60.28306840489302,-66.45978771899294,-37.171000000000724
181.814967,11,143.096,255,0.0604546,-43.12705266856342,-54.331977848560584,-35.42216394000039
181.848333,11,143.097,255,0.0132444,-16.744854924999284,-24.400924323141226,-34.54864206000031
181.8817,11,143.093,255,0.0935438,-33.96663057810916,-44.79438628757292,-33.67509400000031
181.915067,12,143.173,255,0.569603,-27.87513288431811,-49.18829810725241,-32.61637251000044
181.948433,12,143.152,255,0.0446712,-26.27097314147055,-37.931516798762836,-31.33278249000033
181.9818,12,143.149,255,0.00590929,-16.148224984532217,-23.344940094357007,-30.04915400000032
182.015167,12,143.144,255,0.0134039,-13.724785987859184,-23.263318909389188,-29.25253788000005
182.048533,12,143.044,255,0.13592,-22.667208160307425,-29.6172971078081,-29.040330120000036
182.0819,12,143.026,255,0.0246267,-23.6821097914068,-34.315080078473535,-28.828116000000033
182.115267,12,143.01,255,0.0360156,-21.172119538950714,-34.38170816180292,-28.666588320000017
182.148633,12,142.994,255,0.046135,-29.92044061215362,-36.843110883986654,-28.565155680000007
182.182,12,142.945,255,0.206107,-23.16348664741964,-29.263585820476813,-28.463720000000006
182.215367,12,142.379,255,4.86468,-21.436927863310597,-26.234949911451864,-28.50980751999996
182.248733,12,142.367,255,0.0520822,-21.64209507827865,-27.47343291037737,-28.728688479999917
182.2821,12,142.364,255,0.0279395,-29.18434525867214,-38.64062386037047,-28.947576000000044
182.315467,12,142.364,255,0.00331923,-37.6438423626301,-47.92051669872844,-29.113257040000008
182.348833,12,142.365,255,0.0636947,-30.236568885669307,-41.14788504214063,-29.217358960000016
182.3822,12,142.274,255,7.72217,-24.895637638868443,-35.97210125800359,-29.321464000000013
182.415567,12,142.262,255,0.0857932,-17.468329139360172,-27.563153540990477,-29.100997089999908
182.448933,12,142.259,255,0.0195009,-15.391378582573097,-24.40428433759994,-28.509417909999858
182.4823,12,142.26,255,0.0463249,-14.61600718225103,-23.71530628251879,-27.91782099999985
182.515667,12,142.264,255,0.0302148,-16.355067839824702,-24.729406375334953,-27.540078639999965
182.549033,12,142.722,255,6.75011,-15.186012395583935,-25.73370822556622,-27.403945359999955
182.5824,12,142.715,255,0.10986,-14.60736037491225,-24.77659019406536,-27.267807999999953
182.615767,12,142.713,255,0.0164681,-16.2522653313015,-24.660081913846017,-27.184805429999994
182.649133,12,142.71,255,0.0538357,-21.506872881873107,-28.29094312740821,-27.16111556999999
182.6825,12,142.712,255,0.0393544,-20.693999796381327,-28.888968127917973,-27.13742499999999
182.715867,12,143.108,255,6.06523,-25.408785899405828,-35.73742464777693,-27.313023950000126
182.749233,12,143.102,255,0.0703027,-35.24667115337273,-46.43228078907067,-27.708411050000045
182.7826,12,143.102,255,0.136238,-36.84689105409322,-47.14410886555939,-28.103809999999935
182.815967,12,143.102,255,0.0602615,-22.937015325489494,-33.32816840432955,-28.667341459999776
182.849333,12,143.102,255,0.0281326,-22.75890353232096,-30.383959847231583,-29.41407253999984
182.8827,9,143.451,255,4.79892,-24.014986555637837,-31.102624582216166,-30.160825999999844
182.916067,9,143.44,255,0.0783659,-25.735782061172806,-32.16528686359175,-30.876409479999865
182.949433,9,143.439,255,0.0213618,-23.945678400019034,-30.294471639917745,-31.55841051999992
182.9828,9,143.43,255,0.0461176,-23.62135559339982,-30.11060832367689,-32.24043199999993
183.016167,9,143.427,255,0.108137,-25.314757587044227,-30.68284148926596,-32.24877459000007
183.049533,9,143.809,255,5.23063,-25.38867366497897,-31.026574883044823,-31.54041441000001
183.0829,9,143.8,255,0.0549718,-21.965776478554748,-29.221783936014813,-30.832033000000006
183.116267,9,143.796,255,0.0389572,-22.900693687385846,-29.286959730699557,-30.34097871
183.149633,9,143.796,255,0.00553819,-19.751956021938074,-26.6943589918913,-30.078388289999978
183.183,9,143.799,255,0.119007,-19.033189871467073,-25.323679172549795,-29.815789999999975
183.216367,9,143.862,255,5.9544,-19.67359977766797,-26.115860337645387,-29.78543943999999
183.249733,9,143.853,255,0.063674,-22.12537980523074,-30.498492166501396,-29.99631255999995
183.2831,9,143.847,255,0.103535,-33.24139727183249,-41.385574160314825,-30.207191999999893
183.316467,9,143.847,255,0.0514019,-30.095745264051267,-37.467404080861115,-30.446724019999824
183.349833,9,143.849,255,0.016046,-33.05188952945716,-43.46607677892772,-30.71565397999985
183.3832,9,143.605,255,6.89846,-32.18893686184587,-42.011346298659404,-30.98459199999985
183.416567,9,143.593,255,0.176363,-33.09317158263891,-43.474359265853025,-31.641529159999422
183.449933,9,143.591,255,0.0864258,-26.48467905212197,-37.67065889312564,-32.69189083999951
183.4833,9,143.591,255,0.00719944,-35.007592453435045,-48.81411729194929,-33.74228400000041
183.516667,9,143.593,255,0.0734049,-53.873221316213346,-61.38091924196548,-34.63767406000029
183.550033,9,143.362,255,6.7591,-52.71247099010373,-60.515313856086514,-35.37773194000036
183.5834,9,143.356,255,0.0491482,-30.955683986719762,-41.24423050711039,-36.11781200000036
183.616767,9,143.354,255,0.0282867,-21.186878307130474,-31.27401532480166,-36.3847273199999
183.650133,9,143.353,255,0.0805707,-17.949132010874695,-31.779028370863323,-36.18319667999988
183.6835,9,143.356,255,0.0483908,-19.31836971677722,-31.02005856396234,-35.98165999999988
183.716867,9,142.939,255,6.17631,-35.64223009534548,-46.23944641174145,-35.92231213000004
183.750233,9,142.93,255,0.140259,-27.674802378106143,-40.18461968673698,-36.00205687000002
183.7836,9,142.929,255,0.0165115,-22.09598058979895,-36.41479186649354,-36.081804
183.816967,9,142.927,255,0.0370464,-33.109725511333735,-46.888806905510776,-36.14390545
183.850333,12,142.954,255,0.673247,-27.590508533498404,-40.373976606246075,-36.18894955
183.8837,12,143.035,255,5.79605,-53.49525040219197,-62.17038023765734,-36.233995
183.917067,12,143.03,255,0.138477,-59.11622903079788,-66.29282531514592,-36.312491769999994
183.950433,12,143.03,255,0.110352,-58.60712370144826,-65.33906170988604,-36.422933230000005
183.9838,12,143.032,255,0.0715104,-56.93606550063194,-66.24066998649907,-36.533378000000006
184.017167,12,143.032,255,0.0161654,-33.50276099353007,-46.308974501991244,-35.71903647999992
184.050533,6,105.109,255,42.7708,-22.079829638305185,-31.49272707537329,-34.03205151999978
184.0839,6,105.103,255,0.0357444,-22.87855120414538,-29.80593534819438,-32.34501599999977
184.117267,6,105.1,255,0.0211556,-20.48981190024504,-28.162137007918922,-31.341062999999945
184.150633,6,105.097,255,0.0290343,-15.995547095150979,-23.634879152431377,-30.974036999999914
184.184,6,105.093,255,0.0657954,-20.39965443233412,-26.20244451961707,-30.606999999999914
184.217367,6,105.134,255,0.900141,-23.06383170900794,-28.571028856283686,-30.022007149999922
184.250733,6,105.164,255,0.318366,-27.77721716251756,-35.32826500267124,-29.23623785000008
184.2841,6,105.172,255,0.222158,-19.07868726666401,-28.554982199213367,-28.450445000000297
184.317467,6,105.179,255,0.177178,-14.829185975062101,-22.50174468832325,-28.02359900000005
184.350833,7,105.178,255,0.183969,-21.740779459641146,-32.59533346386034,-27.92350100000004
184.3842,7,105.073,255,1.08219,-16.863148510009808,-24.953352556183248,-27.823400000000042
184.417567,7,105.067,255,0.0283995,-27.03793869372178,-35.24559663738406,-27.754216920000015
184.450933,7,105.067,255,0.00967773,-24.374647244603473,-33.39404015811833,-27.712843080000013
184.4843,7,105.067,255,0.0327724,-16.664617748852105,-24.256694195416888,-27.671468000000015
184.517667,10,105.065,255,0.0984147,-17.837714838839883,-25.63171171199443,-27.487520230000097
184.551033,10,105.133,255,1.41159,-19.525086861066907,-26.169229611887445,-27.17688277000007
184.5844,10,105.129,255,0.0397059,-16.953976364927502,-25.3524551424556,-26.866236000000068
184.617767,10,105.127,255,0.0562077,-17.499210954720137,-24.169369771538427,-26.553279520000064
184.651133,10,105.13,255,0.0570953,-18.937326896216597,-25.51015539656819,-26.23830448000004
184.6845,10,105.124,255,0.137986,-20.951496945154577,-27.060240564899267,-25.92331999999977
184.717867,10,105.113,255,1.38583,-15.694675924294842,-24.62771420283059,-25.589217829999793
184.751233,10,105.103,255,0.0804308,-14.19800933075494,-21.909743926451924,-25.238541169999863
184.7846,10,105.1,255,0.186089,-14.921811709933744,-22.92699616430025,-24.887853999999958
184.817967,12,105.072,255,0.809002,-15.25373165335451,-22.340610902219524,-24.61945569
184.851333,12,105.075,255,0.0638249,-21.034087340463557,-26.88884986190648,-24.421595309999983
184.8847,12,105.157,255,1.44725,-18.568564811559263,-23.230533415036803,-24.22372899999998
184.918067,12,105.151,255,0.0659212,-17.230367167995002,-23.6894465486078,-24.220624950000015
184.951433,12,105.151,255,0.0621517,-15.958859782449725,-23.408670992077997,-24.382450050000028
184.9848,12,105.15,255,0.0117958,-15.28578874805474,-22.57922903028042,-24.54428000000003
185.018167,12,105.152,255,0.0450966,-24.095719798483564,-33.75647538499287,-24.854716010000082
185.051533,12,105.168,255,1.14393,-36.87568944445154,-49.063862092150096,-25.28947499000012
185.0849,12,105.162,255,0.0436979,-27.40664196343506,-37.354617485723125,-25.724247000000123
185.118267,12,105.157,255,0.0675673,-22.923665868284246,-29.248400575887384,-26.197379710000146
185.151633,12,105.152,255,0.0562229,-20.367433285097043,-27.93280148263218,-26.70220729000019
185.185,12,105.164,255,0.112322,-19.57100006613896,-28.39615928255365,-27.207050000000194
185.218367,12,105.295,255,1.28133,-18.998216732105185,-29.046940624384142,-28.120558460000293
185.251733,12,105.289,255,0.0788759,-19.68109005174827,-31.228387634386323,-29.367779540000043
185.2851,12,105.291,255,0.0258919,-24.76325056068063,-34.130991642244396,-30.6150379999997
185.318467,12,105.289,255,0.0688661,-25.92355051645272,-34.26577244182994,-31.1738467
185.351833,12,105.292,255,0.0198785,-36.534113652092365,-47.01951494966033,-31.1771833
185.3852,12,105.296,255,1.30418,-24.869023522864907,-39.467788197610396,-31.180519999999998
185.418567,12,105.291,255,0.0417904,-19.9701077562448,-29.295073957388603,-31.400533589999895
185.451933,12,105.287,255,0.0475098,-19.857685813239666,-30.895779328498303,-31.793251409999932
185.4853,12,105.283,255,0.090485,-34.97297396769921,-50.82887166239229,-32.185980999999934
185.518667,12,105.284,255,0.0922374,-34.878300073970784,-44.98022973154281,-32.31419920000001
185.552033,12,105.284,255,1.05604,-23.672466974362415,-32.751504542028414,-32.23412080000001
185.5854,12,105.281,255,0.0247049,-25.180328239346622,-34.013996130829426,-32.15404000000001
185.618767,12,105.281,255,0.0417535,-33.4269873382081,-47.735184790605196,-31.992510420000013
185.652133,12,105.279,255,0.0198101,-19.549980068532122,-28.521427941170014,-31.767623579999995
185.6855,14,105.277,255,0.156844,-18.38521065201056,-24.804494375640743,-31.54272999999999
185.718867,14,105.232,255,0.705867,-24.116095421169312,-31.885536238356863,-31.661027149999953
185.752233,14,105.228,255,0.0227626,-33.410720054458096,-42.21350434244504,-32.04306784999988
185.7856,13,105.213,255,0.64258,-53.75663306313174,-61.04224667885004,-32.42511999999977
185.818967,13,105.215,255,0.0571213,-49.1649969297047,-58.156984740895105,-32.11089358000061
185.852333,13,105.219,255,0.015421,-38.03868200023116,-48.31561740125409,-31.26806842000053
185.8857,13,105.252,255,0.540168,-21.105503035057595,-28.30252445115129,-30.42521799999981
185.919067,13,105.248,255,0.0272081,-19.183470213191143,-25.604127054845844,-29.98811333999997
185.952433,13,105.244,255,0.0356055,-20.47284114005876,-26.601819481954404,-29.855316659999957
185.9858,13,105.243,255,0.0691233,-21.10612761932195,-28.14804529292636,-29.722515999999956
186.019167,13,105.244,255,0.0795356,-18.40785348251569,-26.70526318290021,-29.762601680000056
186.052533,13,105.25,255,0.378753,-19.774606119956367,-28.7674984646332,-29.93076632000007
186.0859,13,105.243,255,0.0913628,-23.29477008095142,-32.10272883055341,-30.098936000000073
186.119267,13,105.242,255,0.0949392,-26.974880266913562,-39.72507730957,-30.213736090000033
186.152633,13,105.24,255,0.00830512,-32.6632763710533,-40.69766623539712,-30.28947691000004
186.186,13,105.244,255,0.036645,-53.497186021627506,-60.68214455272784,-30.36522000000004
186.219367,13,105.237,255,0.386147,-61.292518623684835,-67.29558810641032,-30.246712079999902
186.252733,13,105.235,255,0.0833442,-53.06095145900648,-61.86469992101375,-29.987791919999953
186.2861,13,105.233,255,0.102176,-30.39563210865802,-41.27338636014606,-29.728864000000026
186.319467,13,105.234,255,0.0217177,-42.40839642314874,-51.25648397384503,-29.342037890000103
186.352833,13,105.235,255,0.101357,-16.573608545444788,-24.67304874625957,-28.863903110000063
186.3862,13,105.26,255,0.34584,-14.669417907373774,-21.045485930530347,-28.38575400000006
186.419567,13,105.257,255,0.023393,-20.34473581465943,-29.153268020303116,-27.894299330000056
186.452933,13,105.256,255,0.0256738,-17.515856364499058,-24.41273491336574,-27.393475670000015
186.4863,13,105.258,255,0.0510558,-15.442037235457384,-23.37778463155667,-26.892637000000015
186.519667,13,105.26,255,0.0236252,-14.437003524982785,-23.471281616479864,-26.608725340000003
186.553033,13,105.306,255,0.311594,-17.18892816411168,-27.511060907185506,-26.475928659999994
186.5864,13,105.302,255,0.0293555,-19.371249563044643,-28.870921678353714,-26.343127999999993
186.619767,13,105.302,255,0.0290723,-22.90803182041911,-27.9114502458163,-26.544982650000037
186.653133,13,105.302,255,0.0288227,-25.76000541586314,-33.04347550773604,-26.97707235000007
186.6865,13,105.298,255,0.138421,-28.714231400506122,-40.816916753762534,-27.409175000000076
186.719867,13,105.341,255,0.252284,-26.112241102184505,-36.773361492922646,-27.881607660000007
186.753233,14,105.451,255,0.672668,-26.327101819856548,-36.165968157922634,-28.381430339999905
186.7866,14,105.424,255,0.0803798,-24.721845156559155,-36.28392465876274,-28.881267999999768
186.819967,14,105.412,255,0.0792524,-22.008067244503742,-28.952636761261537,-28.942830010000133
186.853333,14,105.409,255,0.0261903,-21.341480882816448,-28.435851956876743,-28.710268990000113
186.8867,14,105.324,255,0.242663,-20.029337979281166,-26.735730420709974,-28.477701000000113
186.920067,14,105.318,255,0.027309,-17.07700213180856,-24.093340977313353,-28.41168910999998
186.953433,14,105.315,255,0.0286675,-16.85884829095772,-22.95882345216341,-28.456065889999984
186.9868,14,105.307,255,0.0897548,-19.20310518539154,-26.31406496831123,-28.500443999999984
187.020167,14,105.303,255,0.0400532,-21.887293163313455,-29.1436226687253,-28.56761081999997
187.053533,14,105.322,255,0.641833,-32.48248098030336,-41.39044843569984,-28.649691179999976
187.0869,14,105.32,255,0.0213325,-54.47871207712082,-64.27031296550926,-28.731774000000048
187.120267,14,105.319,255,0.0304503,-61.220651821546454,-69.22995231205553,-28.832097120000064
187.153633,14,105.313,255,0.107114,-62.713891398536546,-68.93981883068048,-28.944206880000074
187.187,14,105.309,255,0.054145,-19.515905563066546,-29.496139470436056,-29.056320000000078
187.220367,14,105.326,255,0.810074,-24.148654089447263,-36.586494226282966,-29.03767697999995
187.253733,14,105.324,255,0.0428103,-40.87695401054659,-51.94447166882261,-28.93557701999997
187.2871,14,105.322,255,0.0126476,-34.21583304734136,-43.27083654715383,-28.833474
187.320467,14,105.32,255,0.0347342,-18.069013606524337,-25.218827057796606,-28.815081009999997
187.353833,14,105.317,255,0.0661632,-13.735858536889504,-20.884686784663824,-28.84944799
187.3872,14,105.299,255,1.10703,-20.885727309384485,-28.65114085431417,-28.883816
187.420567,14,105.294,255,0.0200911,-24.960291514200854,-34.071760401800795,-28.630040339999987
187.453933,14,105.294,255,0.0237934,-24.79935751736918,-35.22555881170036,-28.19694965999995
187.4873,14,105.293,255,0.0123991,-24.093249458047406,-31.017582662415567,-27.763845999999948
187.520667,14,105.292,255,0.0640592,-21.323292305114666,-26.242113212019113,-27.591353209999998
187.554033,14,105.181,255,1.58537,-19.57868875325775,-26.045899294271994,-27.57900779
187.5874,14,105.18,255,0.0184559,-20.018973337645836,-26.78804929180137,-27.566661999999997
187.620767,14,105.18,255,0.0223014,-22.6936697323522,-29.702870915440265,-28.222598270000244
187.654133,14,105.18,255,0.0114627,-26.47458253832095,-31.88877966854164,-29.28397073000033
187.6875,14,105.176,255,0.101028,-26.41413660359044,-31.629658748335935,-30.345375000000338
187.720867,13,105.28,255,2.33083,-27.560668299395523,-34.63543796325109,-30.769501090000006
187.754233,13,105.281,255,0.0665224,-37.439380342639936,-45.00532084503126,-30.811875909999998
187.7876,13,105.286,255,0.071735,-48.070654877098725,-64.78229233966468,-30.85425199999999
187.820967,13,105.285,255,0.077117,-47.92388402315618,-59.203946064501096,-30.983221799999924
187.854333,13,105.287,255,0.022002,-40.108641026300646,-51.19605782370337,-31.16339819999994
187.8877,13,105.434,255,1.27531,-18.623117283551164,-25.55820133445831,-31.34357999999994
187.921067,13,105.432,255,0.0156359,-19.530756578118417,-26.773587868232237,-31.56694914999992
187.954433,13,105.43,255,0.0361643,-20.968553922889583,-28.458168304458066,-31.81552584999994
187.9878,13,105.427,255,0.0562207,-22.224263151596304,-29.51324213851791,-32.06410999999994
188.021167,13,105.43,255,0.0466656,-24.62673526536332,-33.55602055097576,-32.20939918999998
188.054533,13,105.435,255,0.664579,-28.65483545739092,-37.66256914980751,-32.29514980999999
188.0879,13,105.434,255,0.0731283,-31.23265595021659,-38.9814070991412,-32.38090299999999
188.121267,13,105.429,255,0.0826042,-49.709582102269714,-56.942197225829034,-32.13297696000006
188.154633,13,105.428,255,0.0842687,-58.786911749262856,-65.98995986499862,-31.69521504000002
188.188,13,105.423,255,0.0831217,-25.149421033329677,-36.1489521581083,-31.257440000000017
188.221367,13,105.45,255,0.501316,-18.651564575305823,-25.92543511292367,-31.65511465999982
188.254733,13,105.448,255,0.0151465,-24.711049470791146,-33.708085721658186,-32.521963339999644
188.2881,13,105.452,255,0.0571647,-39.11395328528389,-49.02407073871342,-33.38883799999941
188.321467,13,105.45,255,0.084018,-37.319092788598844,-48.6997627046961,-33.553097749999985
188.354833,13,105.451,255,0.0205393,-35.931380358922,-47.023539875727536,-33.327877249999965
188.3882,13,105.405,255,0.789711,-23.409176258833835,-31.29213027786092,-33.10264999999997
188.421567,13,105.402,255,0.0247418,-22.07625085759287,-29.76936525697462,-32.61991276999989
188.454933,13,105.398,255,0.0540647,-24.896413742853184,-34.25531482900793,-31.99630222999984
188.4883,13,105.397,255,0.0290126,-28.566119452161164,-39.96514077611945,-31.372672999999835
188.521667,13,105.396,255,0.100898,-21.242151084373425,-30.712148791695427,-31.25085149000004
188.555033,13,105.329,255,0.916852,-19.248849862654218,-27.27258652974286,-31.399997510000052
188.5884,13,105.329,255,0.0227886,-19.201024586087375,-26.777964064172988,-31.549148000000052
188.621767,13,105.329,255,0.0111024,-21.777638957952732,-29.123204482632723,-31.4255579799999
188.655133,13,105.329,255,0.0177387,-23.805747588009194,-30.741036034875997,-31.15662801999988
188.6885,14,105.439,255,0.683249,-23.149020966249115,-30.338632677963,-30.887689999999875
188.721867,14,105.46,255,0.805842,-22.756665501617178,-30.247503031219576,-30.95309841000007
188.755233,14,105.457,255,0.0345367,-23.6441834868521,-31.03539145928874,-31.19433459000002
188.7886,14,105.453,255,0.0484549,-26.58994907706297,-34.90630384587183,-31.435577999999953
188.821967,14,105.451,255,0.0301432,-28.389171917406745,-37.573941442578324,-32.0006149899998
188.855333,14,105.439,255,0.0614648,-39.1106743289255,-48.8157105152561,-32.73366600999986
188.8887,14,105.408,255,0.594136,-64.64181271875891,-72.1590184310493,-33.46673899999986
188.922067,14,105.405,255,0.0287999,-61.52311737688078,-67.99429461252511,-34.4809455699998
188.955433,14,105.4,255,0.0394737,-65.26218523614773,-72.27650648363965,-35.63907942999989
188.9888,14,105.39,255,0.0715896,-59.30252393690436,-64.48557225926848,-36.7972479999999
189.022167,14,105.38,254,0.0696669,-49.96216396850053,-62.0669156833221,-37.9906620999999
189.055533,14,105.394,254,0.379367,-49.21188365799663,-59.47520676707724,-39.201847900000004
189.0889,14,105.391,254,0.0189062,-43.550162732775654,-54.115474797647195,-40.41307000000002
189.122267,14,105.388,254,0.0280143,-37.60762553208878,-48.423557910844174,-38.93443849999995
189.155633,14,105.384,254,0.0360601,-33.08666397300098,-45.76617607518492,-36.11501149999971
189.189,14,105.366,255,0.19463,-18.79784742000687,-26.954101212863076,-33.29549999999969
189.222367,14,105.309,255,0.329912,-17.632766270179054,-25.781705416611956,-31.994036790000038
189.255733,14,105.304,255,0.0264052,-19.188595333521004,-27.092163104251824,-31.43916021000015
189.2891,14,105.301,255,0.0281868,-21.307924770834084,-27.853794492172533,-30.884267000000303
189.322467,14,105.299,255,0.0140365,-21.316406177190615,-28.80571311840796,-30.502594360000188
189.355833,13,105.298,255,0.0565441,-21.29648384076327,-29.65472112937818,-30.204969640000165
189.3892,13,105.292,255,0.350507,-21.77686202334335,-29.3285078340586,-29.90733600000016
189.422567,13,105.29,255,0.0239931,-22.004704241316073,-28.961363038390253,-29.80061918000001
189.455933,13,105.287,255,0.0293153,-23.58229519561169,-30.975041184924393,-29.785270820000008
189.4893,13,105.286,254,0.0922125,-24.807613658557102,-32.39441559527487,-29.769922000000008
189.522667,13,105.284,254,0.0178895,-25.096028833497567,-32.40808004903185,-30.433223160000413
189.556033,13,105.28,255,0.553606,-30.10445001589099,-37.871974945999284,-31.416852840000494
189.5894,13,105.279,255,0.0223459,-46.786460849630636,-57.54786674228992,-32.400512000000504
189.622767,13,105.277,255,0.0237869,-61.411574014156535,-67.23836056705582,-33.406255150000526
189.656133,13,105.353,255,0.622933,-62.52230525396132,-71.05985798809348,-34.42224985000061
189.6895,13,105.301,255,0.222387,-63.53101987020101,-70.50378693967161,-35.43827500000062
189.722867,13,105.282,255,0.631361,-52.70709517222212,-63.7396024255226,-35.66538864999995
189.756233,13,105.28,255,0.0201736,-56.829287984430316,-67.601997912856,-35.53025634999997
189.7896,13,105.28,255,0.0170258,-36.050350864673916,-44.285508818175856,-35.395120000000006
189.822967,13,105.275,255,0.0315397,-26.919805259834096,-34.60478345240004,-34.3477344100002
189.856333,13,105.274,255,0.0476107,-21.4583760974974,-28.854043021374636,-32.88730459000008
189.8897,13,105.242,255,0.486582,-15.509667984062247,-23.459308721792507,-31.426831000000064
189.923067,13,105.243,255,0.0506521,-18.83219173347754,-26.109262136214674,-30.37002991000003
189.956433,13,105.24,255,0.0327235,-18.538171012796884,-27.026803453381888,-29.493505089999957
189.9898,13,105.241,255,0.0401986,-19.560192305100674,-26.903542533842916,-28.61695399999995
190.023167,13,105.241,255,0.0496148,-17.564665974968484,-23.85987629405113,-28.23942008999999
190.056533,13,105.297,255,0.412515,-18.65127932389566,-25.169807213367417,-28.08159890999998
190.0899,13,105.292,255,0.0864497,-21.067198574461266,-27.208608993249268,-27.923772999999976
190.123267,13,105.29,255,0.070051,-22.21336244649001,-28.716116454082986,-28.020720740000034
190.156633,13,105.286,255,0.0941037,-30.352112006326223,-39.01093919153225,-28.228257260000053
190.19,13,105.274,255,0.0812294,-39.27749011376769,-44.61347478174681,-28.435800000000054
190.223367,13,105.304,255,0.447827,-41.177062660384955,-48.519151172127216,-29.03076760000005
190.256733,13,105.304,255,0.0176367,-54.22053897707913,-64.42093740458539,-29.791512399999895
190.2901,13,105.304,255,0.0229069,-57.56872734613005,-67.36170802789101,-30.552279999999683
190.323467,13,105.302,255,0.0343392,-57.960887038906925,-68.19224502681293,-32.38783619999888
190.356833,13,105.3,255,0.0958301,-54.32277531650763,-66.55103826475539,-34.67674379999907
190.3902,13,105.375,255,0.449438,-55.20652360249472,-64.81651240969454,-36.96571999999909
190.423567,13,105.373,255,0.06,-54.662432036373296,-64.84384010518312,-39.633417889998896
190.456933,13,105.373,255,0.038941,-57.14259484723121,-67.0303814998357,-42.458517109999136
190.4903,13,105.374,255,0.0147352,-56.44149583556735,-66.53745907949803,-45.283700999999155
190.523667,13,105.374,255,0.0656977,-57.74387356321185,-65.29068495659303,-42.965099110001276
190.557033,13,105.244,255,0.966623,-48.016261164055535,-57.34469105024678,-38.53843189000091
190.5904,13,105.241,255,0.0244434,-19.637729235138686,-27.565495561538263,-34.111632000000874
190.623767,14,105.326,255,0.650611,-15.559033587326216,-24.1898705586334,-32.40187555000011
190.657133,14,105.296,255,0.0748785,-33.178063604406915,-43.82549500721028,-31.789609450000064
190.6905,14,105.277,255,0.0620313,-37.50903899480355,-50.70660838642858,-31.17732500000006
190.723867,14,105.169,255,1.24853,-18.210768788637445,-27.384846961889174,-30.980087679999983
190.757233,14,105.166,255,0.0207292,-19.41081689209839,-28.335882351178952,-30.94805631999999
190.7906,14,105.167,255,0.0162055,-28.327829313889872,-37.23294352061086,-30.916023999999997
190.823967,14,105.164,255,0.036033,-29.671324949744264,-44.30219867844837,-30.394106199999992
190.857333,14,105.162,255,0.0664844,-35.176036839966095,-46.72932132316121,-29.68007379999993
190.8907,14,105.266,255,1.46054,-24.970126504991786,-32.04354209267283,-28.966019999999926
190.924067,14,105.266,255,0.0480436,-17.95649895837395,-25.496682896498136,-29.058692040000043
190.957433,14,105.267,255,0.0165419,-17.161490580931527,-25.05134913106535,-29.463087960000077
190.9908,14,105.263,255,0.051748,-20.467880101768483,-28.438641435289057,-29.86749600000008
191.024167,14,105.259,255,0.116429,-22.68939967501063,-30.020156162846167,-29.94830790999999
191.057533,14,105.294,255,1.58839,-24.089855495430772,-32.25782480813977,-29.905933089999987
191.0909,14,105.293,255,0.0240017,-22.57627338639421,-30.586041656352126,-29.863556999999986
191.124267,14,105.292,255,0.00997287,-18.650250955514885,-26.10693695795307,-29.772161569999966
191.157633,14,105.292,255,0.00850586,-21.572253724698605,-30.38110736000571,-29.662387429999956
191.191,14,105.282,255,0.0751063,-22.47366180809958,-30.147171368660114,-29.552609999999955
191.224367,14,105.387,255,1.53928,-21.34532720423736,-30.338742649556867,-30.163121090000175
191.257733,14,105.387,255,0.028839,-38.209193788700055,-47.87357882929195,-31.03964591
191.2911,14,105.388,255,0.0612478,-59.660501342661796,-66.9528673346459,-31.916196999999755
191.324467,14,105.386,255,0.0401107,-39.72696641286033,-54.90669115880211,-31.566462050000272
191.357833,14,105.384,255,0.0855892,-32.20285805372245,-41.18776063915376,-30.770682950000207
191.3912,14,105.353,255,0.893851,-20.931319712479528,-28.85472253267315,-29.9748800000002
191.424567,14,105.352,255,0.0190451,-15.900831816059922,-25.716207574884372,-29.686876940000026
191.457933,14,105.35,255,0.0134299,-15.548975407893396,-25.21929627889741,-29.580773060000016
191.4913,14,105.349,255,0.00866211,-16.358776708339107,-25.795291535227033,-29.474666000000017
191.524667,14,105.349,255,0.00792426,-17.475974102090497,-26.480862096840696,-29.467966949999994
191.558033,14,105.331,255,1.01597,-21.828084351849377,-30.04770563211919,-29.49632805
191.5914,12,105.35,255,0.745075,-23.188734212196678,-31.75187222879035,-29.52469
191.624767,12,105.357,255,0.0625445,-31.705885438484227,-43.65992989856669,-29.401230240000007
191.658133,12,105.356,255,0.0150857,-29.165969164242988,-40.01010117858842,-29.225057759999995
191.6915,12,105.343,255,0.0971474,-22.56747662199304,-30.732583903809584,-29.048879999999993
191.724867,12,105.399,255,1.27963,-23.68803458979127,-30.759935909624527,-29.66048879999986
191.758233,12,105.395,255,0.0200315,-22.324615277645023,-29.792104931889238,-30.541351199999685
191.7916,12,105.396,255,0.0188336,-26.298609555101045,-35.40455891459073,-31.42223999999944
191.824967,12,105.393,255,0.040867,-38.36567641470732,-47.45591059752294,-31.874195739999784
191.858333,12,105.39,255,0.0995812,-33.523042519109346,-52.001609238891355,-32.18183025999981
191.8917,12,105.362,255,0.902821,-19.781043530355724,-27.932586150009776,-32.48947399999982
191.925067,12,105.359,255,0.0215278,-19.642738172456006,-27.916615349787072,-32.70562319000005
191.958433,12,105.357,255,0.0225347,-21.15395970394866,-32.50948775157143,-32.89147181000006
191.9918,12,105.358,255,0.0438249,-26.712791509774377,-37.60559528749083,-33.07732600000006
192.025167,12,105.355,255,0.0945106,-36.49515141933409,-47.12356444745736,-33.48490146000017
192.058533,12,105.441,255,1.03014,-56.387331475008864,-64.50046219731553,-33.964704540000206
192.0919,12,105.438,255,0.0212272,-30.40819991361567,-44.27100494825382,-34.44452200000021
192.125267,12,105.434,255,0.0379948,-26.950490841365227,-37.72757957346803,-34.67798621000007
192.158633,12,105.433,255,0.00845812,-33.86260265004101,-45.680630039091405,-34.83247079000008
192.192,12,105.439,255,0.0745117,-32.298995,-45.536458,-34.98696000000008
192.225367,12,105.443,255,0.807664,-32.3753571174656,-43.95642800853123,-35.94228540000041
192.258733,12,105.435,255,0.104733,-50.03244679665301,-62.462835273941444,-37.150134600000165
192.2921,12,105.435,255,0.0224816,-48.04914791647026,-58.241971566886555,-38.35801999999983
192.325467,12,105.436,255,0.0810558,-43.16608618417403,-52.62842081694935,-38.23016125000011
192.358833,12,105.435,255,0.00993924,-24.261228553560358,-35.73272005960911,-37.68796375000006
192.3922,12,105.556,255,0.664926,-23.111975678386756,-31.379938261286547,-37.145750000000056
192.425567,12,105.553,255,0.0359646,-21.369535036000617,-33.86662995462648,-37.25396072999997
192.458933,12,105.555,255,0.0364996,-23.435567868981327,-35.98129163802492,-37.560594269999996
192.4923,12,105.553,255,0.0433887,-43.82427905545386,-52.90893223958178,-37.867237
192.525667,12,105.554,255,0.0702528,-45.97473325012887,-54.59977968152623,-38.02988786
192.559033,13,105.681,255,1.35944,-51.00261192823394,-60.03484313861183,-38.14933814000001
192.5924,13,105.655,255,0.0975662,-54.314212833357075,-62.355930480851704,-38.26879200000001
192.625767,13,105.653,255,0.0221322,-56.08422889293732,-62.02583952721331,-39.0829241800001
192.659133,13,105.649,255,0.027819,-58.877303891248026,-65.15988266244784,-40.101921820000186
192.6925,13,105.654,255,0.0640354,-54.83866238156653,-62.568059279470944,-41.1209500000002
192.725867,13,105.62,255,0.989472,-55.880670698698346,-61.74522926117805,-46.28490625999987
192.759233,13,105.612,255,0.0755914,-53.80574098256205,-63.10798490212389,-52.65047173999859
192.7926,13,105.608,255,0.0568045,-54.37127214277781,-60.247432482470245,-59.01622799999683
192.825967,13,105.608,255,0.0368652,-54.70333309689151,-61.95738717142373,-52.061692270005935
192.859333,13,105.6,255,0.0670074,-55.456946414736954,-63.96875161826185,-41.31150073000504
192.8927,13,105.631,255,0.59277,-56.563336949796536,-64.37592241020982,-30.560987000004957
192.926067,13,105.624,255,0.0862999,-13.401908763856232,-25.863154874671533,-27.785932590000243
192.959433,13,105.617,255,0.0800087,-10.810008379693231,-19.998842933201708,-27.2444024100002
192.9928,13,105.616,255,0.0122266,-14.294914534589259,-24.004640561777887,-26.702856000000192
193.026167,13,105.614,255,0.0208301,-18.098463512164678,-23.64231649355397,-26.197943390000173
193.059533,13,105.633,255,0.503346,-19.368676157775134,-26.192570342269462,-25.703125610000132
193.0929,13,105.629,255,0.0510731,-20.974798106408006,-28.11003936942773,-25.20829300000013
193.126267,13,105.625,255,0.0320182,-17.521441479230482,-24.9755856684125,-24.874477099999826
193.159633,13,105.618,255,0.10807,-15.860058472601317,-22.24147041433463,-24.584192899999803
193.193,13,105.604,255,0.0998405,-15.55442170361859,-22.727986367113576,-24.2938999999998
193.226367,13,105.673,255,0.703941,-19.06453993474891,-25.223496027422232,-24.460019870000135
193.259733,13,105.671,255,0.0133746,-19.52460773918332,-25.970668726995523,-24.74730113000008
193.2931,13,105.672,255,0.0236306,-17.44633293268512,-24.78298736108326,-25.034591
193.326467,13,105.671,255,0.0300608,-17.034653312990603,-23.43781292223394,-25.292502499999987
193.359833,13,105.668,255,0.0774783,-17.016746569632023,-24.518999914779922,-25.542747500000008
193.3932,13,105.55,255,0.866463,-16.818612791123588,-24.73156706839301,-25.79300000000001
193.426567,13,105.545,255,0.0257303,-28.697089927152426,-36.2273042926425,-26.235066240000023
193.459933,13,105.543,255,0.0306803,-55.37104719378248,-64.68466723784583,-26.726213760000064
193.4933,13,105.542,255,0.0503537,-28.888098456479057,-43.133646316273214,-27.217376000000066
193.526667,14,105.622,255,0.634565,-29.326642153846535,-39.47308529841095,-27.413334550000016
193.560033,14,105.741,255,1.2458,-27.959608855721083,-37.29145980406561,-27.53512045000003
193.5934,14,105.741,255,0.0461176,-19.579254609056363,-25.17717106904763,-27.65691000000003
193.626767,14,105.738,255,0.036072,-20.312311953595618,-25.92887975166485,-27.90825183000007
193.660133,14,105.732,255,0.047793,-20.586531210377924,-27.07024896343667,-28.191529170000095
193.6935,14,105.73,255,0.0624946,-19.12564248978157,-25.38782470638338,-28.474815000000095
193.726867,14,105.872,255,1.14374,-19.517058103454545,-26.12101162733798,-28.487012799999995
193.760233,14,105.867,255,0.0220703,-19.19970798734411,-26.207768434611566,-28.433627200000007
193.7936,14,105.851,255,0.0828277,-20.31587947396058,-26.338934345099315,-28.380240000000022
193.826967,14,105.837,255,0.0774327,-20.706895592762663,-28.012685504733984,-28.37188769
193.860333,14,105.829,255,0.0851975,-36.02756334462912,-47.9080709180132,-28.374223309999998
193.8937,14,105.813,254,0.791222,-29.182634399128343,-42.74060195701749,-28.376558999999997
193.927067,14,105.811,255,0.0212457,-20.974970698167166,-28.55830326344142,-28.9018291299998
193.960433,14,105.809,255,0.0265951,-25.37332496915422,-34.97358353810352,-29.548795869999854
193.9938,14,105.809,255,0.0108247,-42.46168053245603,-53.608152684006754,-30.19578199999986
194.027167,13,105.806,255,0.0852029,-44.71897616964397,-56.29983074541793,-30.63005051999992
194.060533,13,105.843,255,0.527856,-39.343648185115086,-53.238184035768235,-31.015761479999952
194.0939,13,105.838,255,0.0668739,-17.969897745323244,-27.30665327276944,-31.401483999999957
194.127267,13,105.833,255,0.0734223,-21.933075473210256,-29.0231988772324,-31.656870259999977
194.160633,13,105.831,255,0.0155013,-22.48483554174292,-28.46478888731085,-31.883091739999994
194.194,13,105.821,255,0.10631,-27.958092383209596,-37.566133923640265,-32.10932
194.227367,13,105.804,255,0.732807,-34.14264097398645,-49.951368828015,-31.887550470000075
194.260733,13,105.801,255,0.0160948,-20.081086978777535,-28.295639751250256,-31.56757053000014
194.2941,13,105.798,255,0.021696,-18.837876810435777,-28.518188639291385,-31.247581000000228
194.327467,13,105.797,255,0.0307335,-16.65619125433586,-27.668523660260412,-30.755373379999952
194.360833,14,105.794,255,0.0967144,-18.8565780149092,-29.76641467557615,-30.226188619999906
194.3942,14,105.724,255,1.23901,-27.678439320837903,-36.13912142199234,-29.696987999999905
194.427567,14,105.722,255,0.0184516,-16.375666511271447,-24.462463652646665,-29.60610268
194.460933,14,105.72,255,0.0187077,-22.31866705335189,-32.06717160823755,-29.607437320000003
194.4943,12,105.684,255,0.68838,-33.19116921628466,-41.609038952046184,-29.608772000000002
194.527667,13,105.689,255,0.05264,-17.230472719977634,-25.164445434142728,-29.23272879999987
194.561033,13,105.801,255,1.1461,-28.6142691864718,-34.035836175925084,-28.77895119999983
194.5944,13,105.8,255,0.0125445,-30.9769510505779,-38.174957665887355,-28.325159999999826
194.627767,13,105.8,255,0.011046,-32.023230980347066,-39.68475700964749,-28.090450429999926
194.661133,13,105.799,255,0.0316884,-13.251547835193438,-23.573838985186356,-27.89993056999991
194.6945,13,105.802,255,0.106581,-15.113760349180303,-24.63876212553568,-27.709404999999908
194.727867,13,105.8,255,0.762594,-17.28009001640583,-26.782285328677222,-27.888674520000066
194.761233,13,105.799,255,0.0522569,-17.976568599446537,-27.55012163596248,-28.140921480000014
194.7946,14,105.799,255,0.0843924,-14.308852213837362,-27.879507122714994,-28.393175999999944
194.827967,14,105.797,255,0.0153201,-38.988289709322714,-51.96323580663696,-28.677872239999925
194.861333,13,105.8,255,0.0900857,-49.32881845806443,-63.0836002960155,-28.96882375999995
194.8947,13,105.767,255,0.468461,-31.52806851047721,-45.66354098214029,-29.25978399999995
194.928067,13,105.765,255,0.0104753,-29.228691041906536,-39.49691230656731,-29.647014049999935
194.961433,13,105.763,255,0.010753,-26.354485758682145,-37.87492272211948,-30.05241094999997
194.9948,13,105.764,255,0.0594217,-36.80270059472032,-49.03283464534401,-30.457819999999973
195.028167,14,105.766,255,0.0776465,-23.101798456854212,-31.96220739680971,-31.452764359999932
195.061533,14,105.78,255,0.412053,-18.793921671072972,-26.236721680354723,-32.556511640000025
195.0949,14,105.78,255,0.00397135,-26.177525196583534,-35.676548157069156,-33.660292000000034
195.128267,14,105.779,255,0.0074056,-52.2211992420644,-60.20416643481766,-33.43213131999998
195.161633,14,105.779,255,0.00062066,-35.39763239186184,-47.280631493483284,-32.963672679999945
195.195,14,105.776,255,0.202109,-23.546629031453342,-30.866589716964015,-32.49519999999994
195.228367,14,105.713,255,0.339025,-22.20019210255932,-28.9165950202494,-32.24940827000002
195.261733,14,105.708,255,0.0875141,-21.851593988750054,-28.94954888393554,-32.04287273000006
195.2951,14,105.705,254,0.0510189,-21.407529124916117,-30.897549128243764,-31.836331000000122
195.328467,14,105.705,254,0.00995877,-23.722252915435863,-32.23087169090086,-32.34231827999961
195.361833,14,105.704,254,0.0221549,-23.23922151073473,-32.57797122171218,-32.970933719999664
195.3952,14,105.692,255,0.244153,-23.609660307597363,-32.62605614062526,-33.59956799999967
195.428567,14,105.689,255,0.0291927,-31.40356299521742,-41.910444342737925,-33.78112872999994
195.461933,13,105.689,254,0.649281,-48.72896833333361,-58.599886129002165,-33.88756626999995
195.4953,13,105.689,254,0.066658,-50.22575483612122,-59.35764798326141,-33.994006999999954
195.528667,13,105.693,255,0.0803038,-55.62454593742144,-64.42836879355941,-35.10465274000055
195.562033,13,105.695,255,0.492487,-56.59309236551934,-66.46123564235559,-36.379901260000665
195.5954,13,105.691,255,0.0593859,-54.134745197440104,-62.584531680353344,-37.65518800000068
195.628767,13,105.688,255,0.0275738,-60.276805217407606,-67.96357691435541,-40.05583978000138
195.662133,13,105.687,255,0.0253743,-57.37729002967247,-63.965401185065254,-42.63636622000159
195.6955,13,105.687,255,0.0799067,-59.929415137952844,-67.0127657967913,-45.21697000000161
195.728867,13,105.704,255,0.566271,-60.35816589922016,-68.9607810057705,-51.29769753000257
195.762233,13,105.699,255,0.0237771,-59.29164691042084,-65.77121209323593,-57.923851470001246
195.7956,13,105.701,255,0.0316461,-55.63002040866277,-63.33771199109377,-64.55020399999941
195.828967,13,105.699,255,0.0459603,-56.49189081418455,-62.90172708812642,-57.851736530001034
195.862333,13,105.701,255,0.0998741,-58.072908274305014,-64.15140032024107,-49.129530470000304
195.8957,13,105.705,254,0.527652,-60.882139531991676,-66.57700551910062,-40.407063000000235
195.929067,13,105.702,255,0.0229709,-55.726177023700984,-65.2337211483879,-37.078849390000045
195.962433,13,105.7,254,0.0156879,-20.06439416790579,-31.3393257837081,-34.548705609999836
195.9958,13,105.699,255,0.00965278,-19.334121083856562,-26.44661999156257,-32.01848599999981
196.029167,13,105.7,255,0.0376367,-18.017950160409253,-25.865871031266217,-30.912490999999925
196.062533,13,105.718,255,0.354806,-17.723261897909396,-25.41023019311886,-30.01160899999985
196.0959,13,105.717,255,0.0212077,-17.05581463788509,-25.828527034875517,-29.110699999999845
196.129267,13,105.716,255,0.0242882,-17.013111428142885,-25.825211451767178,-28.601676129999916
196.162633,13,105.716,255,0.043304,-16.748652509867476,-25.43159361646293,-28.14756486999988
196.196,13,105.716,255,0.157178,-17.424280790943985,-25.66450345612607,-27.693439999999875
196.229367,13,105.708,254,0.300434,-18.718258533258982,-26.214167718324404,-27.471020759999995
196.262733,13,105.706,255,0.024209,-20.397300333176947,-27.078740608700127,-27.280167240000033
196.2961,13,105.703,255,0.0277355,-20.202925209534573,-27.347888017156723,-27.089308000000084
196.329467,13,105.703,255,0.0483192,-20.053912478672604,-26.590953308428194,-27.477475309999782
196.362833,13,105.704,255,0.0134961,-20.192961081282302,-27.992490708057332,-27.94226368999982
196.3962,13,105.643,255,0.711266,-28.367854674447678,-38.160829783432405,-28.407065999999823
196.429567,13,105.626,255,0.721979,-31.215245163923992,-41.732364558478494,-28.837274919999842
196.462933,13,105.629,255,0.0645801,-31.346516987907094,-42.125075944172316,-29.263025079999878
196.4963,13,105.634,255,0.0760764,-60.29167871096662,-68.55699143566466,-29.68878799999988
196.529667,13,105.633,255,0.0259277,-18.49103327436604,-30.539703223555538,-30.376807199999803
196.563033,13,105.697,255,1.06292,-17.51893837069276,-26.525669363193984,-31.097512799999866
196.5964,13,105.693,255,0.0188553,-42.04501590908748,-50.56050623262631,-31.81823999999987
196.629767,13,105.691,255,0.0325911,-31.468157890318682,-52.073565539806616,-31.921599619999995
196.663133,13,105.69,255,0.0577539,-25.787879730466127,-36.99723535663088,-31.95029438
196.6965,13,105.691,255,0.0696072,-33.03072264957866,-43.66394225420136,-31.978989999999996
196.729867,13,105.685,255,1.16908,-20.792581479442774,-27.603925158106925,-31.191121839999536
196.763233,13,105.682,255,0.0506196,-19.82667328096024,-25.99740735117709,-30.307590159999712
196.7966,13,105.681,255,0.0782368,-20.115816058079037,-26.662701423475372,-29.424031999999958
196.829967,13,105.679,255,0.08949,-19.640881121589853,-26.121197285272345,-29.206040909999995
196.863333,13,105.68,255,0.0258518,-18.363709829840833,-25.052831672431996,-29.063568089999983
196.8967,13,105.743,255,0.893554,-18.395580860832563,-25.86566376042984,-28.921090999999983
196.930067,13,105.739,255,0.0209484,-28.66952415904819,-35.79262997989001,-28.491774729999943
196.963433,13,105.737,255,0.0518121,-22.366519557415245,-28.996050293702464,-28.030990269999904
196.9968,13,105.736,255,0.0301562,-18.94239400337492,-24.026896071860836,-27.5701919999999
197.030167,13,105.741,255,0.102618,-19.669395516358755,-26.196529381831585,-27.545608550000004
197.063533,13,105.711,255,0.517135,-20.66307149233582,-27.62470541499083,-27.567296450000008
197.0969,13,105.71,254,0.0225684,-20.64480964052686,-28.147746445579795,-27.588985000000008
197.130267,13,105.708,255,0.0235319,-21.603702200159375,-28.28685332128627,-27.688762410000038
197.163633,13,105.708,255,0.0485731,-20.77826739361535,-27.551342654900758,-27.796534590000046
197.197,13,105.71,255,0.0890809,-20.139292475319934,-27.43722454905558,-27.904310000000045
197.230367,13,105.748,254,0.366615,-16.227015578212168,-25.76109561524412,-28.169082800000048
197.263733,13,105.741,255,0.107767,-18.42268196264179,-27.560236212863952,-28.44935719999999
197.2971,13,105.741,255,0.0204492,-34.08973408353185,-47.31614667556694,-28.729639999999915
197.330467,13,105.74,255,0.0448177,-27.568356139647506,-41.52020001903989,-29.167741859999854
197.363833,13,105.739,254,0.0139507,-25.100552152297695,-37.40949967543111,-29.62085213999989
197.3972,11,105.657,255,0.921519,-34.17154422481454,-45.86788248853745,-30.07397599999989
197.430567,13,105.656,255,0.0784592,-44.599538432147234,-55.5367762725821,-29.804495980000077
197.463933,13,105.661,255,0.085536,-21.60537578560038,-28.836592311802445,-29.46883402000005
197.4973,13,105.666,255,0.107925,-20.87118090404541,-26.012082700745612,-29.13316200000005
197.530667,13,105.667,255,0.0239952,-18.938703941689464,-25.137032735727065,-29.60372540999993
197.564033,13,105.709,255,0.246788,-19.79521534617464,-25.558477771995307,-30.145255589999977
197.5974,13,105.71,255,0.0418218,-22.30918019522518,-31.1133922154243,-30.68680199999998
197.630767,13,105.712,255,0.0345562,-50.42122904034294,-62.85766970944661,-30.801917789999997
197.664133,13,105.712,255,0.0404188,-45.14621940809188,-57.877078039567614,-30.880995210000005
197.6975,13,105.718,255,0.13541,-34.07346244564834,-45.09335647911806,-30.960075000000007
197.730867,13,105.625,255,0.300088,-34.01951093165767,-43.650461190118385,-30.795305490000036
197.764233,13,105.62,255,0.0291276,-34.47682868091694,-46.08257683588811,-30.610791510000073
197.7976,13,105.621,255,0.0335775,-23.01016182371995,-32.05495249195224,-30.426272000000125
197.830967,13,105.62,255,0.0406174,-20.500423469224877,-28.15875169652587,-30.71554758999978
197.864333,13,105.619,255,0.0201866,-22.276096325019992,-29.350085572512523,-31.041533409999808
197.8977,13,105.586,255,0.300072,-21.41400208953347,-28.816577514180914,-31.36752899999981
197.931067,13,105.581,255,0.0379232,-19.608095771762066,-26.901620701776647,-30.933625769999868
197.964433,13,105.579,255,0.0387684,-19.605100588524802,-26.898519122158035,-30.443479229999827
197.9978,13,105.578,255,0.0363357,-19.69826696892134,-26.605314101157827,-29.953317999999822
198.031167,13,105.582,255,0.105418,-19.080914096750735,-26.62482372507386,-29.484038659999825
198.064533,13,105.536,255,0.398652,-22.641199763651194,-32.01015269999406,-29.016247339999786
198.0979,13,105.53,255,0.0343034,-20.002334106455756,-29.616901235879574,-28.54844199999978
198.131267,13,105.53,255,0.0478309,-16.676995331692673,-25.150941468288632,-28.718170790000098
198.164633,13,105.53,255,0.0106858,-22.00455979979509,-31.252346521400177,-28.930712210000117
198.198,13,105.529,255,0.14511,-31.621213919796602,-39.85184591885921,-29.14326000000012
198.231367,13,105.545,255,0.315388,-33.973134233803066,-41.4606619524691,-29.582277530000137
198.264733,13,105.544,255,0.0245193,-23.092357021321586,-32.71661263314374,-30.035721470000045
198.2981,13,105.544,255,0.0256196,-21.100422734278222,-31.107178824465763,-30.489178999999922
198.331467,13,105.546,254,0.100959,-28.30676595851439,-40.698495740261095,-30.78278416999995
198.364833,14,105.655,255,0.667853,-29.895644243366565,-40.780477792442404,-31.06672882999997
198.3982,14,105.584,255,0.843849,-18.746611815780437,-27.117156415978002,-31.350681999999974
198.431567,14,105.578,255,0.0455176,-27.056883671228135,-37.80739629586486,-32.355309779999914
198.464933,14,105.578,255,0.016263,-55.660878368724994,-61.53503630417713,-33.40100022
198.4983,14,105.575,255,0.0175846,-54.59758391426659,-63.99029436978509,-34.44672200000001
198.531667,14,105.576,255,0.011505,-31.21961456996108,-40.16624049632028,-33.74854208999999
198.565033,14,105.545,255,0.892688,-30.223881691104406,-39.77165715421357,-32.95676690999992
198.5984,14,105.535,255,0.0596712,-25.32816679421713,-32.71563212909947,-32.16496799999992
198.631767,14,105.533,255,0.0399805,-20.201606978159116,-27.17996051120385,-31.661613449999944
198.665133,14,105.529,255,0.040064,-18.934499627853715,-27.002637258519332,-31.172801549999903
198.6985,14,105.525,255,0.0588672,-19.831540476609852,-28.956770101527756,-30.683974999999897
198.731867,14,105.614,255,0.775847,-20.73076574377705,-28.26838354718045,-30.235938210000022
198.765233,14,105.616,255,0.022385,-23.172537247644186,-29.32589645727263,-29.789834790000114
198.7986,14,105.613,255,0.0744553,-19.11171976379304,-26.514596201706045,-29.343718000000237
198.831967,14,105.609,255,0.0468967,-18.75631351657055,-26.586535191627952,-29.123288230000114
198.865333,14,105.609,255,0.0223665,-19.06217425045698,-26.460702929546546,-28.912748770000093
198.8987,14,105.601,255,0.593444,-20.40462723831453,-27.515732787418912,-28.702203000000093
198.932067,14,105.595,255,0.0315875,-22.377410906060593,-27.78945480509027,-28.983244339999867
198.965433,14,105.593,255,0.0308908,-37.94270932493234,-47.0403064116521,-29.284205659999895
198.9988,14,105.594,255,0.0337109,-26.84376560672973,-50.949229259073896,-29.585175999999898
199.032167,14,105.594,255,0.0408149,-26.421491450008453,-36.044884380680365,-29.638782109999983
199.065533,14,105.664,255,0.426278,-23.5204240627172,-32.79730212580881,-29.683158889999987
199.0989,14,105.662,255,0.0288813,-21.51880429503366,-31.14152895584238,-29.727536999999987
199.132267,14,105.663,255,0.0324295,-21.33505354842029,-28.63739820258728,-30.221071750000313
199.165633,14,105.661,255,0.0351812,-20.714050117423636,-27.990356902686045,-30.729903250000355
199.199,14,105.66,255,0.128963,-19.404348631246293,-26.983060673619963,-31.238750000000362
199.232367,14,105.677,254,0.31402,-21.69044155857525,-31.24191397122437,-31.264357440000005
199.265733,14,105.674,255,0.0773676,-33.91332681326205,-44.771212513361974,-31.275034560000005
199.2991,14,105.667,255,0.0747211,-24.352824631034927,-35.77326101030285,-31.285712
199.332467,14,105.735,255,0.659709,-18.52443068022939,-27.380650945910123,-31.461971139999996
199.365833,14,105.689,255,0.161138,-38.00344990516578,-47.91427059728656,-31.64281486000001
199.3992,14,105.702,255,0.304127,-60.58737422522701,-67.61699401162434,-31.823664000000008
199.432567,14,105.7,255,0.0233073,-37.421632591102984,-51.58717224801952,-31.85665896
199.465933,14,105.698,255,0.0299056,-39.273076634480724,-49.183521172119846,-31.886021040000003
199.4993,14,105.697,255,0.0139562,-21.907795432802143,-29.876076368066713,-31.915384000000007
199.532667,14,105.696,255,0.0815506,-19.13791054985325,-26.897979913610392,-32.252143430000054
199.566033,14,105.602,255,0.388878,-23.315857519010294,-33.060552037642545,-32.59547957000009
199.5994,14,105.597,255,0.0557422,-27.881397408199486,-37.22758401542701,-32.938826000000084
199.632767,14,105.591,255,0.101939,-37.82581026114434,-48.82487075558762,-33.215655420000076
199.666133,14,105.589,255,0.0236209,-30.125161247927423,-41.13156391150021,-33.49125858000009
199.6995,14,105.584,255,0.0625054,-26.3036262888482,-37.49523246069464,-33.7668700000001
199.732867,14,105.616,255,0.361875,-27.775116376600337,-39.23637594389059,-33.59713356999998
199.766233,14,105.616,255,0.022679,-21.648210605137557,-29.76006946329823,-33.42062743000002
199.7996,14,105.618,255,0.0351454,-24.761068728308405,-33.10875637561551,-33.24411600000007
199.832967,14,105.616,255,0.0417632,-24.74332032802168,-35.44001904396753,-34.2474934999996
199.866333,14,105.618,255,0.0736046,-27.677739217971606,-37.1929629368576,-35.26515649999969
199.8997,14,105.631,255,0.346487,-27.897725610715007,-37.3481054363928,-36.2828499999997
199.933067,14,105.628,255,0.02773,-28.714897885857198,-37.314221520601784,-36.53239708999993
199.966433,14,105.629,255,0.0730349,-39.82563187306349,-45.52496938314105,-36.77496790999995
199.9998,14,105.629,255,0.0125391,-50.41729323072032,-58.99941304415411,-37.01754599999995
200.033167,14,105.629,255,0.0223926,-59.85083817286989,-67.30496803074884,-38.22826881999977
200.066533,14,105.64,255,0.201257,-59.478603918858084,-68.1490686449163,-39.44479317999987
200.0999,14,105.637,255,0.0242155,-63.07577134602064,-69.87755928372543,-40.661353999999875
200.133267,14,105.637,255,0.0244227,-57.476760447990564,-63.63443952627249,-42.36926840999984
200.166633,14,105.635,255,0.07514,-61.74188275400749,-68.5359048641627,-44.07860858999999
200.2,14,105.637,255,0.118786,-58.88659175357527,-64.43074845118022,-45.788
200.233367,14,105.586,255,0.380786,-53.116364407241036,-62.79684707162327,-51.908842479998306
200.266733,14,105.583,255,0.021429,-52.31489953321053,-60.57078033056738,-58.02950151999708
200.3001,14,105.673,255,0.659807,-52.433264448836795,-59.44260056757176,-64.1141230000045
200.333467,14,105.644,255,0.0799685,-50.926627602169475,-59.92853322374005,-58.14910440999936
200.366833,14,105.641,255,0.0146213,-53.585799224542484,-62.30493433531241,-52.18426458999886
200.4002,14,105.639,255,0.377214,-56.659958509210405,-67.43154164927522,-46.230195999999175
200.433567,14,105.634,255,0.0528939,-53.15750856039997,-62.438089162706454,-42.09202065999914
200.466933,14,105.633,255,0.0452669,-28.203333505546507,-39.00381608085243,-37.9539693399988
200.5003,14,105.63,255,0.0176139,-21.13623957038296,-29.774309762339197,-33.84162099999962
200.533667,14,105.625,255,0.0580067,-17.54868610349791,-25.668845489735492,-32.57601068999961
200.567033,14,105.589,255,0.371194,-20.03069893517078,-27.733544961749768,-31.310438309999505
200.6004,14,105.587,255,0.0232161,-17.122487940563957,-25.998569496624626,-30.053271999999776
200.633767,14,105.584,255,0.0354937,-16.9591096854642,-26.017362404538282,-29.492039059999772
200.667133,14,105.577,255,0.103454,-17.413410396644196,-27.44211197028255,-28.930822939999725
200.7005,14,105.566,255,0.0897765,-18.010166587540184,-26.914293040172417,-28.37619999999994
200.733867,14,105.556,255,0.709294,-16.81760703065529,-25.460069788881583,-28.256078799999973
200.767233,14,105.554,255,0.0200282,-18.36025144546036,-28.30524219378476,-28.135961199999997
200.8006,14,105.552,255,0.0258496,-21.46625120919781,-33.1889641906824,-28.01959599999998
200.833967,14,105.551,255,0.0103244,-35.18436898888478,-51.88111790042818,-28.10835221999998
200.867333,14,105.548,255,0.0738184,-20.111745169775155,-28.871051757191843,-28.197105779999983
200.9007,14,105.447,255,1.10918,-20.191851103126705,-26.568792598321608,-28.28788499999997
200.934067,14,105.446,255,0.0133051,-21.029780561169524,-28.357173463765186,-28.47307184999997
200.967433,14,105.446,255,0.0637793,-24.61319356550882,-32.60980868649519,-28.658253149999986
201.0008,14,105.446,255,0.0107096,-22.442477436486886,-28.97754143278418,-28.85227999999997
201.034167,14,105.445,255,0.0515137,-18.27259289860783,-25.444372943748956,-29.406172199999972
201.067533,14,105.326,254,1.28298,-20.762754115642778,-29.00255819762836,-29.96004780000002
201.1009,14,105.326,255,0.0143077,-25.475275146674452,-33.06500213936186,-30.502753000000006
201.134267,14,105.325,254,0.0105328,-29.988504503727167,-39.5772672826611,-30.641893390000007
201.167633,14,105.327,254,0.0237533,-33.2120362574872,-43.29341030094039,-30.78102961000002
201.201,14,105.325,255,0.139018,-40.53469735858684,-51.06846877512551,-30.91998000000002
201.234367,14,105.356,255,1.47997,-52.156764379740494,-62.94612224417496,-31.052780659999982
201.267733,14,105.425,255,0.725386,-19.683378696245928,-31.236385803122797,-31.185577339999956
201.3011,14,105.399,255,0.0884115,-21.39378703276508,-29.761611953499408,-31.34280899999947
201.334467,14,105.399,255,0.0110156,-22.03500916279935,-29.21214943547555,-32.21669072999948
201.367833,14,105.398,255,0.0266461,-23.21392477819426,-30.286079920408376,-33.09054626999955
201.4012,14,105.345,255,1.26238,-34.40389731299001,-44.668667777153615,-33.89924400000048
201.434567,14,105.342,255,0.0248524,-31.165251857798154,-45.34339107163867,-32.960630290000466
201.467933,14,105.34,255,0.0240972,-23.013205050532537,-32.96935748601059,-32.022044710000394
201.5013,14,105.337,255,0.0473307,-20.834708797599415,-28.645004487388903,-31.08942400000032
201.534667,14,105.339,255,0.0383757,-21.37176946181976,-28.152383142876083,-30.304632159999645
201.568033,14,105.327,255,0.959174,-17.893928013123894,-25.929311142120305,-29.51986383999958
201.6014,14,105.324,255,0.0735059,-16.043602010030988,-25.945671056396062,-28.747307999999734
201.634767,14,105.323,255,0.0344282,-16.78323531555447,-28.52291493831073,-28.254143739999726
201.668133,14,105.318,255,0.0549436,-16.89124709267344,-24.24864470885433,-27.760994259999688
201.7015,14,105.31,255,0.151825,-19.864934974734965,-28.1967569574854,-27.259669999999574
201.734867,14,105.308,255,0.694576,-20.86503923344108,-30.25151593587395,-26.584989259999762
201.768233,14,105.3,255,0.0428027,-9.675879238677947,-21.794617492826767,-25.910328739999898
201.8016,14,105.298,255,0.0543359,-11.751488285895192,-21.201182466741724,-25.27748799999998
201.834967,14,105.294,255,0.0763715,-8.483693086769108,-21.660902425961808,-25.475354309999982
201.868333,14,105.293,255,0.0691037,-12.67316380860607,-27.738318890031465,-25.67321469
201.9017,14,105.289,255,0.6669,-20.07352747448187,-33.576160429196975,-25.871879999999997
201.935067,14,105.284,255,0.0446984,-38.75046982451136,-49.30926522853366,-26.0854288
201.968433,14,105.283,255,0.0393945,-31.117682145688253,-43.13673006173409,-26.298971200000018
202.0018,14,105.279,255,0.046428,-42.02807104743651,-53.581187918293786,-26.52468800000004
202.035167,14,105.278,255,0.0661447,-32.44821479023257,-41.189172093659415,-26.963797720000045
202.068533,14,105.275,255,0.539223,-19.46801894712418,-25.75579950171094,-27.40289428000008
202.1019,14,105.269,255,0.0522081,-23.20456926081714,-30.020621485398646,-27.89214500000025
202.135267,14,105.268,255,0.0426823,-23.661542915814973,-30.62472214596428,-29.21180985000026
202.168633,14,105.263,255,0.051582,-24.02547688290515,-31.688213992547393,-30.53143515000037
202.202,14,105.256,255,0.146338,-25.85118058966881,-32.17707143029864,-31.749879999999898
202.235367,12,105.166,255,0.988993,-24.46256394745287,-30.609068826607068,-31.380840980000002
202.268733,12,105.167,255,0.0741341,-23.87067569766563,-29.96764128649077,-31.011813020000076
202.3021,13,105.171,255,0.0893555,-23.447529016453554,-30.14788720887835,-30.655815000000075
202.335467,13,105.172,255,0.0259918,-23.964338629980823,-30.804742284897763,-30.493985050000074
202.368833,13,105.171,255,0.0754774,-21.503561576008998,-27.971293592415506,-30.33215995000006
202.4022,13,105.181,255,0.366467,-21.287056833223957,-27.6566068283022,-30.183881999999986
202.435567,13,105.18,255,0.0675857,-21.47237968555783,-27.507939729573916,-30.227592769999987
202.468933,13,105.178,255,0.025332,-22.93119203712354,-27.8913806278239,-30.27130222999999
202.5023,13,105.182,255,0.0994889,-22.66783864238565,-27.93137342061588,-30.329548999999933
202.535667,13,105.181,255,0.0156554,-25.259795421953037,-34.41180366531774,-30.584139209999936
202.569033,13,105.236,255,0.300482,-40.13741842919341,-50.19048784024571,-30.838721789999955
202.6024,13,105.235,255,0.0211426,-53.0351909681214,-61.391122502762,-31.024504000000114
202.635767,13,105.236,255,0.0292947,-55.29635934772582,-63.549949546713755,-30.32246232000011
202.669133,13,105.237,255,0.0653592,-24.336829212066316,-37.77455174349676,-29.62044168000005
202.7025,13,105.242,255,0.162397,-18.619353373740186,-26.601137814981573,-28.94545000000003
202.735867,13,105.216,255,0.262393,-18.38407512370509,-24.70233514015845,-28.604439259999833
202.769233,13,105.212,255,0.0278147,-18.19381621380008,-23.943797264941367,-28.263438739999902
202.8026,13,105.211,255,0.0300911,-18.54404574893387,-24.403880824028967,-27.942942
202.835967,13,105.211,255,0.0100445,-18.796485729948817,-24.805393147283407,-27.865196889999996
202.869333,13,105.211,255,0.0286382,-19.214455157831175,-25.04066091243685,-27.78745410999999
202.9027,13,105.237,255,0.294214,-20.15048826699201,-26.634212031876096,-27.715919
202.936067,13,105.236,255,0.0830143,-23.686903796516955,-30.765530210239945,-27.71491799
202.969433,13,105.235,255,0.0232378,-27.50448489762829,-32.97104289819126,-27.71391701
203.0028,14,105.235,255,0.0658995,-29.066876423522018,-34.56904317854951,-27.78042400000019
203.036167,14,105.238,255,0.0270399,-31.89201682975514,-39.3627010885907,-28.583901360000194
203.069533,14,105.29,255,1.04047,-45.798217024377756,-56.089625517651335,-29.38735464000026
203.1029,14,105.286,255,0.0397211,-53.27725879033386,-62.727649504827525,-30.14002400000007
203.136267,14,105.283,255,0.0390299,-50.98575959935352,-58.46280584418554,-30.358911520000074
203.169633,14,105.284,255,0.0478396,-51.08780191347046,-59.222551433954685,-30.577792480000095
203.203,14,105.246,255,0.764814,-42.406611843887134,-55.300843914058625,-30.66482999999949
203.236367,14,105.071,255,1.10666,-18.113813268773498,-27.786551550764955,-29.417237869999834
203.269733,14,105.065,255,0.0361599,-16.33485323034746,-22.743645616088152,-28.169683130000085
203.3031,14,105.061,255,0.0376888,-15.89691996681359,-21.780158807115434,-27.008147000000104
203.336467,14,105.062,255,0.0564844,-14.499847882107845,-23.137441172643438,-26.6868227900001
203.369833,14,105.064,255,0.0392166,-12.336531609355848,-21.84429809880932,-26.365508210000073
203.4032,14,105.081,255,0.549144,-14.403340027235426,-26.672649546993693,-26.050680000000053
203.436567,14,105.077,255,0.0400629,-15.41830260216573,-26.70891963690045,-25.797090800000053
203.469933,14,105.077,255,0.0432823,-18.52732675601381,-26.74037375816838,-25.54350920000003
203.5033,14,105.077,255,0.0276367,-18.198765639384757,-25.600517534664768,-25.343841999999967
203.536667,14,105.077,255,0.0583073,-19.790765382832916,-27.072631814745645,-25.63546957999997
203.570033,14,105.058,255,0.400581,-21.182028693995132,-27.79664878844952,-25.927088419999993
203.6034,14,105.06,255,0.0906098,-25.691012103874748,-32.96842856480368,-26.280119999999982
203.636767,14,105.061,254,0.080982,-43.72068892766953,-55.271256525802826,-27.17435559999999
203.670133,14,105.07,254,0.0914258,-56.67925069757388,-64.70867372419747,-28.068564400000064
203.7035,14,105.07,253,0.0630686,-35.919960214784865,-48.790778040828776,-28.88401500000001
203.736867,14,105.095,255,0.497748,-36.163123365709176,-48.120726541203986,-29.027159429999966
203.770233,14,105.094,255,0.025676,-17.582667787469294,-25.407355198759166,-29.170299569999937
203.8036,14,105.095,255,0.031926,-20.524342816384458,-29.634732620175843,-29.284284000000085
203.836967,14,105.098,255,0.0555208,-28.88890881240429,-36.50782344424077,-29.157155730000085
203.870333,14,105.098,255,0.0605349,-16.316105659510587,-24.37991340348803,-29.030031270000073
203.9037,14,105.065,255,0.697604,-17.86136677218323,-25.16275833623895,-28.86120400000029
203.937067,14,105.066,255,0.0219553,-20.022170671042307,-26.43731593325232,-28.358029639999856
203.970433,14,105.064,255,0.023597,-19.50868300295347,-25.968481852762245,-27.85487035999981
204.0038,14,105.066,255,0.0746929,-19.95445053707709,-25.1005735743414,-27.41181200000001
204.037167,14,105.064,255,0.0243229,-19.633514923358188,-25.372480541086595,-27.43650358000001
204.070533,14,105.047,254,0.6829,-20.597820076497797,-26.483879125246283,-27.461194420000012
204.1039,14,105.044,255,0.0342144,-21.43097682791955,-27.470976882529914,-27.50250000000008
204.137267,14,105.043,255,0.0366374,-22.521709489641147,-29.006356580482155,-27.669335000000082
204.170633,14,105.146,255,0.668396,-25.225128434259364,-33.147161011534195,-27.836165000000097
204.204,14,105.109,254,0.156414,-24.601044398863145,-32.7970059054956,-28.05940000000035
204.237367,14,105.089,255,0.596294,-20.493209790042055,-28.099710294284257,-28.696709700000174
204.270733,14,105.088,255,0.0210286,-21.92727642164489,-31.501584355972362,-29.334000300000046
204.3041,14,105.082,255,0.0767437,-31.85602378362104,-40.53139637650521,-30.02116599999982
204.337467,14,105.08,255,0.0173448,-34.16973404861007,-42.19118437941207,-31.06421841999983
204.370833,14,105.072,255,0.0606608,-46.17914485388958,-54.193050540853385,-32.10723957999991
204.4042,14,105.12,255,0.919933,-58.31141371213514,-65.30457035348867,-33.019252
204.437567,14,105.116,255,0.0290864,-35.56800126483234,-45.86372900927709,-33.02125402
204.470933,14,105.117,255,0.0451595,-25.553223144706166,-33.68397609694017,-33.02325598
204.5043,14,105.113,255,0.0688227,-23.212446936204117,-31.722973851409016,-33.030203
204.537667,14,105.114,255,0.0696669,-21.272812689073174,-28.988580044718525,-33.07057707
204.571033,14,105.25,255,0.604545,-22.268945888815495,-29.18991083594183,-33.110949930000004
204.6044,14,105.25,255,0.0572928,-23.492082045984972,-30.14068547039814,-33.10525599999996
204.637767,14,105.25,255,0.0456999,-23.39200767113525,-30.582831649667362,-32.79627757999996
204.671133,14,105.253,255,0.0552463,-22.98144947771058,-30.083321300098437,-32.487308419999934
204.7045,14,105.252,255,0.159533,-22.974037507593525,-29.94484096793861,-32.14057499999989
204.737867,14,105.259,255,0.596598,-23.569503290161567,-31.0029824992276,-31.55164745000005
204.771233,14,105.253,255,0.0332075,-30.85189739861001,-39.91135973919282,-30.96273755000017
204.8046,14,105.251,255,0.0385688,-37.332979075675446,-47.93412328755409,-30.456149999999994
204.837967,14,105.248,255,0.069451,-19.3002141702454,-27.418638348835497,-30.464491749999993
204.871333,14,105.247,255,0.0231402,-19.193207714948663,-26.034337373364856,-30.472833249999997
204.9047,14,105.225,255,0.596146,-19.038614418721355,-26.30674836791045,-30.52939699999985
204.938067,14,105.219,255,0.0461296,-21.663991687340896,-31.449704107674545,-30.880084169999854
204.971433,14,105.218,255,0.0392318,-25.022639979982877,-36.533669931372906,-31.23076082999988
205.0048,14,105.214,255,0.0466168,-46.43707156213372,-54.03299017742463,-31.572999999999904
205.038167,14,105.217,255,0.0652485,-48.676417824823226,-57.550855610462186,-31.864961249999904
205.071533,14,105.296,255,0.285106,-52.61293607110697,-59.984971514833134,-32.15691374999993
205.1049,14,105.296,255,0.0264258,-50.14364733750603,-57.81226137885043,-32.596266999999706
205.138267,13,105.261,255,0.682005,-49.79999608311081,-57.665831405990964,-33.89190761000082
205.171633,13,105.262,255,0.0609375,-49.45913192157921,-57.882294378521244,-35.187509390000926
205.205,13,105.277,255,0.156476,-50.1646556601032,-57.031861719167004,-37.41970000000514
205.238367,13,105.23,255,0.361941,-48.84423185374667,-56.57118941864554,-44.96531338000306
205.271733,13,105.22,255,0.106571,-49.934503184870216,-57.02563719583811,-52.51070062000154
205.3051,13,105.219,255,0.108511,-51.10909963943183,-56.704751016031615,-58.888414000000004
205.338467,13,105.218,255,0.00936415,-52.22921820989965,-59.68243716752586,-58.79298438
205.371833,13,105.216,255,0.0320323,-49.15142982435564,-59.51071992012296,-58.69755761999999
205.4052,13,105.249,255,0.402062,-48.1004833235218,-57.3596371336369,-58.34883599999988
205.438567,13,105.247,255,0.0492849,-47.74172711639168,-55.592068702619194,-56.62809980999986
205.471933,13,105.247,255,0.0397352,-49.06039824064869,-56.160505283209694,-54.90741518999972
205.5053,13,105.243,255,0.0832064,-38.36314879159181,-48.999835037780656,-53.01776799999952
205.538667,13,105.244,255,0.0270117,-46.27268354232651,-53.058097736945456,-50.2336255199995
205.572033,13,105.274,255,0.252132,-36.263788154544926,-45.842152666991154,-47.44956647999927
205.6054,13,105.271,255,0.0302257,-40.25466209318643,-49.27400442195708,-44.47631599999893
205.638767,13,105.272,255,0.0318609,-31.905053296067354,-40.102055256598234,-40.523661179998896
205.672133,13,105.272,255,0.0371235,-29.123681363550922,-35.841947717352326,-36.57112481999857
205.7055,13,105.273,255,0.20049,-25.874201220831115,-31.278219956076935,-33.0650699999996
205.738867,13,105.23,255,0.256911,-20.688705518539038,-26.644506262222443,-31.821815579999942
205.772233,13,105.229,255,0.0249512,-18.352632492990992,-24.427979268737825,-30.57859842000019
205.8056,13,105.228,255,0.0303342,-17.990068681290865,-24.41345975160517,-29.466384000000176
205.838967,13,105.227,255,0.0131413,-19.65899863521264,-25.215639795527657,-29.003917380000175
205.872333,13,105.228,255,0.0581695,-20.31100011690733,-25.90159197478005,-28.541464620000134
205.9057,13,105.213,255,0.235921,-22.985917410349554,-28.656870268597352,-28.05745200000017
205.939067,13,105.211,255,0.0236903,-22.51221691337421,-28.108399030656894,-27.46885812000016
205.972433,13,105.21,255,0.0296495,-17.43905842905384,-25.291846112923817,-26.880281880000112
206.0058,13,105.211,255,0.0941526,-15.906210512586231,-22.244696238363154,-26.42062199999997
206.039167,13,105.213,255,0.0175836,-16.899333604106122,-23.455387955470197,-26.57377652999997
206.072533,13,105.232,255,0.297397,-24.343412064537205,-33.376472868364985,-26.726926469999988
206.1059,14,105.33,255,0.656802,-32.05000864835477,-48.37896699283445,-26.911055999999974
206.139267,14,105.286,255,0.162763,-22.636404097323183,-33.36439349318895,-27.239387279999978
206.172633,14,105.284,255,0.0231717,-19.3504595927628,-26.55532653876448,-27.567708720000002
206.206,14,105.265,255,0.122645,-21.152104603852237,-30.43618844611436,-27.875759999999993
206.239367,14,105.319,255,0.350949,-23.29914460485499,-34.0202914361104,-28.091310819999933
206.272733,14,105.317,255,0.017258,-23.90678214372111,-34.64327593563974,-28.30685517999989
206.3061,14,105.317,255,0.0224967,-23.67298025705443,-34.3381396412768,-28.437799000000183
206.339467,14,105.316,255,0.0354351,-24.952635644588213,-35.44298126775415,-28.19054952999997
206.372833,13,105.315,255,0.0881879,-24.6729851407141,-33.901760300084035,-27.94330746999995
206.4062,13,105.3,255,0.309794,-20.138738120235814,-31.101882055314142,-27.625935999999864
206.439567,13,105.296,255,0.0268869,-15.981986840440673,-25.203968508761157,-27.00130575999986
206.472933,13,105.296,255,0.0464377,-14.148294099798644,-20.533718953967927,-26.376694239999807
206.5063,13,105.295,255,0.0573014,-16.712050703761186,-22.077941610435378,-25.857210999999978
206.539667,14,105.293,255,0.0572483,-17.598437706792623,-22.520504512164738,-25.78947598999998
206.573033,14,105.284,255,0.466211,-19.46741792992163,-24.685682190130414,-25.721743009999972
206.6064,14,105.281,255,0.0261632,-18.656227756856033,-26.396643424834924,-25.67557600000002
206.639767,14,105.28,255,0.016875,-17.951487011531324,-27.674371917451744,-25.72028778000002
206.673133,14,105.28,255,0.02662,-21.836792780621842,-30.67956983827891,-25.76499822000002
206.7065,14,105.285,255,0.128878,-21.922979129236513,-29.066869085220425,-25.893495000000218
206.739867,14,105.272,255,0.987945,-31.65066351994865,-41.29174249299574,-26.368307410000085
206.773233,14,105.267,255,0.0370313,-31.12942170651117,-43.15033734031627,-26.843105589999993
206.8066,14,105.265,255,0.0270106,-33.62785642734778,-42.64224541989549,-27.39975799999979
206.839967,14,105.267,255,0.0468793,-24.41961938494494,-34.574653168425904,-28.288321209999797
206.873333,14,105.116,255,1.21309,-17.39132530589556,-24.379466669727858,-29.176857789999872
206.9067,14,105.11,255,0.0460927,-20.804747873481993,-30.07379164932148,-29.926998999999974
206.940067,14,105.106,255,0.0687522,-28.292796661857412,-36.95485989097486,-30.126199989999975
206.973433,14,105.105,255,0.0719054,-18.686959383959163,-28.029889494351487,-30.325395009999994
207.0068,14,105.105,255,0.0226562,-29.34913411577818,-38.213622232446355,-30.43816800000001
207.040167,14,105.126,255,1.24313,-30.030090602678932,-41.430478888432546,-30.21327442000001
207.073533,13,105.1,255,0.707619,-18.718375310114784,-25.99953701218634,-29.988387579999987
207.1069,13,105.103,255,0.0668772,-18.67319339684808,-25.995955781931897,-29.899493000000025
207.140267,13,105.105,255,0.00942383,-22.559833228459755,-30.299072237365657,-30.33226299000003
207.173633,13,105.107,255,0.028788,-27.31954301176507,-36.56819370065033,-30.765020010000065
207.207,13,104.947,255,1.07505,-26.71933213546527,-37.37426829136635,-31.056389999999976
207.240367,13,104.94,255,0.0725933,-32.53421095935504,-43.09478321121776,-30.81514659000004
207.273733,13,104.934,255,0.0695974,-45.08647978156905,-54.143149462735394,-30.57391041000009
207.3071,13,104.933,255,0.083546,-24.978306378709206,-39.353035414006726,-30.446763999999828
207.340467,13,104.933,255,0.0800825,-17.77975681015334,-25.98318325116018,-30.74172827999983
207.373833,13,104.965,255,1.1954,-19.94381448038196,-27.765357679226963,-31.036683719999854
207.4072,13,104.964,255,0.0357042,-27.71774294023026,-38.047333164530365,-31.35166399999981
207.440567,13,104.964,255,0.0173503,-30.59338644081934,-41.42524024820666,-31.739388539999812
207.473933,13,104.963,255,0.0263596,-32.17958621937814,-42.16108393095012,-32.12710145999984
207.5073,13,104.962,255,0.0812174,-36.122610365534776,-47.948585958465934,-32.45204599999996
207.540667,13,104.931,255,0.936213,-24.109707217080064,-31.881156661884745,-32.55281434000005
207.574033,13,104.928,253,0.0375575,-23.812200530232687,-33.071313030654366,-32.65357965999997
207.6074,13,104.926,253,0.0331803,-33.96745402381822,-44.622534608265354,-32.92055200000048
207.640767,13,104.928,253,0.049566,-36.73915548204778,-48.18590304996737,-33.770743160000485
207.674133,13,104.929,251,0.0239377,-30.787006456054677,-42.76006734317693,-34.62090884000055
207.7075,13,104.909,254,0.904136,-35.19712320961331,-43.76285251288443,-35.17454999999972
207.740867,13,104.904,254,0.0311957,-21.586710537476776,-30.047224044485418,-34.70540997999985
207.774233,13,104.903,254,0.0370106,-21.824994673478127,-30.536242560137772,-34.23628401999994
207.8076,13,104.904,254,0.07486,-22.6331334718054,-30.812425043407806,-33.87248
207.840967,13,104.906,254,0.0726237,-21.813245922002498,-31.242049727103108,-33.8658066
207.874333,13,104.913,253,0.733091,-23.541334229690893,-31.7395542162842,-33.8591334
207.9077,13,104.906,252,0.0452246,-24.391326811287055,-33.327613245289086,-33.861007
207.941067,13,104.904,253,0.0176421,-24.88479441330325,-33.39891918619031,-33.89137097
207.974433,13,104.906,252,0.0377333,-27.75762724843008,-34.58013313687081,-33.92173403
208.0078,13,104.903,252,0.0795638,-36.1541102157233,-43.61704216270716,-34.102872000000076
208.041167,14,104.967,246,1.08914,-47.73196413199835,-57.306010139592196,-34.778220080000075
208.074533,14,104.937,247,0.110122,-43.6111739139333,-54.78811759906878,-35.45354792000013
208.1079,14,104.934,247,0.0212207,-39.93881920967884,-50.68198533581972,-36.30451300000029
208.141267,14,104.933,249,0.0317936,-46.096880559602326,-53.462864604181355,-37.721609490000304
208.174633,14,104.922,251,0.0636882,-45.95069873604292,-53.56033233623899,-39.13866351000043
208.208,14,104.991,251,0.259641,-45.988534422678285,-54.91559943922558,-41.04568000000083
208.241367,14,104.98,251,0.0859744,-46.24700569310471,-54.56661101242206,-44.50617156999987
208.274733,14,104.975,251,0.0719553,-46.34185535527114,-54.232282213284606,-47.96655942999918
208.3081,14,104.974,251,0.0180642,-42.1506137432614,-51.51982643922546,-50.79589899999962
208.341467,14,104.968,249,0.0496506,-41.78146249498453,-50.433456149714274,-51.65643392999962
208.374833,14,104.912,249,0.182204,-42.455621676839186,-51.63711350363263,-52.51694306999969
208.4082,14,104.906,249,0.0338509,-43.64322738046907,-52.68464733631635,-52.92811800000033
208.441567,14,104.9,249,0.099834,-47.1963523465052,-54.37107133220783,-51.960141330000326
208.474933,14,104.898,249,0.0354829,-46.37274531433392,-54.689595766287795,-50.99219367000025
208.5083,14,104.894,249,0.0248589,-47.39395047639752,-57.190978688838086,-50.12497900000014
208.541667,14,104.885,250,0.349206,-34.44547268594783,-44.38671692547264,-49.56207771000014
208.575033,14,104.884,251,0.0361545,-33.466631785543534,-42.202122497257704,-48.999193290000086
208.6084,14,104.883,249,0.0284049,-34.49351779792803,-42.276940368753934,-48.557000000000016
208.641767,14,104.883,249,0.0394748,-36.43585037069304,-44.99791307832911,-48.47358250000001
208.675133,14,104.881,250,0.0878353,-40.60313211568352,-48.58574091759633,-48.390167500000004
208.7085,14,104.874,250,0.364568,-41.19022237196113,-47.70371680495183,-48.29000500000002
208.741867,14,104.871,250,0.0596474,-38.77973193990773,-48.21081556173364,-48.14085450999993
208.775233,14,104.87,250,0.0117372,-39.77693892251326,-48.299743591195494,-47.99170849000009
208.8086,14,104.869,251,0.0263672,-40.984623274913346,-48.67040805901302,-46.972667999999814
208.841967,14,104.871,250,0.0624729,-40.54329249688414,-48.58006401143873,-43.44844545999979
208.875333,14,104.865,250,0.420981,-38.68106914525845,-48.373053795803706,-39.92432853999949
208.9087,14,104.862,250,0.0385189,-28.063672959216643,-39.55657610476487,-36.76715899999968
208.942067,14,104.861,250,0.0684527,-20.815342475038705,-29.504150607087638,-34.650690189999665
208.975433,14,104.859,250,0.0119824,-19.143004038391105,-27.996350800590513,-32.534284809999484
209.0088,13,104.948,250,0.636811,-16.358298392443672,-25.204436939061605,-30.85411999999988
209.042167,13,104.927,250,0.701621,-17.281850087423543,-25.32230612412693,-30.39198704999988
209.075533,13,104.923,250,0.0384364,-18.37510592260914,-26.847036383913235,-29.929867949999842
209.1089,13,104.921,250,0.0152148,-19.735956288614126,-26.929730988327375,-29.570262999999972
209.142267,13,104.918,250,0.0172472,-19.305818459710558,-26.972624261145754,-29.492517889999974
209.175633,13,104.916,250,0.07199,-32.44137664357473,-41.58370579150647,-29.414775109999965
209.209,13,104.876,253,0.556442,-29.483616647119682,-40.079780367928244,-29.251619999999853
209.242367,13,104.867,253,0.0822591,-27.265793435549448,-38.60043816612031,-28.857222059999962
209.275733,13,104.864,251,0.0838639,-28.444366606244046,-40.46598245403857,-28.46283594000004
209.3091,13,104.862,251,0.00634766,-16.6170572960533,-24.941340027233355,-28.25380499999991
209.342467,13,104.863,251,0.0315571,-18.94909342652281,-25.831208588947142,-28.539092849999914
209.375833,13,104.873,250,0.822187,-21.02041673019594,-28.344665262773557,-28.824372149999938
209.4092,13,104.869,250,0.036212,-22.46270544128818,-29.75287627816076,-29.049767999999986
209.442567,13,104.868,250,0.0435211,-21.813300570639214,-29.55975133280268,-29.117836679999986
209.475933,13,104.867,251,0.0574197,-15.51687424244177,-25.580687772043365,-29.18590331999999
209.5093,13,104.869,251,0.0544227,-15.971925437095102,-26.17786394253271,-29.200311000000013
209.542667,13,104.907,249,0.908035,-25.74451207813565,-34.358281971915645,-29.075852090000012
209.576033,13,104.901,248,0.0440755,-31.665979631105703,-47.687315091122144,-28.95139691
209.6094,13,104.9,249,0.0323535,-38.50144892654572,-48.46590808390756,-28.95506
209.642767,13,104.895,248,0.0608518,-20.803784759152446,-29.70950135677101,-29.285393300000003
209.676133,13,104.897,248,0.0222504,-19.876938651526334,-27.69871884938891,-29.61571670000003
209.7095,13,104.847,250,0.994696,-19.646058009091085,-27.304927582097047,-29.929330000000004
209.742867,13,104.842,253,0.0533854,-26.40290715674769,-37.1187041940138,-30.20093737999993
209.776233,13,104.836,252,0.0726747,-16.728412143624887,-27.918353142076782,-30.472536619999875
209.8096,13,104.836,250,0.0450608,-17.691245587776173,-29.229009000049032,-30.66983999999999
209.842967,13,104.834,250,0.0536458,-25.24683381699574,-31.847579855997143,-30.68318679999999
209.876333,13,104.87,250,0.892887,-25.402758067501555,-32.077131306567466,-30.696533199999994
209.9097,13,104.865,252,0.0405675,-20.4742102176912,-28.625079792856262,-30.72074399999997
209.943067,13,104.865,252,0.035319,-18.418806261743416,-28.47795043189554,-30.771461840000015
209.976433,13,104.844,251,0.635233,-28.1976619905165,-36.72752493014474,-30.822178159999975
210.0098,13,104.842,251,0.0667741,-30.024531311799624,-38.06548750135707,-30.918956000000083
210.043167,13,104.72,253,0.948896,-21.62359849824225,-30.372464773730023,-31.126498740000084
210.076533,13,104.715,251,0.0559429,-22.109299360456852,-29.980440298397465,-31.334035260000103
210.1099,13,104.717,251,0.0379601,-21.224081563493023,-29.984726074813203,-31.53385600000009
210.143267,13,104.714,251,0.0315267,-22.542145186650952,-31.96005967179253,-31.71537248000009
210.176633,13,104.718,250,0.0751074,-19.78153104739542,-30.62516443411871,-31.896883520000106
210.21,13,104.718,249,0.965297,-23.70308188989412,-33.80239111929359,-32.06380000000007
210.243367,13,104.716,249,0.0364475,-25.57327182023078,-35.642442735526174,-32.19660066000003
210.276733,13,104.71,250,0.0873416,-40.817390472205595,-50.12980233458458,-32.32939734
210.3101,13,104.708,250,0.0141385,-20.71922081291859,-30.022848035719296,-32.458965999999975
210.343467,13,104.708,250,0.0213835,-18.256282422986374,-29.674389784756613,-32.58108921999998
210.376833,13,104.711,251,0.76984,-20.724179692260115,-31.338228072047208,-32.70320877999999
210.4102,13,104.705,252,0.0419575,-22.151443150371783,-31.610101704275667,-32.917947999999974
210.443567,13,104.704,252,0.0413639,-25.877042167350563,-33.52372434374357,-33.34304357999998
210.476933,13,104.701,251,0.0715289,-31.370728567477258,-40.566973815168616,-33.768126420000016
210.5103,13,104.699,251,0.0688379,-30.07584169104316,-40.20171302864171,-33.98897299999999
210.543667,13,104.592,249,0.626527,-30.563120480241622,-40.14246771265187,-33.75240096999999
210.577033,13,104.581,249,0.048418,-32.64305423976931,-40.9930127387146,-33.51583602999997
210.6104,13,104.577,251,0.0214236,-19.010827744902056,-30.47052695556178,-33.471976000000055
210.643767,13,104.575,251,0.0330664,-20.761216265082723,-32.58140533736499,-33.85369448000006
210.677133,13,104.572,251,0.0784787,-21.289915746544377,-31.751528524681053,-34.23540152000009
210.7105,13,104.664,249,0.535342,-25.943673083809767,-33.799067424299444,-34.59433500000005
210.743867,13,104.653,251,0.0818837,-25.842922431022142,-34.87282787751305,-34.903647089999964
210.777233,13,104.65,248,0.0562001,-25.622201590981824,-34.06393983725528,-35.2129499099999
210.8106,13,104.651,248,0.00706706,-27.44391362930542,-35.50967135452017,-35.47275999999992
210.843967,13,104.652,251,0.0253548,-37.3126818304096,-45.14621721214818,-35.62624819999992
210.877333,13,104.645,250,0.46494,-41.74504023386294,-48.46496552074244,-35.77973179999994
210.9107,13,104.641,253,0.0453548,-45.3932339727196,-51.22733610574674,-36.30472399999946
210.944067,13,104.743,249,0.666196,-45.49368432077076,-51.47515833581788,-37.61671443999948
210.977433,13,104.712,249,0.0807715,-44.49704713743556,-52.67862299203224,-38.92866555999959
211.0108,13,104.71,249,0.0183702,-39.08662230215907,-49.71174986471556,-40.374899999999464
211.044167,13,104.751,249,0.266689,-42.36129790615728,-52.26276075916185,-42.10164224999948
211.077533,13,104.745,253,0.0282346,-46.69948891412276,-55.85792075657451,-43.828332749999625
211.1109,13,104.741,253,0.0342535,-45.75593148847036,-57.6811927775369,-44.43891500000036
211.144267,13,104.728,253,0.0616341,-37.564793679931846,-46.91498960042871,-42.7488764499989
211.177633,13,104.725,253,0.0176997,-38.686431085778224,-46.26853473816418,-41.058888550000205
211.211,13,104.689,247,0.144314,-35.32809878075284,-45.42881588168233,-39.4663099999991
211.244367,13,104.686,247,0.0161914,-23.483320451647728,-33.30416550546107,-38.071903069999486
211.277733,13,104.681,247,0.0253635,-20.13226812295502,-29.775992509351696,-36.677537929999765
211.3111,14,104.67,247,0.0911903,-20.74498881718519,-28.871517151127776,-35.60336600000001
211.344467,14,104.638,247,0.044337,-24.56721932569358,-31.9310494182261,-35.17159702
211.377833,14,104.313,247,0.410082,-27.488510839920785,-33.64552555402705,-34.73984097999997
211.4112,14,104.275,247,0.133455,-29.570370472226486,-36.92525833286471,-34.28275999999996
211.444567,14,104.117,247,0.336214,-26.57302733187779,-35.492900703416964,-33.77558159999995
211.477933,14,103.714,245,0.557808,-21.91540517924467,-29.653833436580634,-33.26841839999991
211.5113,14,103.006,244,0.831146,-22.249599210659525,-30.93968903684403,-32.926106999999995
211.544667,13,101.984,244,1.12326,-24.104716775476156,-32.16768886209808,-32.905753129999994
211.578033,13,101.928,244,0.236157,-24.365435356490114,-32.484976036563104,-32.88539986999999
211.6114,13,101.531,242,0.59196,-27.185174669072833,-33.664136654401496,-32.54801199999973
211.644767,11,100.278,240,1.37596,-26.27210389982631,-34.02478712670509,-31.59972185999972
211.678133,11,99.7056,240,0.704681,-21.79605699118402,-30.580281160022743,-30.651460139999642
211.7115,10,97.9203,234,1.89119,-16.3590146173531,-25.102521918998235,-29.871874999999868
211.744867,10,97.855,234,0.0952582,-16.687870022311827,-25.785218911409025,-29.413078749999993
211.778233,9,96.764,232,1.17613,-18.50275472554176,-26.121003964702393,-28.954296250000088
211.8116,9,95.7529,231,1.10437,-20.480199271210047,-26.52073544342361,-28.5602280000001
211.844967,10,93.594,227,2.23953,-20.971556194721916,-26.579950198049854,-28.2876196100001
211.878333,10,92.9304,226,0.733172,-20.521643959501272,-26.512664891065924,-28.015019390000077
211.9117,9,91.8278,226,1.74958,-19.53466245211645,-26.78762775066798,-27.783829000000043
211.945067,8,91.0607,225,0.850875,-19.585429492734555,-26.793798476985096,-27.62933979000004
211.978433,7,88.9773,217,2.16325,-21.354863149533983,-27.112172574134373,-27.474855210000026
212.0118,7,87.6928,216,1.35505,-21.981785971547286,-27.994654683776357,-27.445327999999968
212.045167,4,85.6529,208,2.10978,-21.835733380254876,-28.58653881732441,-27.64419531999997
212.078533,7,85.6118,208,0.0764887,-22.728536632823136,-29.73292663389991,-27.843056679999986
212.1119,7,83.9244,207,1.80146,-25.122942093374018,-32.99869550217809,-27.994323999999995
212.145267,6,82.1227,201,1.86634,-16.951765496554977,-27.459567373929612,-28.059723319999996
212.178633,5,80.0437,196,2.16916,-16.105860572774624,-24.282201568555664,-28.125120680000002
212.212,4,77.8946,194,2.24923,-17.124157209956316,-25.400853891154316,-28.27163999999998
212.245367,6,77.6632,190,0.413702,-17.79715504124869,-25.01352766626034,-28.562600239999902
212.278733,5,75.9951,184,1.74762,-20.402043372377296,-29.122209603991976,-28.853551759999842
212.3121,6,73.9966,183,2.08785,-22.64570651335651,-29.451510914968203,-29.026174000000026
212.345467,5,71.8157,174,2.2601,-22.87297411573505,-31.58886157868058,-28.990804979999997
212.378833,2,69.8968,174,2.01635,-22.044438049404302,-30.009333399363626,-28.955437020000023
212.4122,1,69.8165,174,0.170927,-21.253443826980586,-28.221727482210085,-28.971674000000025
212.445567,3,67.2056,165,2.69686,-20.521189319865734,-27.646761672822773,-29.077447390000025
212.478933,5,65.1992,159,2.06985,-21.491291270285934,-28.168733283551834,-29.183217610000035
212.5123,7,63.1751,154,2.10239,-20.816921537967126,-27.83181460724621,-29.26143900000001
212.545667,5,60.6996,151,2.54235,-21.140349529367384,-27.70306446824155,-29.29247031000001
212.579033,5,60.6558,151,0.0747352,-21.174165321645763,-28.625931758976222,-29.323500690000014
212.6124,8,58.3372,142,2.38828,-19.473462339755226,-28.14895393170196,-29.32551599999998
212.645767,8,56.1996,137,2.19198,-18.294315910283693,-27.43253908165356,-29.27846852999998
212.679133,7,54.2151,123,2.05174,-19.039055084798527,-27.567468381896816,-29.231422469999977
212.7125,5,51.9976,112,2.29732,-19.83935146995433,-28.013573686088044,-29.291500000000102
212.745867,6,51.9616,112,0.0832628,-23.187566500913913,-30.918759091408287,-29.530407720000035
212.779233,9,49.3649,102,2.64159,-25.04499624464506,-31.59502219406535,-29.769308279999986
212.8126,8,47.3913,91,2.02795,-23.964235737448725,-32.38146202714088,-30.07108999999991
212.845967,8,45.1794,79,2.25589,-23.737029604134392,-32.05343683279427,-30.476499049999912
212.879333,14,43.0118,69,2.21228,-23.34970807847,-31.594690211503323,-30.881895949999947
212.9127,14,43.0111,69,0.0034082,-24.46065920897231,-32.66278008747025,-31.320070999999942
212.946067,14,40.5303,60,2.48515,-26.978546359583888,-35.66860028659863,-31.811566909999947
212.979433,14,39.1546,55,1.65159,-29.92950724652046,-39.30107548952274,-32.30304808999999
213.0128,14,34.1926,44,4.96986,-25.499670556974717,-34.94262311639073,-32.683312
213.046167,14,34.193,43,0.00117187,-22.425905604274686,-31.1545827261995,-32.88484868
213.079533,14,34.193,43,0.0,-21.918865546076848,-30.015737768631983,-33.08637932000001
213.1129,14,34.193,43,0.0,-22.2021918314814,-31.743830980967633,-33.30223500000002
213.146267,14,34.193,43,0.0,-24.50990132258393,-32.311774065903776,-33.54080905000002
213.179633,14,34.193,43,0.0,-26.264873397365264,-34.482157076501025,-33.77937595000004
213.213,14,34.193,43,0.0,-28.467317401143706,-35.98873641961189,
213.246367,14,34.193,43,0.0,-28.264849138611506,-36.057890938311544,
213.279733,14,34.193,43,0.0,-24.295304017436948,-34.346314382394866,
